"taxon_id"	"taxon_rank"	"scientific_name"	"assembly_id"	"contig_count"	"scaffold_count"	"chromosome_count"	"gc_percent"	"gene_count"	"assembly_level"	"assembly_span"	"contig_n50"	"scaffold_n50"	"busco_completeness"
"10116"	"species"	"Rattus norvegicus"	"GCA_015227675.2"	756	175	22	41.980000000000004		"Chromosome"	2647899415	29198295	135012528	96
"10116"	"species"	"Rattus norvegicus"	"GCA_015244455.1"	3162	3156		41		"Scaffold"	286931382	100340	100349	
"223781"	"subspecies"	"Aquila chrysaetos chrysaetos"	"GCA_900496995.4"	372	144	28	42.17		"Chromosome"	1233704830	21924221	46934974	97.4
"8032"	"species"	"Salmo trutta"	"GCA_901001165.2"	5377	1440	40	42.04		"Chromosome"	2371863509	1703178	52209666	97.5
"177155"	"species"	"Streptopelia turtur"	"GCA_901699155.2"	1246	311	33	41.71		"Chromosome"	1178816852	3790373	81365208	95.7
"177155"	"species"	"Streptopelia turtur"	"GCA_901699165.2"	3334	3334		41.5		"Contig"	1035330184	776317	776317	
"161584"	"species"	"Syngnathus acus"	"GCA_901709675.2"	130	87	22	43.46		"Chromosome"	324331233	11959915	14974571	94.80000000000001
"161584"	"species"	"Syngnathus acus"	"GCA_901709685.1"	1850	1848		43.29		"Scaffold"	234858432	169498	170058	74.5
"223781"	"subspecies"	"Aquila chrysaetos chrysaetos"	"GCA_902153765.2"	3857	3855		42.5		"Scaffold"	792810001	630655	630655	
"7604"	"species"	"Asterias rubens"	"GCA_902459445.1"	3970	3969		39		"Scaffold"	390768305	161267	161267	
"7604"	"species"	"Asterias rubens"	"GCA_902459465.3"	621	150	22	38.77		"Chromosome"	417601740	1383654	20558067	97.5
"6579"	"species"	"Pecten maximus"	"GCA_902652895.1"	4	4		37		"Contig"	456686	108847	108847	
"6579"	"species"	"Pecten maximus"	"GCA_902652985.1"	5809	3983	19	36.660000000000004		"Chromosome"	918306378	1258799	44824366	95.80000000000001
"9657"	"species"	"Lutra lutra"	"GCA_902653095.1"	8506	8506		42		"Contig"	1081484062	174900	174900	
"9657"	"species"	"Lutra lutra"	"GCA_902655055.2"	228	43	20	41.59		"Chromosome"	2438442342	30403456	149004807	94.9
"30640"	"species"	"Sciurus carolinensis"	"GCA_902685475.1"	9510	9508		40		"Scaffold"	2057949030	492513	492513	
"55149"	"species"	"Sciurus vulgaris"	"GCA_902685485.1"	10657	10655		40		"Scaffold"	1366022868	192948	193053	
"30640"	"species"	"Sciurus carolinensis"	"GCA_902686445.2"	2576	752	21	40.06		"Chromosome"	2815397268	13975867	148229995	95.7
"55149"	"species"	"Sciurus vulgaris"	"GCA_902686455.2"	1807	638	21	40		"Chromosome"	2878591032	16333633	153872958	
"7830"	"species"	"Scyliorhinus canicula"	"GCA_902713615.1"	7773	645	31	47.5		"Chromosome"	4220389930	1862211	198790641	
"7830"	"species"	"Scyliorhinus canicula"	"GCA_902713615.2"	7773	645	31	46.95		"Chromosome"	4220389930	1862211	198790641	91.60000000000001
"7830"	"species"	"Scyliorhinus canicula"	"GCA_902713625.2"	26655	26649		47.5		"Scaffold"	3867000599	230697	230697	
"2795564"	"species"	"Maniola hyperantus"	"GCA_902806615.1"	3155	3149		38		"Scaffold"	362692543	178320	178320	
"2795564"	"species"	"Maniola hyperantus"	"GCA_902806685.2"	471	87	29	37.88		"Chromosome"	408137179	2012761	15230192	98
"37610"	"species"	"Erithacus rubecula"	"GCA_903797565.2"	3686	3668		41.5		"Scaffold"	912720829	602370	603216	
"37610"	"species"	"Erithacus rubecula"	"GCA_903797595.2"	2109	1119	33	42.11		"Chromosome"	1086738418	5585877	60684490	95.5
"59474"	"species"	"Pipistrellus pipistrellus"	"GCA_903992515.1"	10459	10447		42.42		"Scaffold"	1579816813	229984	230226	69.10000000000001
"1047088"	"species"	"Arvicola amphibius"	"GCA_903992525.1"	16473	16368		42		"Scaffold"	1764008884	147871	147918	
"1047088"	"species"	"Arvicola amphibius"	"GCA_903992535.2"	1085	215	18	42.15		"Chromosome"	2297766297	5392280	158924400	95.10000000000001
"59474"	"species"	"Pipistrellus pipistrellus"	"GCA_903992545.1"	1867	322	22	42.56		"Chromosome"	1763422308	4446752	94929986	88.9
"254363"	"species"	"Autographa gamma"	"GCA_905146835.1"	183	183		35.5		"Contig"	337172335	9142168	9142168	
"254363"	"species"	"Autographa gamma"	"GCA_905146925.1"	129	102	32	35.65		"Chromosome"	373051863	11185469	12167202	98.80000000000001
"219539"	"species"	"Scaeva pyrastri"	"GCA_905146935.1"	183	4	4	32.61		"Chromosome"	320029822	8651641	86161057	96.7
"938238"	"species"	"Laspeyria flexula"	"GCA_905147015.1"	56	37	31	35.09		"Chromosome"	450881683	12239498	16004308	98.7
"34682"	"species"	"Syritta pipiens"	"GCA_905147025.1"	158	158		38.5		"Contig"	314927444	7810249	7810249	
"938238"	"species"	"Laspeyria flexula"	"GCA_905147035.1"	1214	1213		35		"Scaffold"	442945434	688529	688801	
"171585"	"species"	"Nymphalis io"	"GCA_905147045.1"	51	41	31	33.7		"Chromosome"	384156914	12944774	13340570	98.80000000000001
"111881"	"species"	"Nymphalis urticae"	"GCA_905147055.1"	40	40		33.5		"Contig"	392919256	13174285	13174285	
"7116"	"species"	"Pieris brassicae"	"GCA_905147085.1"	444	442		34		"Scaffold"	264942436	2813355	2813355	
"219539"	"species"	"Scaeva pyrastri"	"GCA_905147095.1"	668	667		32.5		"Scaffold"	325217936	2652713	2652713	
"7116"	"species"	"Pieris brassicae"	"GCA_905147105.1"	430	401	16	34.12		"Chromosome"	292325833	21291167	21549451	99
"171585"	"species"	"Nymphalis io"	"GCA_905147125.1"	200	200		33.5		"Contig"	381505224	4595913	4595913	
"2561016"	"species"	"Blastobasis lacticolella"	"GCA_905147135.1"	114	44	30	39.72		"Chromosome"	577068156	11597587	20548006	97.7
"203782"	"species"	"Celastrina argiolus"	"GCA_905147145.1"	1019	912		36		"Scaffold"	473038342	1155857	1312051	
"91739"	"species"	"Aricia agestis"	"GCA_905147165.1"	248	248		37		"Contig"	434242426	3967225	3967225	
"111881"	"species"	"Nymphalis urticae"	"GCA_905147175.2"	43	34	32	33.5		"Chromosome"	392803606	12914721	13174286	
"1100916"	"species"	"Apotomis turbidana"	"GCA_905147195.1"	1444	1442		38		"Scaffold"	675155251	1023545	1023545	
"2561016"	"species"	"Blastobasis lacticolella"	"GCA_905147205.1"	435	433		39.5		"Scaffold"	539891459	3371374	3371374	
"987935"	"species"	"Euproctis similis"	"GCA_905147215.1"	333	333		36.5		"Contig"	494155770	3224485	3224485	
"987935"	"species"	"Euproctis similis"	"GCA_905147225.2"	54	29	22	36.5		"Chromosome"	507633075	21398081	24449160	
"520884"	"species"	"Erynnis tages"	"GCA_905147235.1"	110	40	31	36.88		"Chromosome"	329343411	8006790	11903105	98.30000000000001
"520884"	"species"	"Erynnis tages"	"GCA_905147245.1"	232	231		37		"Scaffold"	330807701	3235590	3235590	
"988025"	"species"	"Cyaniris semiargus"	"GCA_905147265.1"	436	434		36.5		"Scaffold"	441887936	2028856	2057646	
"987985"	"species"	"Mythimna impura"	"GCA_905147275.2"	1786	1783		39.5		"Scaffold"	960649792	9326425	9326425	
"753189"	"species"	"Hypena proboscidalis"	"GCA_905147285.1"	85	55	31	35.2		"Chromosome"	636770889	18834925	21969129	98.7
"722673"	"species"	"Hylaea fasciaria"	"GCA_905147295.1"	787	785		38.5		"Scaffold"	256092023	825097	825097	
"753189"	"species"	"Hypena proboscidalis"	"GCA_905147305.1"	507	499		35		"Scaffold"	598700299	2744547	2750955	
"270466"	"species"	"Limenitis camilla"	"GCA_905147315.1"	426	426		33.5		"Contig"	396065961	1968423	1968423	
"753204"	"species"	"Notodonta dromedarius"	"GCA_905147325.1"	167	145	31	38.56		"Chromosome"	341975702	10324145	12059830	98.9
"987985"	"species"	"Mythimna impura"	"GCA_905147345.3"	104	57	32	39		"Chromosome"	935333665	24326301	30601083	
"1100916"	"species"	"Apotomis turbidana"	"GCA_905147355.2"	109	43	28	37.980000000000004		"Chromosome"	720450266	13785672	27109628	98.30000000000001
"91739"	"species"	"Aricia agestis"	"GCA_905147365.1"	29	25	23	36.87		"Chromosome"	435265205	17774651	19030843	97.30000000000001
"722673"	"species"	"Hylaea fasciaria"	"GCA_905147375.1"	44	33	31	38.67		"Chromosome"	327919484	11053481	11686647	98.4
"270466"	"species"	"Limenitis camilla"	"GCA_905147385.1"	101	73	31	33.45		"Chromosome"	435097539	12016996	15214206	98.80000000000001
"42275"	"species"	"Vanessa atalanta"	"GCA_905147705.2"	255	252		33		"Scaffold"	345513609	5095203	5095203	
"988049"	"species"	"Xestia xanthographa"	"GCA_905147715.2"	301	59	32	38.7		"Chromosome"	933866812	9149592	31247186	98.7
"875884"	"species"	"Phlogophora meticulosa"	"GCA_905147725.1"	173	172		38		"Scaffold"	507279698	8980099	9014086	
"64459"	"species"	"Pieris rapae"	"GCA_905147735.1"	59	59		33		"Contig"	241658777	10308461	10308461	
"875884"	"species"	"Phlogophora meticulosa"	"GCA_905147745.2"	60	46	32	38		"Chromosome"	538644470	17289153	18098236	
"988049"	"species"	"Xestia xanthographa"	"GCA_905147755.2"	1033	927		38.5		"Scaffold"	878413348	2208737	2388542	
"42275"	"species"	"Vanessa atalanta"	"GCA_905147765.2"	159	141	32	32.84		"Chromosome"	370420815	12152710	12792537	98.80000000000001
"721163"	"species"	"Thyatira batis"	"GCA_905147775.1"	240	240		36		"Contig"	313021370	2448635	2448635	
"721163"	"species"	"Thyatira batis"	"GCA_905147785.2"	98	51	31	36		"Chromosome"	314783116	7458081	11052377	
"64459"	"species"	"Pieris rapae"	"GCA_905147795.1"	43	39	26	33.230000000000004		"Chromosome"	256355036	10651053	10651053	98.80000000000001
"753216"	"species"	"Phalera bucephala"	"GCA_905147805.2"	2590	2586		39.5		"Scaffold"	858026449	660869	660869	
"753216"	"species"	"Phalera bucephala"	"GCA_905147815.2"	295	116	31	39.34		"Chromosome"	933132188	8469804	34116407	98.9
"753204"	"species"	"Notodonta dromedarius"	"GCA_905147855.1"	315	308		38.5		"Scaffold"	339672555	3034062	3034062	
"1101095"	"species"	"Endotricha flammealis"	"GCA_905160925.1"	1740	1694		36.5		"Scaffold"	444101134	509714	512370	
"1101095"	"species"	"Endotricha flammealis"	"GCA_905163395.2"	289	40	32	36.77		"Chromosome"	473933762	3020129	16153102	98.7
"55057"	"species"	"Mamestra brassicae"	"GCA_905163405.1"	292	292		39		"Contig"	23004467	552583	552583	
"753202"	"species"	"Noctua fimbriata"	"GCA_905163415.1"	266	51	32	38.52		"Chromosome"	573940004	4379755	18977511	99
"753202"	"species"	"Noctua fimbriata"	"GCA_905163425.1"	1263	1263		38.5		"Contig"	530592961	753227	753227	
"55057"	"species"	"Mamestra brassicae"	"GCA_905163435.1"	69	42	31	38.31		"Chromosome"	576168760	17758554	19384296	98.9
"116150"	"species"	"Pararge aegeria"	"GCA_905163445.1"	81	70	29	35.99		"Chromosome"	516571003	19375358	19375358	98.60000000000001
"938226"	"species"	"Craniophora ligustri"	"GCA_905163465.1"	94	32	32	36.03		"Chromosome"	437978302	12212030	15030495	98.9
"116126"	"species"	"Cosmia trapezina"	"GCA_905163495.3"	266	62	32	38		"Chromosome"	825172178	7584852	28022459	
"78897"	"species"	"Lymantria monacha"	"GCA_905163515.2"	47	30	28	37.87		"Chromosome"	915653161	33489103	33870686	98.80000000000001
"78897"	"species"	"Lymantria monacha"	"GCA_905163525.1"	2033	2021		38		"Scaffold"	895530976	903702	913726	
"116150"	"species"	"Pararge aegeria"	"GCA_905163545.1"	401	401		36		"Contig"	440921836	3248925	3248925	
"1594315"	"species"	"Notocelia uddmanniana"	"GCA_905163555.1"	237	48	28	38.660000000000004		"Chromosome"	794107225	6700113	28990537	98.30000000000001
"1594315"	"species"	"Notocelia uddmanniana"	"GCA_905163575.1"	2103	2083		38.5		"Scaffold"	787875430	699156	709697	
"938226"	"species"	"Craniophora ligustri"	"GCA_905163585.1"	1204	1204		36		"Contig"	399761949	601847	601847	
"116126"	"species"	"Cosmia trapezina"	"GCA_905163595.1"	2723	2655		38		"Scaffold"	884050094	4196587	4196587	
"36212"	"species"	"Trachurus trachurus"	"GCA_905171655.2"	1123	1049		42		"Scaffold"	797027743	1575933	1647680	
"36212"	"species"	"Trachurus trachurus"	"GCA_905171665.2"	374	152	24	41.94		"Chromosome"	801227381	6490592	35447499	98.60000000000001
"8384"	"species"	"Bufo bufo"	"GCA_905171715.1"	24351	24195		44.5		"Scaffold"	3744894388	241528	243161	
"8407"	"species"	"Rana temporaria"	"GCA_905171725.1"	12033	12019		44		"Scaffold"	3686210129	547939	548370	
"8384"	"species"	"Bufo bufo"	"GCA_905171765.1"	5501	1306	11	44.410000000000004		"Chromosome"	5044744194	3959750	635713434	90.10000000000001
"8407"	"species"	"Rana temporaria"	"GCA_905171775.1"	2411	554	13	43.88		"Chromosome"	4111422596	6264810	481763206	90.7
"34682"	"species"	"Syritta pipiens"	"GCA_905187475.1"	22	6	5	38.42		"Chromosome"	318506762	28212948	86509480	97.2
"203782"	"species"	"Celastrina argiolus"	"GCA_905187575.2"	137	28	26	36		"Chromosome"	499114119	7710655	20425925	
"988025"	"species"	"Cyaniris semiargus"	"GCA_905187585.1"	34	25	24	36.51		"Chromosome"	441504031	16283616	19361588	97.2
"214277"	"species"	"Noctua pronuba"	"GCA_905220335.1"	74	49	32	38.230000000000004		"Chromosome"	529179202	16195000	17891575	98.9
"214277"	"species"	"Noctua pronuba"	"GCA_905220345.1"	224	224		38		"Contig"	487823627	14407860	14407860	
"171605"	"species"	"Vanessa cardui"	"GCA_905220355.1"	274	273		33.5		"Scaffold"	400957847	2747079	2747079	
"171605"	"species"	"Vanessa cardui"	"GCA_905220365.1"	127	36	32	33.42		"Chromosome"	424798336	7041724	14615999	98.80000000000001
"171605"	"species"	"Vanessa cardui"	"GCA_905220365.2"	127	36	32	33.5		"Chromosome"	424798336	7041724	14615999	
"631328"	"species"	"Tachina fera"	"GCA_905220375.1"	322	12	6	30.27		"Chromosome"	751720058	16231967	141997299	98.4
"374264"	"species"	"Xylota sylvarum"	"GCA_905220385.1"	182	119	5	38.17		"Chromosome"	534819879	29218644	124801819	97
"631328"	"species"	"Tachina fera"	"GCA_905220395.1"	1392	1390		30.5		"Scaffold"	737856926	2078727	2078727	
"374264"	"species"	"Xylota sylvarum"	"GCA_905220405.1"	465	464		38.5		"Scaffold"	442946703	2273631	2273631	
"72248"	"species"	"Colias croceus"	"GCA_905220415.1"	41	32	32	33.6		"Chromosome"	324897031	10749422	11204669	99
"689058"	"species"	"Amphipyra tragopoginis"	"GCA_905220425.1"	238	238		38.5		"Contig"	806994927	10315863	10315863	
"689058"	"species"	"Amphipyra tragopoginis"	"GCA_905220435.1"	54	32	31	38.35		"Chromosome"	805653278	23469271	28301216	98.80000000000001
"72248"	"species"	"Colias croceus"	"GCA_905220445.1"	196	196		33.5		"Contig"	305561395	4104204	4104204	
"644661"	"species"	"Deilephila porcellus"	"GCA_905220455.2"	35	30	29	36.34		"Chromosome"	402056583	14884985	15067504	98.80000000000001
"644661"	"species"	"Deilephila porcellus"	"GCA_905220465.1"	347	347		36.5		"Contig"	398986216	2309125	2309125	
"722662"	"species"	"Ennomos fuscantarius"	"GCA_905220475.3"	45	36	31	37.01		"Chromosome"	444910036	15530408	15884173	98.5
"722662"	"species"	"Ennomos fuscantarius"	"GCA_905220485.1"	4024	4022		37		"Scaffold"	376766614	151328	151328	
"522836"	"species"	"Laothoe populi"	"GCA_905220495.1"	1397	1395		38		"Scaffold"	532491273	762647	762647	
"522836"	"species"	"Laothoe populi"	"GCA_905220505.1"	134	32	29	38.02		"Chromosome"	576387381	6972935	21125926	98.80000000000001
"268709"	"species"	"Lysandra coridon"	"GCA_905220515.1"	338	99	90	36.67		"Chromosome"	540719330	2004790	5931830	97.2
"268709"	"species"	"Lysandra coridon"	"GCA_905220525.1"	1274	1273		36.5		"Scaffold"	524608667	823289	823289	
"113330"	"species"	"Melitaea athalia"	"GCA_905220535.1"	836	836		35		"Contig"	590748717	4262437	4262437	
"113330"	"species"	"Melitaea athalia"	"GCA_905220545.2"	128	45	32	34.5		"Chromosome"	609549632	9808070	20295254	
"113334"	"species"	"Melitaea cinxia"	"GCA_905220555.1"	509	509		34		"Contig"	449465048	1850851	1850851	
"113334"	"species"	"Melitaea cinxia"	"GCA_905220565.1"	111	31	31	34.09		"Chromosome"	499397863	7977876	17325599	98.4
"171594"	"species"	"Nymphalis polychloros"	"GCA_905220575.1"	182	179		34		"Scaffold"	375036897	5147969	5147969	
"171594"	"species"	"Nymphalis polychloros"	"GCA_905220585.2"	44	37	32	34.5		"Chromosome"	398097521	13933406	13933406	
"875880"	"species"	"Spilosoma lubricipeda"	"GCA_905220595.1"	56	36	30	35.79		"Chromosome"	587346829	20639572	21028324	98.80000000000001
"875880"	"species"	"Spilosoma lubricipeda"	"GCA_905220605.1"	585	585		35.5		"Contig"	582128096	2160010	2160010	
"1594354"	"species"	"Tinea trinotella"	"GCA_905220615.1"	34	31	30	35.660000000000004		"Chromosome"	371722122	13660558	13660558	94.60000000000001
"1594354"	"species"	"Tinea trinotella"	"GCA_905220625.1"	157	157		35.5		"Contig"	369802652	5200664	5200664	
"198635"	"species"	"Eristalis tenax"	"GCA_905231845.1"	1193	1185		42		"Scaffold"	504353716	2410441	2410994	
"198635"	"species"	"Eristalis tenax"	"GCA_905231855.2"	289	156	6	42.11		"Chromosome"	487002646	6649640	77068984	96.7
"191398"	"species"	"Boloria selene"	"GCA_905231865.2"	41	31	31	32.85		"Chromosome"	399902484	13401531	13620786	98.60000000000001
"191398"	"species"	"Boloria selene"	"GCA_905231875.1"	221	218		33		"Scaffold"	326647194	4427016	4427016	
"78633"	"species"	"Pieris napi"	"GCA_905231885.1"	75	48	25	34.04		"Chromosome"	319989255	10922705	12982002	99.10000000000001
"78633"	"species"	"Pieris napi"	"GCA_905231895.1"	82	80		34		"Scaffold"	313474378	8823493	8823493	
"5802"	"species"	"Eimeria tenella"	"GCA_905310635.1"	60	15	15	51.63		"Chromosome"	53209173	1641020	4007228	98.80000000000001
"9612"	"species"	"Canis lupus"	"GCA_905319845.1"	5537	5536		41.5		"Scaffold"	1446594657	719346	719346	
"9612"	"species"	"Canis lupus"	"GCA_905319855.2"	247	81	40	41.49		"Chromosome"	2447447219	34375412	65778685	95.5
"988125"	"species"	"Hecatera dysodea"	"GCA_905332915.2"	115	40	32	38.42		"Chromosome"	640896252	18008363	21896367	99
"988125"	"species"	"Hecatera dysodea"	"GCA_905332925.1"	228	227		39.5		"Scaffold"	151373977	2888358	2888358	
"85660"	"species"	"Bombus hortorum"	"GCA_905332935.1"	72	42	18	37.96		"Chromosome"	296297395	10578496	17016242	97.5
"988071"	"species"	"Atethmia centrago"	"GCA_905332945.1"	8321	8321		39		"Contig"	892083702	170690	170690	
"138070"	"species"	"Lysandra bellargus"	"GCA_905332955.1"	696	696		36.5		"Contig"	497064181	1845172	1845172	
"65598"	"species"	"Bombus pascuorum"	"GCA_905332965.1"	120	81	17	36		"Chromosome"	307548333	8974029	17556731	97.80000000000001
"522848"	"species"	"Mimas tiliae"	"GCA_905332985.1"	40	29	29	38.2		"Chromosome"	477965817	17797476	17899878	98.80000000000001
"65598"	"species"	"Bombus pascuorum"	"GCA_905332995.1"	555	554		36.5		"Scaffold"	276214278	1917109	1953797	
"282391"	"species"	"Lycaena phlaeas"	"GCA_905333005.2"	27	24	24	36		"Chromosome"	420468287	18072480	18312151	
"207624"	"species"	"Bombus campestris"	"GCA_905333015.3"	140	91	25	37.5		"Chromosome"	275239257	6166019	12249729	
"346838"	"species"	"Pyrochroa serraticornis"	"GCA_905333025.2"	82	39	10	34.5		"Chromosome"	249396633	12970676	37181734	
"346838"	"species"	"Pyrochroa serraticornis"	"GCA_905333035.1"	1337	1337		34.5		"Contig"	226804794	288810	288810	
"138070"	"species"	"Lysandra bellargus"	"GCA_905333045.1"	361	139	46	36.45		"Chromosome"	528918181	2881691	11205580	97.4
"191418"	"species"	"Maniola jurtina"	"GCA_905333055.1"	52	31	30	36.96		"Chromosome"	402038846	13288869	15090120	98.30000000000001
"282391"	"species"	"Lycaena phlaeas"	"GCA_905333065.1"	242	242		35.68		"Contig"	403619318	3651375	3651375	96.2
"988071"	"species"	"Atethmia centrago"	"GCA_905333075.3"	79	44	31	38.9		"Chromosome"	926639817	26605457	31773998	99.10000000000001
"522848"	"species"	"Mimas tiliae"	"GCA_905333085.1"	1054	1054		38		"Contig"	467764468	858650	858650	
"85660"	"species"	"Bombus hortorum"	"GCA_905333095.1"	41	41		41		"Contig"	14173259	2882664	2882664	
"191418"	"species"	"Maniola jurtina"	"GCA_905333105.1"	177	175		36.97		"Scaffold"	374714435	4297759	4410918	92.7
"988019"	"species"	"Pheosia tremula"	"GCA_905333115.1"	1285	1284		38		"Scaffold"	295036384	412752	412752	
"988019"	"species"	"Pheosia tremula"	"GCA_905333125.1"	106	37	31	37.980000000000004		"Chromosome"	290204870	7703384	10632747	98.7
"938171"	"species"	"Abrostola tripartita"	"GCA_905340225.1"	34	32	31	37.01		"Chromosome"	381042155	13645312	13645312	99
"938171"	"species"	"Abrostola tripartita"	"GCA_905340255.1"	276	276		37		"Contig"	377898841	3518944	3518944	
"30212"	"species"	"Vespula germanica"	"GCA_905340295.1"	742	741		35		"Scaffold"	196453834	650048	650048	
"41101"	"species"	"Rhagonycha fulva"	"GCA_905340355.1"	81	12	7	30.38		"Chromosome"	424661649	21086067	115753052	98.9
"30212"	"species"	"Vespula germanica"	"GCA_905340365.1"	56	36	25	35.13		"Chromosome"	205771445	6563324	9441317	96.4
"41101"	"species"	"Rhagonycha fulva"	"GCA_905340395.1"	1319	1319		31		"Contig"	363526809	549097	549097	
"203781"	"species"	"Glaucopsyche alexis"	"GCA_905404095.1"	206	57	23	36		"Chromosome"	619528502	7600873	26518193	97.10000000000001
"189913"	"species"	"Leptidea sinapis"	"GCA_905404105.1"	422	421		35.5		"Scaffold"	674498414	4501614	4501614	
"988018"	"species"	"Pheosia gnoma"	"GCA_905404115.1"	101	38	31	37.89		"Chromosome"	271333527	7537178	9829711	98.80000000000001
"988018"	"species"	"Pheosia gnoma"	"GCA_905404125.1"	1620	1619		38		"Scaffold"	276440668	287592	287592	
"291688"	"species"	"Hesperia comma"	"GCA_905404135.1"	124	39	29	37.04		"Chromosome"	525335281	10272607	18810678	98.30000000000001
"82595"	"species"	"Biston betularia"	"GCA_905404145.2"	43	32	31	36.74		"Chromosome"	404509252	14013682	14733994	98.7
"242267"	"species"	"Plebejus argus"	"GCA_905404155.3"	207	38	23	36.5		"Chromosome"	382092912	3678063	16721534	
"242267"	"species"	"Plebejus argus"	"GCA_905404165.1"	549	548		36.5		"Scaffold"	381919582	1256361	1256361	
"227532"	"species"	"Anthocharis cardamines"	"GCA_905404175.1"	114	54	31	34.52		"Chromosome"	359601502	6265090	12507586	99
"7454"	"species"	"Vespula vulgaris"	"GCA_905404185.1"	507	507		34.5		"Contig"	185444329	849164	849164	
"104474"	"species"	"Erannis defoliaria"	"GCA_905404195.1"	1029	1029		38		"Contig"	518526686	914930	914930	
"3126489"	"species"	"Ochlodes sylvanus"	"GCA_905404205.1"	939	938		36.5		"Scaffold"	307650462	673362	673362	
"82595"	"species"	"Biston betularia"	"GCA_905404215.1"	568	568		36.5		"Contig"	404631406	1182792	1182792	
"203781"	"species"	"Glaucopsyche alexis"	"GCA_905404225.1"	1472	1472		36		"Contig"	658797992	5232038	5232038	
"1869985"	"species"	"Hedya salicella"	"GCA_905404235.2"	1462	1461		37.5		"Scaffold"	722634899	1009936	1009936	
"291688"	"species"	"Hesperia comma"	"GCA_905404245.1"	196	195		37.5		"Scaffold"	251808149	3878142	3878142	
"405009"	"species"	"Fabriciana adippe"	"GCA_905404255.1"	451	451		32.5		"Contig"	452203855	4513086	4513086	
"405009"	"species"	"Fabriciana adippe"	"GCA_905404265.1"	110	94	29	32.39		"Chromosome"	484811369	15984712	16739368	98.9
"1869985"	"species"	"Hedya salicella"	"GCA_905404275.2"	60	45	25	37.59		"Chromosome"	742309209	25550971	27275373	98.2
"104474"	"species"	"Erannis defoliaria"	"GCA_905404285.2"	90	37	29	38		"Chromosome"	522356532	11448532	19179966	
"3126489"	"species"	"Ochlodes sylvanus"	"GCA_905404295.2"	126	32	30	37		"Chromosome"	379669142	6806391	13557832	
"227532"	"species"	"Anthocharis cardamines"	"GCA_905404305.1"	234	234		34.5		"Contig"	327220656	3354000	3354000	
"189913"	"species"	"Leptidea sinapis"	"GCA_905404315.1"	60	49	48	35.730000000000004		"Chromosome"	685583065	14011732	14447461	98.30000000000001
"189513"	"species"	"Chrysoperla carnea"	"GCA_905475295.1"	433	432		29		"Scaffold"	590533921	13665904	13665904	
"987893"	"species"	"Autographa pulchrina"	"GCA_905475315.1"	213	135	32	35.57		"Chromosome"	426225690	9609940	13453062	98.9
"987902"	"species"	"Clostera curtula"	"GCA_905475325.1"	1279	1277		39		"Scaffold"	461785041	653972	653972	
"411963"	"species"	"Schrankia costaestrigalis"	"GCA_905475335.1"	486	486		35		"Contig"	569176499	3065922	3065922	
"7454"	"species"	"Vespula vulgaris"	"GCA_905475345.1"	49	27	25	34.63		"Chromosome"	188185082	8516319	8749684	96.4
"987902"	"species"	"Clostera curtula"	"GCA_905475355.2"	141	30	30	39.27		"Chromosome"	512665902	6772994	18278162	98.5
"189513"	"species"	"Chrysoperla carnea"	"GCA_905475395.1"	399	337	6	29.080000000000002		"Chromosome"	560232532	67795596	94407144	95.9
"411963"	"species"	"Schrankia costaestrigalis"	"GCA_905475405.1"	86	45	31	34.81		"Chromosome"	571975913	14389424	20082482	97.60000000000001
"78633"	"species"	"Pieris napi"	"GCA_905475415.1"	105	105		34		"Contig"	306647215	11488412	11488412	
"320037"	"species"	"Ochropleura plecta"	"GCA_905475425.1"	1051	1048		38		"Scaffold"	617411268	5038555	5038555	
"987893"	"species"	"Autographa pulchrina"	"GCA_905475435.1"	1112	1100		35.5		"Scaffold"	389313284	6280402	6280402	
"320037"	"species"	"Ochropleura plecta"	"GCA_905475445.1"	122	34	32	37.97		"Chromosome"	643947103	9617699	21894754	98.9
"78633"	"species"	"Pieris napi"	"GCA_905475465.2"	83	42	26	34		"Chromosome"	319186907	8327096	13068865	
"987953"	"species"	"Hemaris fuciformis"	"GCA_907164795.1"	89	42	30	37.08		"Chromosome"	448837683	10683069	16553285	98.7
"2065413"	"species"	"Brachyptera putata"	"GCA_907164805.1"	1072	14	14	36.5		"Chromosome"	436497185	1512184	33200100	98.10000000000001
"2065413"	"species"	"Brachyptera putata"	"GCA_907164815.1"	2788	2316		38		"Scaffold"	79437563	48569	65784	
"987953"	"species"	"Hemaris fuciformis"	"GCA_907164865.1"	267	262		37		"Scaffold"	392415368	3574338	3574338	
"257759"	"species"	"Dolomedes plantarius"	"GCA_907164875.2"	13373	13348		33.5		"Scaffold"	2381335874	292830	293485	
"257759"	"species"	"Dolomedes plantarius"	"GCA_907164885.2"	3217	437	14	33.5		"Chromosome"	2780156309	2276774	216720617	
"253017"	"species"	"Impatiens glandulifera"	"GCA_907164895.1"	2293	2278		32		"Scaffold"	421451920	459265	460815	
"253017"	"species"	"Impatiens glandulifera"	"GCA_907164915.1"	1970	1114	9	32.13		"Chromosome"	653879104	1916592	61894379	94.30000000000001
"1437191"	"subspecies"	"Osmia bicornis bicornis"	"GCA_907164925.1"	859	853		39.5		"Scaffold"	198064647	893605	893605	
"1437191"	"subspecies"	"Osmia bicornis bicornis"	"GCA_907164935.1"	563	441	16	39.59		"Chromosome"	222969496	9077890	10976010	97.10000000000001
"111811"	"species"	"Caprimulgus europaeus"	"GCA_907165065.1"	274	121	37	41.93		"Chromosome"	1177791212	30622946	82614289	97.4
"111811"	"species"	"Caprimulgus europaeus"	"GCA_907165095.1"	2527	2502		42		"Scaffold"	1051868380	763177	763177	
"41139"	"species"	"Coccinella septempunctata"	"GCA_907165185.1"	182	182		36.5		"Contig"	389073761	12431197	12431197	
"41139"	"species"	"Coccinella septempunctata"	"GCA_907165205.1"	109	24	10	36.42		"Chromosome"	398849173	16512651	41442133	97.5
"721137"	"species"	"Habrosyne pyritoides"	"GCA_907165225.1"	3319	3319		36		"Contig"	398325470	175653	175653	
"1101072"	"species"	"Zeuzera pyrina"	"GCA_907165235.1"	46	36	31	34.92		"Chromosome"	686887975	23452699	24575201	98.7
"721137"	"species"	"Habrosyne pyritoides"	"GCA_907165245.1"	37	31	31	36.050000000000004		"Chromosome"	400553399	14121114	14121114	98.9
"1101072"	"species"	"Zeuzera pyrina"	"GCA_907165255.1"	3628	3628		35		"Contig"	668686171	342341	342341	
"287375"	"species"	"Zygaena filipendulae"	"GCA_907165265.2"	417	417		36.5		"Contig"	342800128	2058275	2058275	
"287375"	"species"	"Zygaena filipendulae"	"GCA_907165275.2"	68	55	31	36.660000000000004		"Chromosome"	365930723	12640274	12640274	97.80000000000001
"601510"	"species"	"Nomada fabriciana"	"GCA_907165295.1"	223	193	12	41.54		"Chromosome"	233584371	13396754	18567632	97.5
"601510"	"species"	"Nomada fabriciana"	"GCA_907165305.1"	667	666		41.5		"Scaffold"	223271312	1481663	1481663	
"104447"	"species"	"Idaea aversata"	"GCA_907269045.1"	315	315		36		"Contig"	433907406	2629754	2629754	
"1869501"	"species"	"Blastobasis adustella"	"GCA_907269055.1"	496	496		40		"Contig"	396622972	2282707	2282707	
"934829"	"species"	"Crocallis elinguaria"	"GCA_907269065.1"	36	24	17	37.660000000000004		"Chromosome"	430382504	28485152	28485152	98.4
"104447"	"species"	"Idaea aversata"	"GCA_907269075.1"	36	30	30	36.09		"Chromosome"	436713420	14903667	15151489	98.30000000000001
"1572519"	"species"	"Eristalis pertinax"	"GCA_907269085.1"	1813	1813		42.5		"Contig"	465923089	1218356	1218356	
"1869501"	"species"	"Blastobasis adustella"	"GCA_907269095.1"	49	39	30	39.76		"Chromosome"	557424730	17994227	19379192	98
"226151"	"species"	"Volucella inanis"	"GCA_907269105.1"	405	52	6	37.4		"Chromosome"	961446857	30067333	163465417	97
"226151"	"species"	"Volucella inanis"	"GCA_907269115.1"	2079	2079		37.5		"Contig"	878040916	1490783	1490783	
"1572519"	"species"	"Eristalis pertinax"	"GCA_907269125.1"	573	256	7	42.42		"Chromosome"	482075123	3485103	77495269	96.30000000000001
"934829"	"species"	"Crocallis elinguaria"	"GCA_907269135.1"	282	282		37.5		"Contig"	404075388	3290844	3290844	
"875883"	"species"	"Ennomos quercinarius"	"GCA_910589225.1"	826	826		38		"Contig"	486358859	1136183	1136183	
"7445"	"species"	"Vespa crabro"	"GCA_910589235.2"	207	99	25	31.5		"Chromosome"	229313526	2980993	9767562	
"1594321"	"species"	"Parapoynx stratiotata"	"GCA_910589245.1"	430	430		36		"Contig"	452850288	2262674	2262674	
"1101063"	"species"	"Tinea semifulvella"	"GCA_910589255.1"	433	433		35.5		"Contig"	589249846	3295679	3295679	
"997540"	"species"	"Mythimna ferrago"	"GCA_910589285.2"	60	44	32	38.64		"Chromosome"	860973034	27190380	27874102	98.9
"987995"	"species"	"Noctua janthe"	"GCA_910589295.1"	40	32	31	38.7		"Chromosome"	532770789	18438343	18438343	98.80000000000001
"61643"	"species"	"Taurulus bubalis"	"GCA_910589325.1"	1778	1778		42		"Contig"	614755631	883972	883972	
"116121"	"species"	"Carcina quercana"	"GCA_910589345.2"	1998	1998		37.5		"Contig"	408404649	370694	370694	
"1594321"	"species"	"Parapoynx stratiotata"	"GCA_910589355.1"	62	32	30	36.18		"Chromosome"	478233360	13784991	17072597	98.4
"295700"	"species"	"Malachius bipustulatus"	"GCA_910589365.1"	1480	1475		35.5		"Scaffold"	542319742	945557	945557	
"1594250"	"species"	"Chrysoteuchia culmella"	"GCA_910589405.1"	400	400		36.5		"Contig"	585300434	3829234	3829234	
"295700"	"species"	"Malachius bipustulatus"	"GCA_910589415.1"	244	51	10	35.62		"Chromosome"	544240569	5740145	56302816	98
"301037"	"species"	"Bembecia ichneumoniformis"	"GCA_910589475.2"	73	38	31	35.83		"Chromosome"	511395034	15603170	18823830	97.9
"987995"	"species"	"Noctua janthe"	"GCA_910589505.1"	839	839		38.5		"Contig"	527981379	1210196	1210196	
"7445"	"species"	"Vespa crabro"	"GCA_910589515.1"	4398	4397		32		"Scaffold"	187116945	45968	45968	
"875883"	"species"	"Ennomos quercinarius"	"GCA_910589525.2"	54	36	31	38.24		"Chromosome"	491868579	16143525	17369662	98.60000000000001
"997540"	"species"	"Mythimna ferrago"	"GCA_910589535.2"	272	272		38.5		"Contig"	784265446	7306184	7306184	
"301037"	"species"	"Bembecia ichneumoniformis"	"GCA_910589565.1"	2494	2494		35.5		"Contig"	439071152	331879	331879	
"116121"	"species"	"Carcina quercana"	"GCA_910589575.2"	56	31	30	37.5		"Chromosome"	408882264	13030025	15733321	
"1594250"	"species"	"Chrysoteuchia culmella"	"GCA_910589605.1"	89	57	31	36.47		"Chromosome"	645211292	16432838	22805156	98.60000000000001
"61643"	"species"	"Taurulus bubalis"	"GCA_910589615.1"	268	26	21	42.22		"Chromosome"	615137073	13037006	29138660	98.4
"1101063"	"species"	"Tinea semifulvella"	"GCA_910589645.1"	71	45	45	35.81		"Chromosome"	596584503	12032256	12715305	95.30000000000001
"987859"	"species"	"Acronicta aceris"	"GCA_910591435.1"	45	32	32	37.18		"Chromosome"	466369003	15394549	16061144	99
"1167272"	"species"	"Cerceris rybyensis"	"GCA_910591445.2"	2164	2163		37.5		"Scaffold"	389234124	812085	812085	
"56726"	"species"	"Pholis gunnellus"	"GCA_910591455.2"	518	100	24	42.31		"Chromosome"	588680419	3519450	25364761	98.60000000000001
"2495127"	"species"	"Nysson spinosus"	"GCA_910591465.1"	920	920		39		"Contig"	321260028	3134880	3134880	
"1126389"	"species"	"Ectemnius continuus"	"GCA_910591485.1"	543	543		44		"Contig"	234892221	3126130	3126130	
"987859"	"species"	"Acronicta aceris"	"GCA_910591495.2"	994	994		37		"Contig"	403587884	932476	932476	
"1167272"	"species"	"Cerceris rybyensis"	"GCA_910591515.1"	710	671	14	37.53		"Chromosome"	418076835	15223619	26175038	96.80000000000001
"1100963"	"species"	"Cydia splendana"	"GCA_910591525.1"	1130	1130		38		"Contig"	559810836	1108643	1108643	
"1100963"	"species"	"Cydia splendana"	"GCA_910591565.2"	261	111	28	38.08		"Chromosome"	630601649	6521190	22055301	97.7
"2495127"	"species"	"Nysson spinosus"	"GCA_910591585.2"	217	158	26	38.71		"Chromosome"	314615744	7396645	9740424	96.80000000000001
"1126389"	"species"	"Ectemnius continuus"	"GCA_910591665.1"	411	347	14	44.06		"Chromosome"	260337310	12091100	15408693	94.9
"56726"	"species"	"Pholis gunnellus"	"GCA_910591705.2"	2166	2165		42.5		"Scaffold"	590303236	640680	640680	
"30195"	"species"	"Bombus terrestris"	"GCA_910591885.2"	292	249	18	38.69		"Chromosome"	392962041	6780370	14593050	97.5
"7084"	"species"	"Adalia bipunctata"	"GCA_910591895.1"	1054	1048		35.5		"Scaffold"	357820147	1842588	1842588	
"1870435"	"species"	"Ypsolopha scabrella"	"GCA_910591985.1"	915	915		36.5		"Contig"	847097007	1989567	1989567	
"444401"	"species"	"Andrena haemorrhoa"	"GCA_910592125.1"	985	985		44		"Contig"	238273182	1265555	1265555	
"1870435"	"species"	"Ypsolopha scabrella"	"GCA_910592155.1"	91	40	31	36.78		"Chromosome"	853578453	26541151	29858840	98.10000000000001
"30195"	"species"	"Bombus terrestris"	"GCA_910592195.2"	532	532		38		"Contig"	320664292	2173302	2173302	
"444401"	"species"	"Andrena haemorrhoa"	"GCA_910592295.1"	438	402	7	44.01		"Chromosome"	330670691	13237341	41012438	96.80000000000001
"7084"	"species"	"Adalia bipunctata"	"GCA_910592335.1"	212	118	11	35.9		"Chromosome"	475267023	18317171	45869983	97.60000000000001
"88925"	"species"	"Lineus longissimus"	"GCA_910592375.2"	401	400		41.5		"Scaffold"	384922748	2664490	2664490	
"88925"	"species"	"Lineus longissimus"	"GCA_910592395.2"	107	30	19	41.4		"Chromosome"	391165532	9910080	20961375	96.80000000000001
"2495015"	"species"	"Ectemnius lituratus"	"GCA_910593685.1"	79	79		45.5		"Contig"	8375962	2664089	2664089	
"662956"	"species"	"Ocypus olens"	"GCA_910593695.2"	732	187	19	32.5		"Chromosome"	1083850194	4567902	57303393	
"2495015"	"species"	"Ectemnius lituratus"	"GCA_910593735.2"	358	115	13	43.63		"Chromosome"	235140587	1594160	16908772	95.10000000000001
"9860"	"species"	"Cervus elaphus"	"GCA_910593805.1"	4043	4021		44		"Scaffold"	2903978491	2236403	2259288	
"662956"	"species"	"Ocypus olens"	"GCA_910593855.1"	7136	7136		32.5		"Contig"	1026201292	273013	273013	
"9860"	"species"	"Cervus elaphus"	"GCA_910594005.1"	184	144	34	42.980000000000004		"Chromosome"	2886603524	68741660	83473711	96.10000000000001
"189979"	"species"	"Bibio marci"	"GCA_910594885.2"	24	6	6	25.5		"Chromosome"	340009463	44910499	54570542	
"189979"	"species"	"Bibio marci"	"GCA_910594895.1"	325	325		25.5		"Contig"	320054162	2979294	2979294	
"987877"	"species"	"Amphipyra berbera"	"GCA_910594945.2"	38	32	31	38.5		"Chromosome"	582289898	19930773	20126316	
"987877"	"species"	"Amphipyra berbera"	"GCA_910595045.1"	221	221		38.5		"Contig"	579408172	7817512	7817512	
"414876"	"species"	"Philhelius pedissequus"	"GCA_910595765.1"	3274	3263		34		"Scaffold"	935989290	1358354	1374127	
"414876"	"species"	"Philhelius pedissequus"	"GCA_910595825.1"	959	484	6	34.01		"Chromosome"	977153996	7832695	248688513	95.5
"121554"	"species"	"Senecio squalidus"	"GCA_910821995.1"	4769	4768		34.5		"Scaffold"	161158903	49378	49378	
"121554"	"species"	"Senecio squalidus"	"GCA_910822075.1"	6816	592		35.22		"Scaffold"	652011524	157076	66732361	96.5
"881891"	"species"	"Dolichovespula media"	"GCA_911387685.1"	358	161	25	35.07		"Chromosome"	247580636	1625878	9497190	96.10000000000001
"272628"	"species"	"Thymelicus sylvestris"	"GCA_911387695.1"	717	716		36		"Scaffold"	455065439	1610447	1610447	
"1511221"	"species"	"Aelia acuminata"	"GCA_911387705.1"	2379	2373		33		"Scaffold"	948989416	901678	902599	
"881891"	"species"	"Dolichovespula media"	"GCA_911387715.2"	948	948		35.5		"Contig"	222179092	497929	497929	
"218760"	"species"	"Pyrgus malvae"	"GCA_911387725.2"	181	181		37		"Contig"	718749843	11451735	11451735	
"875885"	"species"	"Apamea monoglypha"	"GCA_911387735.2"	520	520		38.5		"Contig"	575443327	2088607	2088607	
"323313"	"species"	"Chrysotoxum bicinctum"	"GCA_911387745.1"	1559	1551		34		"Scaffold"	897053803	1451537	1454303	
"323313"	"species"	"Chrysotoxum bicinctum"	"GCA_911387755.1"	412	92	5	34.09		"Chromosome"	912918972	5739793	265788494	96.60000000000001
"218760"	"species"	"Pyrgus malvae"	"GCA_911387765.1"	41	36	31	37.04		"Chromosome"	724634141	25951495	26976370	98.80000000000001
"272628"	"species"	"Thymelicus sylvestris"	"GCA_911387775.1"	46	32	28	36.11		"Chromosome"	470710341	16606550	17253319	98.5
"1511221"	"species"	"Aelia acuminata"	"GCA_911387785.2"	688	78	8	33		"Chromosome"	1169983176	4690255	172186306	
"875885"	"species"	"Apamea monoglypha"	"GCA_911387795.2"	107	33	31	38.72		"Chromosome"	575666810	9140809	19918846	99
"195172"	"species"	"Cantharis rustica"	"GCA_911387805.1"	74	17	7	30.94		"Chromosome"	445917632	17823022	57811309	97.7
"195172"	"species"	"Cantharis rustica"	"GCA_911387815.1"	793	792		31.5		"Scaffold"	417661400	1241017	1241017	
"30191"	"species"	"Bombus hypnorum"	"GCA_911387925.2"	101	52	12	37.550000000000004		"Chromosome"	297334159	11592071	24264022	97.60000000000001
"85443"	"species"	"Dolichovespula saxonica"	"GCA_911387935.1"	487	112	26	35.58		"Chromosome"	221833836	910126	9507211	96.30000000000001
"30201"	"species"	"Bombus sylvestris"	"GCA_911622165.2"	192	139	24	36.5		"Chromosome"	302565711	5862009	12445291	
"767470"	"species"	"Pterostichus madidus"	"GCA_911728425.1"	4355	4352		32		"Scaffold"	594613092	255117	255117	
"201766"	"species"	"Apoderus coryli"	"GCA_911728435.2"	202	128	20	32.5		"Chromosome"	428056372	15031106	23694900	
"7609"	"species"	"Marthasterias glacialis"	"GCA_911728445.1"	1417	1396		39.5		"Scaffold"	501817965	906929	923542	
"7609"	"species"	"Marthasterias glacialis"	"GCA_911728455.2"	574	106	22	39.5		"Chromosome"	520943681	1872146	25218880	
"201766"	"species"	"Apoderus coryli"	"GCA_911728465.1"	554	554		33		"Contig"	392668169	1748940	1748940	
"767470"	"species"	"Pterostichus madidus"	"GCA_911728475.2"	182	26	19	32		"Chromosome"	705126243	15821749	37879541	
"987943"	"species"	"Furcula furcula"	"GCA_911728485.2"	1160	1160		39		"Contig"	725508705	1230990	1230990	
"987943"	"species"	"Furcula furcula"	"GCA_911728495.1"	56	32	29	38.87		"Chromosome"	736105881	24892123	27058741	98.9
"190356"	"species"	"Peribatodes rhomboidaria"	"GCA_911728505.1"	1530	1530		38		"Contig"	489305594	604672	604672	
"190356"	"species"	"Peribatodes rhomboidaria"	"GCA_911728515.1"	59	36	31	38.13		"Chromosome"	499713095	15093624	17104115	98.30000000000001
"1101027"	"species"	"Pammene fasciana"	"GCA_911728525.2"	333	314		37.5		"Scaffold"	566084733	4067785	4747957	
"1101027"	"species"	"Pammene fasciana"	"GCA_911728535.1"	71	33	28	37.68		"Chromosome"	564421490	16017629	20742756	98.2
"202808"	"species"	"Vespa velutina"	"GCA_912469955.1"	739	739		29.5		"Contig"	26709819	44289	44289	
"202808"	"species"	"Vespa velutina"	"GCA_912470025.1"	356	42	25	33		"Chromosome"	193976845	1520875	9190824	
"129397"	"species"	"Aporia crataegi"	"GCA_912999735.1"	28	26	26	32.4		"Chromosome"	229678889	9626953	9626953	98.5
"76193"	"species"	"Papilio machaon"	"GCA_912999745.1"	37	33	31	34.52		"Chromosome"	252114018	8641220	8777606	99.30000000000001
"104460"	"species"	"Hydriomena furcata"	"GCA_912999755.1"	199	199		36		"Contig"	421170847	5188503	5188503	
"76193"	"species"	"Papilio machaon"	"GCA_912999765.2"	72	72		34.5		"Contig"	229243718	6035325	6035325	
"934813"	"species"	"Campaea margaritaria"	"GCA_912999775.1"	342	341		38.5		"Scaffold"	330463930	1988370	1988370	
"104460"	"species"	"Hydriomena furcata"	"GCA_912999785.1"	54	34	28	36.14		"Chromosome"	423302054	13929574	16092901	98.30000000000001
"129397"	"species"	"Aporia crataegi"	"GCA_912999795.2"	129	129		32.5		"Contig"	226628546	5261076	5261076	
"934813"	"species"	"Campaea margaritaria"	"GCA_912999815.1"	38	31	31	38.53		"Chromosome"	335209595	11935323	12093622	98.30000000000001
"115100"	"species"	"Seladonia tumulorum"	"GCA_913789895.3"	163	151	17	40.7		"Chromosome"	404423755	14963228	18583095	96.4
"1190790"	"species"	"Sphecodes monilicornis"	"GCA_913789915.3"	743	572	19	38.480000000000004		"Chromosome"	496571470	7420798	27521247	96.10000000000001
"257627"	"species"	"Dunaliella primolecta"	"GCA_914767515.2"	266	266		45		"Contig"	20300542	4968441	4968441	
"257627"	"species"	"Dunaliella primolecta"	"GCA_914767535.2"	122	25	16	49		"Chromosome"	210950326	2890256	12721864	
"748215"	"species"	"Sesia apiformis"	"GCA_914767545.1"	54	35	31	36.69		"Chromosome"	546793346	19957231	19957231	98.80000000000001
"95170"	"species"	"Membranipora membranacea"	"GCA_914767555.1"	278	278		38		"Contig"	304400989	2655483	2655483	
"214171"	"species"	"Hydraecia micacea"	"GCA_914767565.1"	369	369		38		"Contig"	503427563	2781100	2781100	
"653684"	"species"	"Melanostoma mellinum"	"GCA_914767615.2"	1679	1673		37		"Scaffold"	698392656	916944	926930	
"653684"	"species"	"Melanostoma mellinum"	"GCA_914767635.1"	479	76	5	36.99		"Chromosome"	731024304	4649678	235131548	96.30000000000001
"214171"	"species"	"Hydraecia micacea"	"GCA_914767645.1"	53	35	32	38.14		"Chromosome"	562425167	18807492	18862954	99.10000000000001
"1226616"	"species"	"Coremacera marginata"	"GCA_914767655.1"	5712	5712		34		"Contig"	947321026	326098	326098	
"115357"	"species"	"Harmonia axyridis"	"GCA_914767665.1"	185	13	8	35.14		"Chromosome"	425524972	22915403	63675256	97.4
"115357"	"species"	"Harmonia axyridis"	"GCA_914767675.1"	418	418		35		"Contig"	407540372	8504002	8504002	
"987866"	"species"	"Agrochola circellaris"	"GCA_914767685.1"	139	139		37.5		"Contig"	571928833	9795968	9795968	
"987449"	"species"	"Ptilodon capucinus"	"GCA_914767695.1"	33	31	31	38.14		"Chromosome"	348696490	12643213	12643213	98.7
"362091"	"species"	"Tenthredo notha"	"GCA_914767705.2"	97	26	20	37.14		"Chromosome"	252818378	7016856	13966764	95.5
"95170"	"species"	"Membranipora membranacea"	"GCA_914767715.1"	93	21	11	38.01		"Chromosome"	339359933	7007262	29963023	82.30000000000001
"748215"	"species"	"Sesia apiformis"	"GCA_914767725.1"	3981	3981		36.5		"Contig"	480778889	232758	232758	
"1667466"	"species"	"Anoplius nigerrimus"	"GCA_914767735.1"	1243	1202	15	43.39		"Chromosome"	623783591	1681933	2031098	95
"1918310"	"species"	"Thecocarcelia acutangulata"	"GCA_914767745.1"	910	910		32.5		"Contig"	678742822	3508021	3508021	
"987866"	"species"	"Agrochola circellaris"	"GCA_914767755.1"	39	34	30	37.62		"Chromosome"	572147337	19711079	19711079	99.2
"987419"	"species"	"Eilema depressum"	"GCA_914767765.1"	590	590		38		"Contig"	603219367	2591420	2591420	
"987449"	"species"	"Ptilodon capucinus"	"GCA_914767775.1"	177	177		38		"Contig"	346563099	3928666	3928666	
"1667466"	"species"	"Anoplius nigerrimus"	"GCA_914767785.2"	2549	2549		43.5		"Contig"	486559160	776252	776252	
"104476"	"species"	"Agriopis aurantiaria"	"GCA_914767795.1"	550	550		38		"Contig"	482878758	1626614	1626614	
"116130"	"species"	"Eupsilia transversa"	"GCA_914767805.1"	165	165		37.5		"Contig"	428608692	5744270	5744270	
"116130"	"species"	"Eupsilia transversa"	"GCA_914767815.1"	51	32	32	37.36		"Chromosome"	466907300	15275328	15778023	99.2
"104476"	"species"	"Agriopis aurantiaria"	"GCA_914767915.1"	65	30	30	37.85		"Chromosome"	485369969	13323862	18049239	98.5
"1226616"	"species"	"Coremacera marginata"	"GCA_914767935.1"	889	60	6	33.76		"Chromosome"	979662365	2710321	184110224	97.2
"987419"	"species"	"Eilema depressum"	"GCA_914767945.1"	37	30	30	38.26		"Chromosome"	622006817	21724503	22085244	98.80000000000001
"362091"	"species"	"Tenthredo notha"	"GCA_914767975.1"	408	407		37		"Scaffold"	254225911	2089156	2089156	
"1918310"	"species"	"Thecocarcelia acutangulata"	"GCA_914767995.1"	100	53	6	32.68		"Chromosome"	692880428	32012514	125692827	97.80000000000001
"987424"	"species"	"Eilema sororculum"	"GCA_914829255.1"	659	659		39		"Contig"	720155328	2836878	2836878	
"987424"	"species"	"Eilema sororculum"	"GCA_914829495.1"	157	40	30	38.85		"Chromosome"	729401876	11816033	25298203	98.5
"875881"	"species"	"Spilarctia lutea"	"GCA_916047975.1"	950	949		36		"Scaffold"	544673322	1068816	1082441	
"51650"	"species"	"Sacculina carcini"	"GCA_916048065.2"	1713	1710		42		"Scaffold"	280661443	831903	831903	
"51650"	"species"	"Sacculina carcini"	"GCA_916048095.2"	182	43	28	41.89		"Chromosome"	264490643	3521841	9565286	83.9
"3750"	"species"	"Malus domestica"	"GCA_916048125.1"	600	600		38		"Contig"	573964835	4915145	4915145	
"875881"	"species"	"Spilarctia lutea"	"GCA_916048165.1"	61	41	32	36.26		"Chromosome"	584771933	19053634	20170318	98.9
"3752"	"species"	"Malus sylvestris"	"GCA_916048215.2"	133	32	17	38		"Chromosome"	640969901	8322097	36902754	
"3752"	"species"	"Malus sylvestris"	"GCA_916048215.3"	133	32	17	38		"Chromosome"	640969901	8322097	36902754	
"2795671"	"species"	"Bellardia pandia"	"GCA_916048285.2"	131	70	6	30.5		"Chromosome"	617022296	31809086	111823772	
"76990"	"species"	"Ancistrocerus nigricornis"	"GCA_916049575.1"	121	6	6	39.81		"Chromosome"	231995547	18662773	40248163	96.10000000000001
"3752"	"species"	"Malus sylvestris"	"GCA_916049865.1"	2355	2355		38		"Contig"	571835459	669587	669587	
"76990"	"species"	"Ancistrocerus nigricornis"	"GCA_916050135.1"	227	227		39.5		"Contig"	210379627	2636917	2636917	
"2795671"	"species"	"Bellardia pandia"	"GCA_916050155.1"	1200	1200		30		"Contig"	598328550	1261288	1261288	
"414846"	"species"	"Platycheirus albimanus"	"GCA_916050315.1"	1193	1192		35.5		"Scaffold"	665330124	2561986	2561986	
"3750"	"species"	"Malus domestica"	"GCA_916050505.2"	34	26	17	38		"Chromosome"	648232824	32837244	37910991	
"414846"	"species"	"Platycheirus albimanus"	"GCA_916050605.2"	690	94	4	35.32		"Chromosome"	677768813	5597966	375708846	95.60000000000001
"273409"	"species"	"Cheilosia vulpina"	"GCA_916610125.1"	30	20	6	37.34		"Chromosome"	405365642	45551726	69418634	97.10000000000001
"253715"	"species"	"Macropis europaea"	"GCA_916610135.2"	2580	2273	11	38.39		"Chromosome"	546788722	8374436	22679440	97.30000000000001
"1124515"	"species"	"Eristalis arbustorum"	"GCA_916610145.1"	1338	518	6	42.980000000000004		"Chromosome"	451027004	1235116	78272982	96.5
"1124515"	"species"	"Eristalis arbustorum"	"GCA_916610155.1"	3091	3090		43		"Scaffold"	417549593	269108	269108	
"569046"	"species"	"Gymnosoma rotundatum"	"GCA_916610165.2"	623	392	6	30.29		"Chromosome"	779127282	9400655	137798182	98.80000000000001
"569046"	"species"	"Gymnosoma rotundatum"	"GCA_916610175.2"	2077	2077		30		"Contig"	727759851	1467052	1467052	
"88531"	"species"	"Lasioglossum lativentre"	"GCA_916610185.2"	352	352		43		"Contig"	19520795	72841	72841	
"273409"	"species"	"Cheilosia vulpina"	"GCA_916610195.1"	774	774		37.5		"Contig"	384841096	1331306	1331306	
"1101106"	"species"	"Griposia aprilina"	"GCA_916610205.1"	75	42	32	37.77		"Chromosome"	720411482	18585834	24562086	99
"2492375"	"species"	"Omphaloscelis lunosa"	"GCA_916610215.1"	60	49	32	37.56		"Chromosome"	661859241	21574654	22138921	99
"2492375"	"species"	"Omphaloscelis lunosa"	"GCA_916610225.1"	1694	1694		37.5		"Contig"	623261760	795830	795830	
"88514"	"species"	"Lasioglossum morio"	"GCA_916610235.2"	1151	1107	12	40.28		"Chromosome"	547197555	7092636	17693651	95.60000000000001
"1101106"	"species"	"Griposia aprilina"	"GCA_916610245.1"	2490	2490		38		"Contig"	680809608	530210	530210	
"88531"	"species"	"Lasioglossum lativentre"	"GCA_916610255.1"	1430	1143	14	37.78		"Chromosome"	478935738	4089460	27713800	96.2
"313498"	"species"	"Haliclystus octoradiatus"	"GCA_916610655.1"	868	860		34		"Scaffold"	259053092	603362	603362	
"313498"	"species"	"Haliclystus octoradiatus"	"GCA_916610825.1"	337	33	9	33.8		"Chromosome"	261880027	1466457	28991210	81.30000000000001
"997551"	"species"	"Mesoligia furuncula"	"GCA_916611985.1"	1137	1136		38.5		"Scaffold"	870828391	1682941	1682941	
"3750"	"species"	"Malus domestica"	"GCA_916612005.2"	32	29	17	38		"Chromosome"	652805715	36203908	37700971	
"216125"	"species"	"Steromphala cineraria"	"GCA_916613615.1"	842	283	18	35.43		"Chromosome"	1270484905	6200493	70748747	85.4
"216125"	"species"	"Steromphala cineraria"	"GCA_916613985.1"	2252	2229		35.5		"Scaffold"	1220860235	1505795	1524340	
"3750"	"species"	"Malus domestica"	"GCA_916614045.1"	435	434		38		"Scaffold"	587620589	6958521	6958521	
"3750"	"species"	"Malus domestica"	"GCA_916614085.1"	765	765		38		"Contig"	627948641	3677637	3677637	
"997551"	"species"	"Mesoligia furuncula"	"GCA_916614155.1"	423	93	31	38.730000000000004		"Chromosome"	889612040	4695465	30263258	99
"3750"	"species"	"Malus domestica"	"GCA_916614885.2"	872	872		38		"Contig"	575601101	2360415	2360415	
"3750"	"species"	"Malus domestica"	"GCA_916615275.3"	87	58	17	38		"Chromosome"	642631360	20827597	37766997	
"3750"	"species"	"Malus domestica"	"GCA_916615385.2"	53	26	17	38		"Chromosome"	646790116	27105993	37047584	
"987431"	"species"	"Xestia c-nigrum"	"GCA_916617455.1"	301	301		38.5		"Contig"	751976263	6045646	6045646	
"987431"	"species"	"Xestia c-nigrum"	"GCA_916618015.1"	60	43	31	38.42		"Chromosome"	760303607	25037238	25717762	98.80000000000001
"467774"	"species"	"Emmelina monodactyla"	"GCA_916618085.2"	198	198		35.5		"Contig"	236902939	3543154	3543154	
"467774"	"species"	"Emmelina monodactyla"	"GCA_916618145.1"	60	34	30	35.88		"Chromosome"	312395474	10272145	10389392	97.60000000000001
"987872"	"species"	"Agrochola macilenta"	"GCA_916701695.1"	65	35	32	38.08		"Chromosome"	683208122	22346656	22977954	99
"987872"	"species"	"Agrochola macilenta"	"GCA_916701705.1"	1259	1259		38		"Contig"	644112804	1034422	1034422	
"335469"	"species"	"Orgyia antiqua"	"GCA_916999025.1"	26	18	14	34.51		"Chromosome"	480094981	32004277	34414056	98.80000000000001
"111903"	"species"	"Erebia ligea"	"GCA_917050995.2"	377	368		37.5		"Scaffold"	506812252	3678934	3813605	
"111903"	"species"	"Erebia ligea"	"GCA_917051295.2"	78	40	29	37.39		"Chromosome"	506382226	14975182	19149538	97.9
"37344"	"species"	"Athalia rosae"	"GCA_917207985.2"	322	320		41		"Scaffold"	168692918	1568810	1568810	
"37344"	"species"	"Athalia rosae"	"GCA_917208135.1"	71	14	8	41.28		"Chromosome"	171955050	7096104	25530711	95.5
"88005"	"species"	"Patella pellucida"	"GCA_917208175.1"	1538	1529		36.5		"Scaffold"	701248048	1410546	1412938	
"88005"	"species"	"Patella pellucida"	"GCA_917208275.1"	495	62	9	36.33		"Chromosome"	712057054	3173890	87163620	87.60000000000001
"335469"	"species"	"Orgyia antiqua"	"GCA_917414775.1"	341	341		34.5		"Contig"	419928863	3865439	3865439	
"988106"	"species"	"Dryobotodes eremita"	"GCA_917490515.1"	596	596		38		"Contig"	664534381	2544718	2544718	
"988106"	"species"	"Dryobotodes eremita"	"GCA_917490735.1"	104	67	32	38.11		"Chromosome"	709790899	22620483	23327181	99
"2795680"	"species"	"Ichneumon xanthorius"	"GCA_917498535.1"	2677	2677		43		"Contig"	275391298	213492	213492	
"2495085"	"species"	"Mimumesa dahlbomi"	"GCA_917499265.3"	412	362	18	40.480000000000004		"Chromosome"	297301941	9606734	13287732	96.9
"2795680"	"species"	"Ichneumon xanthorius"	"GCA_917499995.1"	373	150	12	42.87		"Chromosome"	314972371	4079616	20145675	95.5
"1218281"	"species"	"Limnephilus lunatus"	"GCA_917563845.2"	1203	1203		35		"Contig"	1191410804	2628356	2628356	
"1218281"	"species"	"Limnephilus lunatus"	"GCA_917563855.2"	138	38	13	35.02		"Chromosome"	1269636097	18993099	95392806	89.80000000000001
"2663927"	"species"	"Criorhina berberina"	"GCA_917880715.2"	60	22	4	41.17		"Chromosome"	410379867	34124640	136888952	97
"934894"	"species"	"Selenia dentaria"	"GCA_917880725.1"	159	67	30	37.33		"Chromosome"	1030756840	20086487	35319394	98.7
"934894"	"species"	"Selenia dentaria"	"GCA_917880765.1"	1250	1250		37.5		"Contig"	1016154750	1850243	1850243	
"1271730"	"species"	"Limnephilus marmoratus"	"GCA_917880875.2"	3708	3698		36		"Scaffold"	1622313356	914031	918107	
"1271730"	"species"	"Limnephilus marmoratus"	"GCA_917880885.1"	394	67	30	35.730000000000004		"Chromosome"	1629956307	8018677	56174236	90.4
"2663927"	"species"	"Criorhina berberina"	"GCA_917880925.1"	4467	4465		41		"Scaffold"	384527087	140451	140761	
"1660703"	"species"	"Synanthedon vespiformis"	"GCA_918305855.1"	1190	1190		34.5		"Contig"	248370841	382097	382097	
"1660703"	"species"	"Synanthedon vespiformis"	"GCA_918317495.1"	39	31	31	34.47		"Chromosome"	287383648	10304072	10410606	98
"2771288"	"species"	"Aplidium turbinatum"	"GCA_918807975.1"	79	26	18	37.6		"Chromosome"	605489456	14915238	34009763	93.10000000000001
"85444"	"species"	"Dolichovespula sylvestris"	"GCA_918808275.2"	547	224	26	36.15		"Chromosome"	232580358	1191068	9596145	96.10000000000001
"934888"	"species"	"Philereme vetulata"	"GCA_918811585.1"	1737	1737		38		"Contig"	664315961	709530	709530	
"1789172"	"species"	"Diadumene lineata"	"GCA_918843875.1"	320	137	16	35.22		"Chromosome"	312988696	2745340	17670263	96.10000000000001
"988002"	"species"	"Notodonta ziczac"	"GCA_918843885.1"	183	183		38.5		"Contig"	348921405	5097237	5097237	
"2771288"	"species"	"Aplidium turbinatum"	"GCA_918843895.1"	2371	2370		38		"Scaffold"	488600651	585962	585962	
"988002"	"species"	"Notodonta ziczac"	"GCA_918843915.1"	55	51	31	38.61		"Chromosome"	352043103	11738570	12722079	98.9
"934839"	"species"	"Eulithis prunata"	"GCA_918843925.1"	35	30	30	37.17		"Chromosome"	263131874	9036279	9415980	98.2
"1789172"	"species"	"Diadumene lineata"	"GCA_918843945.1"	1690	1679		35		"Scaffold"	307784561	353737	356114	
"934839"	"species"	"Eulithis prunata"	"GCA_918843955.1"	1575	1575		37		"Contig"	199319236	232637	232637	
"934888"	"species"	"Philereme vetulata"	"GCA_918857605.2"	213	78	68	38.5		"Chromosome"	771064230	6322953	12931513	
"111923"	"species"	"Melanargia galathea"	"GCA_920103875.1"	1149	1148		38		"Scaffold"	581506946	1106272	1107053	
"111923"	"species"	"Melanargia galathea"	"GCA_920104075.1"	147	53	25	37.86		"Chromosome"	606360635	9246114	25507680	98.30000000000001
"1124558"	"species"	"Eupeodes latifasciatus"	"GCA_920104105.1"	3223	3223		33.5		"Contig"	784924569	1254140	1254140	
"1124558"	"species"	"Eupeodes latifasciatus"	"GCA_920104205.1"	1233	436	4	33.58		"Chromosome"	846338106	2687379	189435894	96.30000000000001
"576317"	"species"	"Clusia tigrina"	"GCA_920105625.2"	1126	665	5	38.5		"Chromosome"	1216377468	5698505	230177572	
"576317"	"species"	"Clusia tigrina"	"GCA_920105815.1"	4160	4160		38.5		"Contig"	540897059	386394	386394	
"2014036"	"species"	"Nemoura dubitans"	"GCA_921293005.1"	157	40	6	43.65		"Chromosome"	321001405	5169658	53077913	98.80000000000001
"1620919"	"species"	"Phorcus lineatus"	"GCA_921293015.1"	428	78	18	35.15		"Chromosome"	957834846	4940451	49790511	85.60000000000001
"2014036"	"species"	"Nemoura dubitans"	"GCA_921293025.1"	3610	3610		43.5		"Contig"	295227936	130224	130224	
"934917"	"species"	"Aplocera efformata"	"GCA_921293035.1"	303	303		37		"Contig"	250785568	2280523	2280523	
"934917"	"species"	"Aplocera efformata"	"GCA_921293045.1"	55	51	32	37.160000000000004		"Chromosome"	349483148	12527553	12527553	98.4
"1620919"	"species"	"Phorcus lineatus"	"GCA_921293055.1"	3108	3090		35		"Scaffold"	955374394	658343	660427	
"143722"	"species"	"Nemurella pictetii"	"GCA_921293065.1"	981	981		44		"Contig"	219787140	522207	522207	
"197161"	"species"	"Ischnura elegans"	"GCA_921293095.1"	359	110	14	38.49		"Chromosome"	1722738530	13055916	123641648	97.2
"197161"	"species"	"Ischnura elegans"	"GCA_921293095.2"	359	110	14	38.5		"Chromosome"	1722738530	13055916	123641648	
"197161"	"species"	"Ischnura elegans"	"GCA_921293115.1"	3177	3175		38.5		"Scaffold"	1602242354	1144775	1144775	
"143722"	"species"	"Nemurella pictetii"	"GCA_921293315.2"	105	20	12	43.5		"Chromosome"	257036096	9599548	24564665	
"987933"	"species"	"Euplexia lucipara"	"GCA_921956305.1"	1426	1426		37		"Contig"	643354249	896480	896480	
"987933"	"species"	"Euplexia lucipara"	"GCA_921972225.1"	127	71	31	36.87		"Chromosome"	661810392	14928361	22669833	99
"1219204"	"species"	"Sicus ferrugineus"	"GCA_922984085.2"	130	9	8	40.5		"Chromosome"	333967318	14282360	47428040	
"2589376"	"species"	"Gari tellinella"	"GCA_922984925.1"	2302	2302		36.5		"Contig"	1581861498	1564666	1564666	
"9662"	"species"	"Meles meles"	"GCA_922984935.1"	638	537	23	42.49		"Chromosome"	2738678004	75210923	132955750	95.10000000000001
"9662"	"species"	"Meles meles"	"GCA_922984935.2"	638	537	23	42.5		"Chromosome"	2738678004	75210923	132955750	
"1857958"	"species"	"Agonopterix subpropinquella"	"GCA_922987765.1"	830	830		38		"Contig"	666958211	1661456	1661456	
"1857958"	"species"	"Agonopterix subpropinquella"	"GCA_922987775.1"	94	31	28	38.04		"Chromosome"	667889224	11586390	25090608	98.7
"2589376"	"species"	"Gari tellinella"	"GCA_922989275.2"	260	81	19	36.45		"Chromosome"	1597614753	19181371	85279272	80.4
"9662"	"species"	"Meles meles"	"GCA_922990625.1"	753	726		42.47		"Scaffold"	2692729365	65751393	118701898	95.10000000000001
"447833"	"species"	"Erebia aethiops"	"GCA_923060345.2"	79	53	20	37.24		"Chromosome"	473453904	21423644	25856419	98.60000000000001
"758717"	"species"	"Acleris sparsana"	"GCA_923061745.1"	523	523		37.5		"Contig"	578581586	5804593	5804593	
"758717"	"species"	"Acleris sparsana"	"GCA_923062465.1"	41	33	30	37.730000000000004		"Chromosome"	589529688	18942093	19007631	98.30000000000001
"1594453"	"species"	"Marasmarcha lunaedactyla"	"GCA_923062595.1"	1863	1863		37		"Contig"	573404466	817427	817427	
"1594453"	"species"	"Marasmarcha lunaedactyla"	"GCA_923062675.1"	55	43	31	37.03		"Chromosome"	771083478	25480979	27090851	97.7
"447833"	"species"	"Erebia aethiops"	"GCA_923062935.2"	1410	1409		37		"Scaffold"	419910063	608288	608288	
"688445"	"species"	"Macaria notata"	"GCA_927399385.1"	211	211		36		"Contig"	364983189	4117977	4117977	
"1594222"	"species"	"Agonopterix arenella"	"GCA_927399405.1"	39	32	30	37.300000000000004		"Chromosome"	545810559	18923089	18923089	98.7
"688445"	"species"	"Macaria notata"	"GCA_927399415.1"	33	31	29	36.2		"Chromosome"	393772068	13783192	13783192	98.5
"596942"	"species"	"Sarcophaga caerulescens"	"GCA_927399425.1"	2503	2502		33		"Scaffold"	586036124	669526	670250	
"758706"	"species"	"Acleris emargana"	"GCA_927399445.1"	1615	1615		37		"Contig"	669046345	861355	861355	
"1371681"	"species"	"Calamotropha paludella"	"GCA_927399455.1"	1480	1480		34.5		"Contig"	620053142	1112509	1112509	
"596942"	"species"	"Sarcophaga caerulescens"	"GCA_927399465.1"	595	138	7	33.1		"Chromosome"	597302449	3015626	113339294	99.10000000000001
"758706"	"species"	"Acleris emargana"	"GCA_927399475.2"	71	33	30	37.39		"Chromosome"	691431929	16693437	22775158	97.80000000000001
"1371681"	"species"	"Calamotropha paludella"	"GCA_927399485.1"	60	43	30	34.46		"Chromosome"	742465520	23859661	26936083	98.7
"988174"	"species"	"Luperina testacea"	"GCA_927399495.1"	1360	1360		38		"Contig"	593701007	839134	839134	
"988174"	"species"	"Luperina testacea"	"GCA_927399505.1"	68	34	31	37.99		"Chromosome"	601497093	17070088	21613865	98.9
"5630"	"species"	"Laetiporus sulphureus"	"GCA_927399515.3"	17	14	14	51.5		"Chromosome"	37410216	2582225	2582225	
"5630"	"species"	"Laetiporus sulphureus"	"GCA_927399535.3"	65	65		52		"Contig"	35597934	1115819	1115819	
"1594222"	"species"	"Agonopterix arenella"	"GCA_927400025.1"	529	529		37		"Contig"	539623764	1841345	1841345	
"111917"	"species"	"Lasiommata megera"	"GCA_928267235.1"	495	495		37		"Contig"	446015746	2011932	2011932	
"111917"	"species"	"Lasiommata megera"	"GCA_928268935.1"	59	43	30	37.09		"Chromosome"	488442692	17824849	17836388	98.60000000000001
"1594226"	"species"	"Agriphila tristella"	"GCA_928269145.1"	149	62	23	36.800000000000004		"Chromosome"	801760480	15285950	51702748	98
"1594226"	"species"	"Agriphila tristella"	"GCA_928269205.1"	1197	1190		37		"Scaffold"	806420820	1489387	1503656	
"226149"	"species"	"Volucella inflata"	"GCA_928272175.1"	3839	3839		38.5		"Contig"	649717072	334484	334484	
"226149"	"species"	"Volucella inflata"	"GCA_928272305.1"	279	13	6	38.77		"Chromosome"	753463946	11556092	130208918	97
"692089"	"species"	"Limnephilus rhombicus"	"GCA_929108145.2"	271	61	30	35.5		"Chromosome"	1578786179	10796652	54234467	
"934940"	"species"	"Gymnoscelis rufifasciata"	"GCA_929108375.1"	62	51	32	35.36		"Chromosome"	461994518	15602950	15602950	98.10000000000001
"934940"	"species"	"Gymnoscelis rufifasciata"	"GCA_929108405.1"	324	324		35.5		"Contig"	428788595	4913812	4913812	
"1411666"	"species"	"Andrena dorsata"	"GCA_929108735.1"	182	157	3	42.980000000000004		"Chromosome"	277321003	30063116	88484888	96.80000000000001
"987983"	"species"	"Mythimna albipuncta"	"GCA_929112965.1"	40	33	31	38.12		"Chromosome"	698550901	23732277	23908972	99.10000000000001
"1190802"	"species"	"Andrena minutula"	"GCA_929113085.1"	1612	1612		41		"Contig"	283595785	1544802	1544802	
"195168"	"species"	"Agrypnus murinus"	"GCA_929113105.1"	986	161	9	32.83		"Chromosome"	1578505632	4463000	177293933	99.2
"1190802"	"species"	"Andrena minutula"	"GCA_929113495.1"	569	358	7	40.36		"Chromosome"	380445275	12677561	50233583	96.10000000000001
"692089"	"species"	"Limnephilus rhombicus"	"GCA_929113645.1"	4299	4298		35.5		"Scaffold"	1564526745	698736	698736	
"987983"	"species"	"Mythimna albipuncta"	"GCA_929113785.1"	216	216		38		"Contig"	704337577	7596532	7596532	
"1411666"	"species"	"Andrena dorsata"	"GCA_929114765.1"	320	320		43		"Contig"	215949665	3163234	3163234	
"195168"	"species"	"Agrypnus murinus"	"GCA_929114945.1"	5883	5882		33		"Scaffold"	1216220439	448824	448824	
"721165"	"species"	"Watsonalla binaria"	"GCA_929442715.1"	578	577		37.5		"Scaffold"	307519700	1095795	1101316	
"721165"	"species"	"Watsonalla binaria"	"GCA_929442735.1"	44	36	33	37.72		"Chromosome"	333047658	11581856	11581856	98.60000000000001
"8957"	"species"	"Astur gentilis"	"GCA_929443795.1"	637	454	40	43.78		"Chromosome"	1398011397	17712854	35025567	97.5
"8957"	"species"	"Astur gentilis"	"GCA_929443795.2"	637	454	40	44		"Chromosome"	1398011397	17712854	35025567	
"1352479"	"species"	"Epistrophe grossulariae"	"GCA_929447395.1"	393	51	5	31.89		"Chromosome"	556592610	4913865	157473245	96.7
"1352479"	"species"	"Epistrophe grossulariae"	"GCA_929447575.1"	1967	1966		32		"Scaffold"	550347648	947511	947511	
"8957"	"species"	"Astur gentilis"	"GCA_929447715.1"	4486	4484		43.5		"Scaffold"	1112029929	704099	704099	
"2714349"	"species"	"Myathropa florea"	"GCA_930367185.1"	288	151	6	40.61		"Chromosome"	485087974	8948556	132857545	96.7
"1206372"	"species"	"Sarcophaga rosellei"	"GCA_930367195.1"	293	292		33.5		"Scaffold"	525810356	5483563	5483563	
"483950"	"species"	"Acanthosoma haemorrhoidale"	"GCA_930367205.1"	545	72	7	35.47		"Chromosome"	865603386	3364162	129246741	99.2
"1266490"	"species"	"Pollenia angustigena"	"GCA_930367215.1"	141	30	6	31.240000000000002		"Chromosome"	1370491206	21036068	255371252	98.7
"30194"	"species"	"Bombus pratorum"	"GCA_930367225.1"	791	791		38		"Contig"	260647694	1141273	1141273	
"1206372"	"species"	"Sarcophaga rosellei"	"GCA_930367235.1"	208	169	6	33.28		"Chromosome"	541374458	44792449	101196005	99
"2714349"	"species"	"Myathropa florea"	"GCA_930367245.1"	886	885		41		"Scaffold"	453772037	1820910	1820910	
"423510"	"species"	"Catocala fraxini"	"GCA_930367255.1"	855	855		36.5		"Contig"	765579819	1831279	1831279	
"423510"	"species"	"Catocala fraxini"	"GCA_930367265.1"	47	33	31	36.58		"Chromosome"	780586440	26797716	27836421	99
"30194"	"species"	"Bombus pratorum"	"GCA_930367275.1"	90	50	18	37.76		"Chromosome"	285050844	8533403	16494161	97.7
"483950"	"species"	"Acanthosoma haemorrhoidale"	"GCA_930374635.1"	2407	2405		35.5		"Scaffold"	720352621	625006	625006	
"1266490"	"species"	"Pollenia angustigena"	"GCA_930374645.1"	1986	1986		31		"Contig"	1355309065	1800473	1800473	
"934882"	"species"	"Opisthograptis luteolata"	"GCA_931315375.2"	37	33	31	38.44		"Chromosome"	363184807	13097472	13236533	98.30000000000001
"934882"	"species"	"Opisthograptis luteolata"	"GCA_931315605.2"	241	241		38.5		"Contig"	359422075	2987644	2987644	
"1100915"	"species"	"Apotomis betuletana"	"GCA_932273695.1"	134	60	28	38.2		"Chromosome"	684224795	12393000	24873308	98.30000000000001
"1553677"	"species"	"Podabrus alpinus"	"GCA_932273715.1"	3389	3388		34		"Scaffold"	741844795	587059	587059	
"226133"	"species"	"Protocalliphora azurea"	"GCA_932273785.1"	1614	1614		27.5		"Contig"	853967505	1535847	1535847	
"236851"	"species"	"Sarcophaga variegata"	"GCA_932273835.1"	602	119	7	33.47		"Chromosome"	718455953	7365154	130241815	98.9
"1100915"	"species"	"Apotomis betuletana"	"GCA_932273875.1"	856	856		38		"Contig"	682305395	1879891	1879891	
"323312"	"species"	"Leucozona laternaria"	"GCA_932273885.2"	265	57	5	34.5		"Chromosome"	613542547	7478926	134260815	
"323312"	"species"	"Leucozona laternaria"	"GCA_932273905.1"	2311	2311		34.5		"Contig"	603821037	587281	587281	
"987925"	"species"	"Diarsia rubi"	"GCA_932274075.1"	46	34	32	38.08		"Chromosome"	624913938	21075383	21075383	98.9
"226133"	"species"	"Protocalliphora azurea"	"GCA_932274085.1"	411	23	7	27.72		"Chromosome"	874236519	8399297	164199054	98.7
"987925"	"species"	"Diarsia rubi"	"GCA_932274355.1"	409	409		38		"Contig"	575521489	4546862	4546862	
"6465"	"species"	"Patella vulgata"	"GCA_932274405.2"	1682	1682		36		"Contig"	692868471	1328212	1328212	
"6465"	"species"	"Patella vulgata"	"GCA_932274485.2"	66	22	9	36.11		"Chromosome"	695367781	23836764	87393929	88.30000000000001
"1553677"	"species"	"Podabrus alpinus"	"GCA_932274525.1"	391	243	7	33.94		"Chromosome"	777235495	9879682	103283173	98.5
"236851"	"species"	"Sarcophaga variegata"	"GCA_932276125.1"	1313	1313		33.5		"Contig"	653036606	2208341	2208341	
"51655"	"species"	"Plutella xylostella"	"GCA_932276165.1"	39	33	31	38.32		"Chromosome"	323302761	10961940	11339310	98
"51655"	"species"	"Plutella xylostella"	"GCA_932276165.2"	39	33	31	38.5		"Chromosome"	323302761	10961940	11339310	
"51655"	"species"	"Plutella xylostella"	"GCA_932276175.2"	82	81		38.5		"Scaffold"	320698636	10073550	10073550	
"934828"	"species"	"Chloroclysta siterata"	"GCA_932294275.1"	29	25	20	37.4		"Chromosome"	437871077	20597670	24933739	98.2
"934828"	"species"	"Chloroclysta siterata"	"GCA_932294285.1"	172	172		37.5		"Contig"	435752968	6796109	6796109	
"880429"	"species"	"Alitta virens"	"GCA_932294295.1"	218	24	14	37.62		"Chromosome"	671154093	7783370	42251612	94.80000000000001
"880429"	"species"	"Alitta virens"	"GCA_932294305.1"	3741	3741		37.5		"Contig"	521799974	338767	338767	
"989769"	"species"	"Epinotia nisella"	"GCA_932294315.1"	45	37	28	38.81		"Chromosome"	584985792	21240484	21276924	98.2
"988056"	"species"	"Allophyes oxyacanthae"	"GCA_932294325.1"	38	31	31	36.35		"Chromosome"	458464223	16394262	16683655	99.2
"753214"	"species"	"Pandemis cinnamomeana"	"GCA_932294335.1"	1236	1236		39		"Contig"	398629950	676887	676887	
"753214"	"species"	"Pandemis cinnamomeana"	"GCA_932294345.1"	76	42	30	39.04		"Chromosome"	426119673	11714000	15160100	98.5
"1337163"	"species"	"Aporophyla lueneburgensis"	"GCA_932294355.1"	133	76	31	38.39		"Chromosome"	978291914	20064200	32091479	98.80000000000001
"179674"	"species"	"Diachrysia chrysitis"	"GCA_932294365.1"	42	41	31	34.62		"Chromosome"	386364714	13322830	13374257	99.10000000000001
"179674"	"species"	"Diachrysia chrysitis"	"GCA_932294375.1"	162	162		34.5		"Contig"	385757801	10178189	10178189	
"989769"	"species"	"Epinotia nisella"	"GCA_932294385.1"	352	352		39		"Contig"	583544975	6030244	6030244	
"988056"	"species"	"Allophyes oxyacanthae"	"GCA_932294395.1"	541	541		36.5		"Contig"	453482524	1653073	1653073	
"1337163"	"species"	"Aporophyla lueneburgensis"	"GCA_932294405.1"	1843	1843		38.5		"Contig"	915863888	1233955	1233955	
"38942"	"species"	"Quercus robur"	"GCA_932294415.1"	214	95	12	35.68		"Chromosome"	789187406	15951894	68065914	98.5
"38942"	"species"	"Quercus robur"	"GCA_932294425.1"	1303	1219		35.5		"Scaffold"	762395942	1663234	1789827	
"190331"	"species"	"Agriopis marginaria"	"GCA_932301435.1"	523	522		38		"Scaffold"	502488742	2550345	2550345	
"190331"	"species"	"Agriopis marginaria"	"GCA_932305915.1"	52	31	29	38.07		"Chromosome"	500879769	14455660	18395758	98.30000000000001
"2719080"	"species"	"Nephrotoma flavescens"	"GCA_932525705.1"	7397	7397		32.5		"Contig"	1007026532	387868	387868	
"934876"	"species"	"Lobophora halterata"	"GCA_932525835.1"	107	107		37		"Contig"	299234960	8063952	8063952	
"45351"	"species"	"Nematostella vectensis"	"GCA_932526215.1"	3952	3952		41		"Contig"	236823048	109039	109039	
"45351"	"species"	"Nematostella vectensis"	"GCA_932526225.1"	223	47	15	40.72		"Chromosome"	269418438	2927189	17865913	94.80000000000001
"569040"	"species"	"Epicampocera succincta"	"GCA_932526305.1"	103	10	7	32.78		"Chromosome"	398107694	15681748	71351756	98.7
"987895"	"species"	"Caradrina clavipalpis"	"GCA_932526345.1"	144	144		37.5		"Contig"	472004536	7940308	7940308	
"934876"	"species"	"Lobophora halterata"	"GCA_932526365.1"	38	34	32	36.79		"Chromosome"	314860569	10931577	10931577	98.30000000000001
"226161"	"species"	"Rhingia campestris"	"GCA_932526435.1"	1366	1366		38		"Contig"	664408267	2712162	2712162	
"214311"	"species"	"Phragmatobia fuliginosa"	"GCA_932526445.1"	73	32	28	36.11		"Chromosome"	629441928	14057552	22865098	98.7
"214311"	"species"	"Phragmatobia fuliginosa"	"GCA_932526455.1"	187	187		36		"Contig"	630605175	7519488	7519488	
"346820"	"species"	"Philonthus cognatus"	"GCA_932526485.1"	1093	1091		33		"Scaffold"	909491733	2006501	2006537	
"240869"	"species"	"Bombylius major"	"GCA_932526495.1"	241	131	7	26.23		"Chromosome"	304311880	18803170	52534525	94.80000000000001
"987895"	"species"	"Caradrina clavipalpis"	"GCA_932526535.1"	34	31	31	37.64		"Chromosome"	474181573	16821581	16821581	98.80000000000001
"346820"	"species"	"Philonthus cognatus"	"GCA_932526585.2"	130	44	12	33		"Chromosome"	1030548203	29486216	108863099	99
"2719080"	"species"	"Nephrotoma flavescens"	"GCA_932526605.1"	2049	1103	4	32.730000000000004		"Chromosome"	1051332770	2873576	327956322	94.60000000000001
"240869"	"species"	"Bombylius major"	"GCA_932526615.1"	1274	1274		26.5		"Contig"	260208877	646350	646350	
"226161"	"species"	"Rhingia campestris"	"GCA_932526625.1"	539	268	5	38.24		"Chromosome"	719858466	7975228	183825083	97.4
"104452"	"species"	"Operophtera brumata"	"GCA_932527175.1"	63	39	15	38.800000000000004		"Chromosome"	619163353	24133000	43329000	98
"104457"	"species"	"Ecliptopera silaceata"	"GCA_932527185.1"	46	40	29	36.44		"Chromosome"	316535149	11147889	11363788	98.30000000000001
"104452"	"species"	"Operophtera brumata"	"GCA_932527245.1"	572	572		39		"Contig"	613005882	2469237	2469237	
"569040"	"species"	"Epicampocera succincta"	"GCA_932527255.1"	323	321		32.5		"Scaffold"	375108247	5426261	5426261	
"104457"	"species"	"Ecliptopera silaceata"	"GCA_932527285.1"	248	248		36.5		"Contig"	315614973	3934594	3934594	
"3702"	"species"	"Arabidopsis thaliana"	"GCA_933208065.1"	61	23	5	36.59		"Chromosome"	138312271	8181915	27693526	99.30000000000001
"3702"	"species"	"Arabidopsis thaliana"	"GCA_933208075.1"	18	18		46.5		"Contig"	840519	49503	49503	
"1926196"	"species"	"Meta bourneti"	"GCA_933210815.1"	944	470	13	35.69		"Chromosome"	1382734385	8589329	104066336	97.9
"1926196"	"species"	"Meta bourneti"	"GCA_933210875.1"	7703	7703		36		"Contig"	447672572	73558	73558	
"1606781"	"species"	"Stomorhina lunata"	"GCA_933228635.1"	4152	4151		28.5		"Scaffold"	747341097	471405	471405	
"1606781"	"species"	"Stomorhina lunata"	"GCA_933228675.1"	759	107	6	28.25		"Chromosome"	728083889	2030918	129649560	99.30000000000001
"231887"	"species"	"Amblyteles armatorius"	"GCA_933228735.2"	156	103	12	44.5		"Chromosome"	227071211	4376817	17132543	
"2794001"	"species"	"Machimus atricapillus"	"GCA_933228755.1"	696	696		36		"Contig"	213567461	1013192	1013192	
"987980"	"species"	"Miltochrista miniata"	"GCA_933228765.1"	183	109	32	38.97		"Chromosome"	1056986632	16479611	37487092	98.80000000000001
"987980"	"species"	"Miltochrista miniata"	"GCA_933228775.1"	1605	1603		39		"Scaffold"	1000713683	1433332	1437859	
"88516"	"species"	"Lasioglossum pauxillum"	"GCA_933228785.1"	158	35	9	40.15		"Chromosome"	431986706	10669560	48162910	95.7
"88516"	"species"	"Lasioglossum pauxillum"	"GCA_933228795.1"	1616	1616		40		"Contig"	416760902	772113	772113	
"111912"	"species"	"Hipparchia semele"	"GCA_933228805.2"	60	47	30	37.06		"Chromosome"	403405494	14523314	14619000	98.60000000000001
"2794001"	"species"	"Machimus atricapillus"	"GCA_933228815.1"	48	28	6	36.15		"Chromosome"	268627744	25934730	54569305	96
"111912"	"species"	"Hipparchia semele"	"GCA_933228835.1"	209	209		37		"Contig"	374514753	5736683	5736683	
"878056"	"species"	"Leistus spinibarbis"	"GCA_933228875.1"	1905	1905		31.5		"Contig"	203762999	321871	321871	
"878056"	"species"	"Leistus spinibarbis"	"GCA_933228885.1"	116	87	23	31.71		"Chromosome"	235115808	7480091	11648774	99.2
"126231"	"species"	"Platycnemis pennipes"	"GCA_933228895.1"	252	87	13	39.25		"Chromosome"	1793340701	18171807	144837943	97.10000000000001
"126231"	"species"	"Platycnemis pennipes"	"GCA_933228905.1"	10537	10522		39.5		"Scaffold"	1504156553	445735	447275	
"446457"	"species"	"Telmatherina bonti"	"GCA_933228915.1"	1474	145	24	41.65		"Chromosome"	986023149	1254875	41523244	98
"446457"	"species"	"Telmatherina bonti"	"GCA_933228925.1"	4619	4619		41.5		"Contig"	781234592	323021	323021	
"2495172"	"species"	"Pemphredon lugubris"	"GCA_933228935.1"	1785	1358	5	42.4		"Chromosome"	328143241	21615587	64765430	96.80000000000001
"57926"	"species"	"Argentina anserina"	"GCA_933772775.1"	1198	1196		38		"Scaffold"	604516465	5278788	5278788	
"57926"	"species"	"Argentina anserina"	"GCA_933775445.1"	155	147	7	37.83		"Chromosome"	236973942	18728460	28859254	90.5
"1870436"	"species"	"Ypsolopha sequella"	"GCA_934041175.1"	2892	2892		36		"Contig"	835220011	632938	632938	
"934915"	"species"	"Apeira syringaria"	"GCA_934044485.1"	51	51	30	37.300000000000004		"Chromosome"	544428085	20999187	20999187	98.4
"263933"	"species"	"Yponomeuta sedellus"	"GCA_934044855.1"	1955	1955		39.5		"Contig"	318781889	520050	520050	
"263933"	"species"	"Yponomeuta sedellus"	"GCA_934045075.1"	453	56	31	39.480000000000004		"Chromosome"	657566992	2765353	23909508	97.5
"934915"	"species"	"Apeira syringaria"	"GCA_934045895.1"	718	718		37		"Contig"	474552682	1709645	1709645	
"143735"	"species"	"Leuctra nigra"	"GCA_934045905.1"	1718	174	13	38.12		"Chromosome"	536280668	587864	39220573	98.9
"1419289"	"species"	"Buathra laborator"	"GCA_934046145.1"	472	471		41.5		"Scaffold"	261354714	3635114	3779346	
"143735"	"species"	"Leuctra nigra"	"GCA_934046545.1"	6700	6700		38		"Contig"	457972354	107517	107517	
"1419289"	"species"	"Buathra laborator"	"GCA_934046635.1"	141	109	11	42.65		"Chromosome"	329895160	10417199	17025623	95.9
"1870436"	"species"	"Ypsolopha sequella"	"GCA_934047225.1"	228	150	30	36.15		"Chromosome"	866863759	20841000	28919749	98
"137693"	"species"	"Polygonum aviculare"	"GCA_934047395.1"	276	100		39.5		"Scaffold"	360390821	10315719	16612793	
"137693"	"species"	"Polygonum aviculare"	"GCA_934048045.1"	140	86	10	39.730000000000004		"Chromosome"	351574766	16593782	33827450	92.60000000000001
"1870430"	"species"	"Xylocampa areola"	"GCA_935412865.1"	1517	1517		37		"Contig"	538771836	700934	700934	
"202137"	"species"	"Polydrusus cervinus"	"GCA_935413205.1"	74	14	11	32.78		"Chromosome"	713356138	19113408	72832772	99.2
"202137"	"species"	"Polydrusus cervinus"	"GCA_935413225.1"	2122	2122		33		"Contig"	681549653	655570	655570	
"192920"	"species"	"Bugulina stolonifera"	"GCA_935421085.1"	568	567		37		"Scaffold"	233351728	1184903	1184903	
"192920"	"species"	"Bugulina stolonifera"	"GCA_935421135.1"	60	30	11	36.980000000000004		"Chromosome"	234968257	12561000	20271823	84.10000000000001
"1870430"	"species"	"Xylocampa areola"	"GCA_935421205.1"	47	40	31	36.96		"Chromosome"	564553094	19595336	19946087	99.10000000000001
"7061"	"species"	"Melolontha melolontha"	"GCA_935421215.2"	562	54	10	32.95		"Chromosome"	1656866012	5929690	180468607	98.9
"7061"	"species"	"Melolontha melolontha"	"GCA_935421255.1"	6088	6088		33		"Contig"	1504820289	787599	787599	
"273407"	"species"	"Cheilosia pagana"	"GCA_936431705.1"	29	10	6	38.03		"Chromosome"	354108297	30900780	63862789	97.2
"878968"	"species"	"Rutpela maculata"	"GCA_936432065.2"	1045	165	10	33.5		"Chromosome"	2021562588	4272090	187008567	
"1271742"	"species"	"Glyphotaelius pellucidus"	"GCA_936435175.1"	284	56	30	35.1		"Chromosome"	1037107663	8185058	36814344	90.30000000000001
"1271742"	"species"	"Glyphotaelius pellucidus"	"GCA_936435185.1"	10215	10215		35		"Contig"	1015596730	206750	206750	
"273407"	"species"	"Cheilosia pagana"	"GCA_936435595.1"	203	203		38		"Contig"	353035505	5178235	5178235	
"703304"	"species"	"Gibbula magus"	"GCA_936439675.1"	7632	7594		36.5		"Scaffold"	1450877392	454001	457344	
"613196"	"species"	"Nowickia ferox"	"GCA_936439885.1"	241	103	6	30.86		"Chromosome"	670697881	35222213	116629194	98.4
"1210411"	"species"	"Lepidonotus clava"	"GCA_936440205.1"	798	400	18	40.82		"Chromosome"	1010237070	7105433	55150419	95.7
"40830"	"species"	"Barbus barbus"	"GCA_936440315.1"	199	91	50	37.89		"Chromosome"	1584913304	22843665	31505967	98.7
"987977"	"species"	"Meganola albula"	"GCA_936440415.1"	486	486		36.5		"Contig"	360425271	1714907	1714907	
"236850"	"species"	"Sarcophaga subvicina"	"GCA_936440885.2"	1427	1427		33.5		"Contig"	666664662	1891271	1891271	
"708063"	"species"	"Protodeltote pygarga"	"GCA_936440985.2"	400	400		35.5		"Contig"	409353543	2545534	2545534	
"878968"	"species"	"Rutpela maculata"	"GCA_936443135.2"	17787	17787		33.5		"Contig"	1684635084	247200	247200	
"40830"	"species"	"Barbus barbus"	"GCA_936446605.1"	8035	8034		38		"Scaffold"	1319370800	375494	376243	
"1108569"	"species"	"Synanthedon andrenaeformis"	"GCA_936446665.2"	51	34	31	34.800000000000004		"Chromosome"	348371631	10560084	12440847	97.9
"613196"	"species"	"Nowickia ferox"	"GCA_936446695.1"	1183	1183		31		"Contig"	639658451	2605262	2605262	
"1108569"	"species"	"Synanthedon andrenaeformis"	"GCA_936447275.2"	2650	2650		34.5		"Contig"	320552992	222394	222394	
"1210411"	"species"	"Lepidonotus clava"	"GCA_936448955.1"	1494	1481		40.5		"Scaffold"	994890984	1812157	1828373	
"236850"	"species"	"Sarcophaga subvicina"	"GCA_936449025.2"	444	273	6	33.5		"Chromosome"	714197594	10290937	122749534	
"987977"	"species"	"Meganola albula"	"GCA_936450015.1"	47	34	30	36.410000000000004		"Chromosome"	405246355	13346821	14254146	98.4
"703304"	"species"	"Gibbula magus"	"GCA_936450465.1"	1001	151	18	36.49		"Chromosome"	1470388822	3416053	80454948	84.2
"708063"	"species"	"Protodeltote pygarga"	"GCA_936450705.2"	43	33	31	35.53		"Chromosome"	421138003	14657130	14901961	99
"9733"	"species"	"Orcinus orca"	"GCA_937001455.1"	12410	12410		42		"Contig"	1882900201	374481	374481	
"9733"	"species"	"Orcinus orca"	"GCA_937001465.1"	570	447	22	41.9		"Chromosome"	2647335075	45583382	114219206	95.80000000000001
"1101110"	"species"	"Hypsopygia costalis"	"GCA_937001555.2"	74	47	31	37.5		"Chromosome"	817677830	26785879	28854802	
"988081"	"species"	"Brachylomia viminalis"	"GCA_937001565.2"	1439	1439		38.5		"Contig"	752610802	1422727	1422727	
"988081"	"species"	"Brachylomia viminalis"	"GCA_937001585.2"	81	42	31	39		"Chromosome"	782229127	20659211	26798213	
"1101110"	"species"	"Hypsopygia costalis"	"GCA_937001695.2"	1939	1938		37.5		"Scaffold"	803725424	1108260	1108260	
"265386"	"species"	"Polyommatus icarus"	"GCA_937595015.1"	137	33	23	36.56		"Chromosome"	511742462	5516066	21845677	97.30000000000001
"3986"	"species"	"Mercurialis annua"	"GCA_937609235.2"	546	546		34.5		"Contig"	123162303	1386290	1386290	
"91738"	"species"	"Aricia artaxerxes"	"GCA_937610355.1"	1192	1192		37		"Contig"	327847811	602769	602769	
"91738"	"species"	"Aricia artaxerxes"	"GCA_937612035.1"	53	24	23	36.92		"Chromosome"	458481091	14806121	20114245	97.30000000000001
"347359"	"species"	"Halyzia sedecimguttata"	"GCA_937616445.2"	2610	2606		35.5		"Scaffold"	902253945	843446	847274	
"3986"	"species"	"Mercurialis annua"	"GCA_937616625.2"	78	63	8	34		"Chromosome"	453168992	35553452	56051264	
"1219171"	"species"	"Thecophora atra"	"GCA_937620795.1"	93	22	5	38		"Chromosome"	354229183	7720000	94083503	96.30000000000001
"166959"	"species"	"Tetramitus jugosus"	"GCA_937625935.1"	57	55	52	41.2		"Chromosome"	26300747	491107	499551	84.7
"265386"	"species"	"Polyommatus icarus"	"GCA_937629555.1"	629	629		36.5		"Contig"	511074499	1715259	1715259	
"1219171"	"species"	"Thecophora atra"	"GCA_937641085.1"	276	276		37.5		"Contig"	231587446	2806050	2806050	
"1918221"	"species"	"Cistogaster globosa"	"GCA_937654215.1"	8335	8335		29.5		"Contig"	1069055037	551397	551397	
"1918221"	"species"	"Cistogaster globosa"	"GCA_937654795.1"	1368	1033	7	29.68		"Chromosome"	837758165	4072864	122899074	98.7
"166959"	"species"	"Tetramitus jugosus"	"GCA_937658345.1"	87	87		41.5		"Contig"	26414222	482809	482809	
"347359"	"species"	"Halyzia sedecimguttata"	"GCA_937662695.2"	213	58	10	35.76		"Chromosome"	919090586	14028202	111009446	97.60000000000001
"41880"	"species"	"Pycnococcus provasolii"	"GCA_938743315.1"	563	561		57.5		"Scaffold"	43744632	198061	198061	
"41880"	"species"	"Pycnococcus provasolii"	"GCA_938743325.2"	49	44	44	57.5		"Chromosome"	32229639	728549	757545	
"2741128"	"species"	"Bombylius discolor"	"GCA_939192785.1"	2310	2307		25.5		"Scaffold"	228578990	185253	185253	
"2741128"	"species"	"Bombylius discolor"	"GCA_939192795.1"	81	17	6	25.76		"Chromosome"	279827877	7369845	53173211	95.30000000000001
"987013"	"species"	"Thera britannica"	"GCA_939531245.2"	2160	2160		37.5		"Contig"	352433871	380420	380420	
"987013"	"species"	"Thera britannica"	"GCA_939531255.2"	139	47	19	37.82		"Chromosome"	380622102	6403893	22904759	98.5
"27328"	"species"	"Metschnikowia zobellii"	"GCA_939531315.1"	16	15		48		"Scaffold"	13530125	1873630	1873630	
"27328"	"species"	"Metschnikowia zobellii"	"GCA_939531405.1"	6	5	5	47.7		"Chromosome"	13602261	2836740	2836740	99.10000000000001
"997545"	"species"	"Xestia sexstrigata"	"GCA_941918865.2"	867	867		38.5		"Contig"	604578328	1597079	1597079	
"1262321"	"species"	"Phyto melanocephala"	"GCA_941918875.1"	5687	5687		30		"Contig"	708676230	226609	226609	
"997545"	"species"	"Xestia sexstrigata"	"GCA_941918905.2"	103	41	32	38.58		"Chromosome"	638317840	12018096	21939867	99
"1262321"	"species"	"Phyto melanocephala"	"GCA_941918925.1"	194	9	6	30.14		"Chromosome"	739740587	13167689	136775264	98.80000000000001
"1210413"	"species"	"Sthenelais limicola"	"GCA_942159475.1"	1310	201	9	38.99		"Chromosome"	1131133856	10232024	136979486	95.4
"1210413"	"species"	"Sthenelais limicola"	"GCA_942183725.1"	2990	2916		39		"Scaffold"	1125722229	1450950	1468755	
"27454"	"species"	"Calliphora vomitoria"	"GCA_942486065.2"	300	136	6	30.5		"Chromosome"	707626003	14560000	130622763	
"27454"	"species"	"Calliphora vomitoria"	"GCA_942486075.2"	1662	1662		30.5		"Contig"	707949400	1424129	1424129	
"1857961"	"species"	"Agrotis puta"	"GCA_943136025.2"	71	34	31	38.5		"Chromosome"	522118748	11978410	18150770	
"1857961"	"species"	"Agrotis puta"	"GCA_943137145.2"	1847	1847		38.5		"Contig"	517468476	637518	637518	
"988041"	"species"	"Tholera decimalis"	"GCA_943138005.2"	4325	4320		37.5		"Scaffold"	1237757284	658577	661015	
"247415"	"species"	"Ophonus ardosiacus"	"GCA_943138245.1"	2769	2769		31		"Contig"	884352981	650894	650894	
"988041"	"species"	"Tholera decimalis"	"GCA_943138885.2"	310	83	31	37.79		"Chromosome"	1334066527	10165913	44326127	99
"247415"	"species"	"Ophonus ardosiacus"	"GCA_943142095.1"	301	73	19	30.830000000000002		"Chromosome"	911900507	8331656	52059326	98.10000000000001
"105697"	"species"	"Mucor piriformis"	"GCA_943193625.1"	8	7	6	37.06		"Chromosome"	34898162	18443047	18443047	96
"105697"	"species"	"Mucor piriformis"	"GCA_943193635.1"	33	33		38		"Contig"	1994051	153165	153165	
"1666818"	"species"	"Acentria ephemerella"	"GCA_943193645.1"	37	35	31	33.14		"Chromosome"	340777416	12251206	12251206	98.80000000000001
"1666818"	"species"	"Acentria ephemerella"	"GCA_943193655.1"	256	256		33		"Contig"	336121962	2530260	2530260	
"494438"	"species"	"Meconema thalassinum"	"GCA_943193665.1"	68285	68284		40		"Scaffold"	6711058256	178095	178095	
"58853"	"species"	"Trichoderma citrinoviride"	"GCA_943193675.1"	7	7		48.5		"Contig"	254972	35027	35027	
"1857951"	"species"	"Acrobasis suavella"	"GCA_943193685.1"	1155	1155		36.5		"Contig"	514085146	1054392	1054392	
"1857951"	"species"	"Acrobasis suavella"	"GCA_943193695.1"	54	31	30	36.57		"Chromosome"	647267125	21951097	23584496	98.80000000000001
"317029"	"species"	"Trichoderma pseudokoningii"	"GCA_943193705.1"	9	7	7	52.39		"Chromosome"	32931900	5093812	5093812	97.2
"5341"	"species"	"Agaricus bisporus"	"GCA_943193715.1"	32	13	13	46.4		"Chromosome"	30321411	1624698	2508076	93.4
"5341"	"species"	"Agaricus bisporus"	"GCA_943193725.1"	191	191		46.5		"Contig"	28894111	287819	287819	
"2735243"	"species"	"Sphaerophoria taeniata"	"GCA_943590905.1"	205	25	5	36.52		"Chromosome"	609254214	9215195	164279875	96.5
"2735243"	"species"	"Sphaerophoria taeniata"	"GCA_943591125.1"	935	935		36.5		"Contig"	609456052	2128915	2128915	
"2249760"	"species"	"Stelis phaeoptera"	"GCA_943735885.1"	203	182	17	40.76		"Chromosome"	301062759	13395760	14114627	97.2
"2249760"	"species"	"Stelis phaeoptera"	"GCA_943735895.1"	1603	1603		40		"Contig"	246175832	269156	269156	
"1096077"	"species"	"Pherbina coryleti"	"GCA_943735905.1"	3429	3396		33.5		"Scaffold"	872810113	557358	562689	
"1096077"	"species"	"Pherbina coryleti"	"GCA_943735915.1"	576	17	6	33.54		"Chromosome"	862951653	3328242	178934347	97.4
"670595"	"species"	"Pollenia amentaria"	"GCA_943735925.1"	239	34	6	30.68		"Chromosome"	1270755911	19389550	235639307	98.80000000000001
"670595"	"species"	"Pollenia amentaria"	"GCA_943735935.1"	1558	1558		30.5		"Contig"	1262528403	2047907	2047907	
"60958"	"species"	"Piscicola geometra"	"GCA_943735945.1"	2335	2335		38.5		"Contig"	205393665	308096	308096	
"60958"	"species"	"Piscicola geometra"	"GCA_943735955.1"	254	69	17	37.49		"Chromosome"	171080115	1427829	9301023	74.2
"934840"	"species"	"Eupithecia abbreviata"	"GCA_943735965.1"	74	69	32	37.44		"Chromosome"	383447363	13098345	13098345	97.9
"934840"	"species"	"Eupithecia abbreviata"	"GCA_943735975.1"	367	365		37.5		"Scaffold"	352871579	2292704	2292704	
"287197"	"species"	"Sesia bembeciformis"	"GCA_943735985.1"	1883	1883		36.5		"Contig"	466228045	539933	539933	
"287197"	"species"	"Sesia bembeciformis"	"GCA_943735995.1"	51	44	31	36.56		"Chromosome"	477135390	17138721	17397286	98.7
"222778"	"species"	"Tenthredo mesomela"	"GCA_943736025.1"	245	67	10	37.46		"Chromosome"	392837180	3419667	44941172	95.30000000000001
"222778"	"species"	"Tenthredo mesomela"	"GCA_943736035.1"	1743	1743		37.5		"Contig"	387714376	646674	646674	
"2829445"	"species"	"Myopa tessellatipennis"	"GCA_943737945.2"	534	534		36.5		"Contig"	246903453	2161221	2161221	
"2829445"	"species"	"Myopa tessellatipennis"	"GCA_943737955.2"	18	5	4	36.5		"Chromosome"	249257482	39921807	65812558	
"1660579"	"species"	"Agriphila geniculea"	"GCA_943789515.1"	1537	1535		36.5		"Scaffold"	723572193	922356	922356	
"1660579"	"species"	"Agriphila geniculea"	"GCA_943789525.1"	253	61	30	36.52		"Chromosome"	781638172	7273996	26408729	98.2
"878211"	"species"	"Nebria salina"	"GCA_944039245.1"	744	551	21	32.25		"Chromosome"	256715385	3131785	11282846	98.80000000000001
"878211"	"species"	"Nebria salina"	"GCA_944039265.1"	1418	1418		32		"Contig"	219579625	809889	809889	
"330862"	"species"	"Tiphia femorata"	"GCA_944319695.1"	75	49	12	43.79		"Chromosome"	276140075	12680120	25801794	96
"330862"	"species"	"Tiphia femorata"	"GCA_944319705.1"	1034	1034		44		"Contig"	273622424	657099	657099	
"91739"	"species"	"Aricia agestis"	"GCA_944452645.1"	108	107		37		"Scaffold"	433632574	10368076	10368076	
"2979155"	"species"	"Ophion slaviceki"	"GCA_944452655.1"	5763	5763		39		"Contig"	627304699	197158	197158	
"1660692"	"species"	"Stenoptilia bipunctidactyla"	"GCA_944452665.1"	675	313	30	35.550000000000004		"Chromosome"	822879636	3693567	27025175	97.60000000000001
"631329"	"species"	"Tachina lurida"	"GCA_944452675.1"	544	41	6	31.240000000000002		"Chromosome"	899158429	3838872	167332097	98.10000000000001
"631329"	"species"	"Tachina lurida"	"GCA_944452685.1"	3952	3952		31.5		"Contig"	857411611	502210	502210	
"91739"	"species"	"Aricia agestis"	"GCA_944452695.1"	49	29	23	36.86		"Chromosome"	437367655	15281729	19133073	97.2
"1660692"	"species"	"Stenoptilia bipunctidactyla"	"GCA_944452705.1"	1429	1426		35.5		"Scaffold"	796815271	1284148	1284148	
"1539398"	"species"	"Ophion luteus"	"GCA_944452715.1"	2835	571	13	38.85		"Chromosome"	654222225	472634	50234018	92.60000000000001
"1385029"	"species"	"Rhogogaster chlorosoma"	"GCA_944452905.1"	938	937		39		"Scaffold"	245050874	1558262	1558262	
"1587174"	"species"	"Chrysolina oricalcia"	"GCA_944452915.2"	8736	8735		33		"Scaffold"	328970316	39201	39201	
"1587174"	"species"	"Chrysolina oricalcia"	"GCA_944452925.2"	506	82	22	33.86		"Chromosome"	1423436458	6296000	69622592	99.30000000000001
"1385029"	"species"	"Rhogogaster chlorosoma"	"GCA_944452935.1"	27	10	10	38.980000000000004		"Chromosome"	255271170	12573238	27728829	95.80000000000001
"1042620"	"species"	"Micropterix aruncella"	"GCA_944547385.1"	11393	11379		37.5		"Scaffold"	928250059	124179	124344	
"934844"	"species"	"Eupithecia centaureata"	"GCA_944547425.1"	547	161	32	36.85		"Chromosome"	465578106	1615577	15011971	97.9
"934844"	"species"	"Eupithecia centaureata"	"GCA_944548335.1"	1605	1602		37		"Scaffold"	458027832	514340	514340	
"1042620"	"species"	"Micropterix aruncella"	"GCA_944548615.1"	4032	826	31	37.15		"Chromosome"	1079196823	540406	35295981	75.8
"414934"	"species"	"Phosphuga atrata"	"GCA_944567605.1"	7170	7153		36		"Scaffold"	1139234133	402671	404699	
"218720"	"species"	"Carterocephalus palaemon"	"GCA_944567765.1"	60	44	31	38.37		"Chromosome"	394522428	13129920	13897380	98.4
"218720"	"species"	"Carterocephalus palaemon"	"GCA_944567795.1"	750	750		38.5		"Contig"	347244150	1715018	1715018	
"414934"	"species"	"Phosphuga atrata"	"GCA_944588485.1"	1708	589	18	35.9		"Chromosome"	1199979240	2238738	74247030	98.60000000000001
"1108570"	"species"	"Synanthedon myopaeformis"	"GCA_944738625.1"	2010	2009		34		"Scaffold"	277142348	235317	235317	
"2725509"	"species"	"Eristalinus sepulchralis"	"GCA_944738645.1"	386	76	6	41.21		"Chromosome"	376833488	5609999	66496560	96.5
"1126402"	"species"	"Andrena hattorfiana"	"GCA_944738655.2"	310	125	7	44.1		"Chromosome"	428510216	10245246	79350654	96.30000000000001
"1108570"	"species"	"Synanthedon myopaeformis"	"GCA_944738685.1"	36	32	31	34.01		"Chromosome"	295674245	10360151	10766502	98
"1126402"	"species"	"Andrena hattorfiana"	"GCA_944738785.2"	220	220		46		"Contig"	35513745	544819	544819	
"2725509"	"species"	"Eristalinus sepulchralis"	"GCA_944738805.1"	986	986		41		"Contig"	371787597	2639017	2639017	
"938167"	"species"	"Euclidia mi"	"GCA_944738845.2"	2114	2105		38		"Scaffold"	2356810954	2616949	2644120	
"110024"	"species"	"Nebria brevicollis"	"GCA_944738965.1"	787	424	15	33.08		"Chromosome"	241909001	2458479	13798286	98.4
"110024"	"species"	"Nebria brevicollis"	"GCA_944739395.1"	1950	1937		33		"Scaffold"	223348220	381756	381756	
"938167"	"species"	"Euclidia mi"	"GCA_944739405.2"	1834	302	31	38.04		"Chromosome"	2320373592	2774982	87750765	98.7
"558755"	"species"	"Cryptosula pallasiana"	"GCA_945257105.1"	3616	3616		37		"Contig"	519859578	422764	422764	
"558755"	"species"	"Cryptosula pallasiana"	"GCA_945261195.1"	1662	847	12	37.160000000000004		"Chromosome"	605593191	1788101	46264604	83.2
"1542540"	"species"	"Megachile ligniseca"	"GCA_945859555.1"	700	675	16	34.9		"Chromosome"	290020865	14111993	14111993	97.2
"1542540"	"species"	"Megachile ligniseca"	"GCA_945859565.1"	734	734		36		"Contig"	254262380	1803219	1803219	
"987440"	"species"	"Herminia tarsipennalis"	"GCA_945859575.2"	100	51	30	36.2		"Chromosome"	788433107	16015985	27762238	98.60000000000001
"987876"	"species"	"Amphipoea oculea"	"GCA_945859585.1"	453	453		38		"Contig"	530568238	3328575	3328575	
"481575"	"species"	"Megachile willughbiella"	"GCA_945859595.2"	347	337	16	40.77		"Chromosome"	413947718	14767377	15284273	97.5
"35632"	"species"	"Lumbricus rubellus"	"GCA_945859605.1"	2260	380	18	40.46		"Chromosome"	787515170	709756	41365854	90.60000000000001
"987440"	"species"	"Herminia tarsipennalis"	"GCA_945859615.2"	1805	1805		36		"Contig"	782601069	1015318	1015318	
"35632"	"species"	"Lumbricus rubellus"	"GCA_945859625.1"	7381	7119		40.5		"Scaffold"	699097700	189550	199733	
"481575"	"species"	"Megachile willughbiella"	"GCA_945859635.1"	654	654		39.5		"Contig"	359408557	1915025	1915025	
"987876"	"species"	"Amphipoea oculea"	"GCA_945859645.1"	53	39	31	38.28		"Chromosome"	669248832	22320631	23095043	98.9
"988060"	"species"	"Anorthoa munda"	"GCA_945859655.1"	1337	1335		38		"Scaffold"	932504803	1561652	1561652	
"988060"	"species"	"Anorthoa munda"	"GCA_945859665.1"	123	38	27	38.300000000000004		"Chromosome"	938645429	14168957	32402751	99
"286459"	"species"	"Episyrphus balteatus"	"GCA_945859675.1"	1899	1898		31		"Scaffold"	521356809	1191705	1191705	
"290404"	"species"	"Eupeodes corollae"	"GCA_945859685.1"	2107	783	4	33.910000000000004		"Chromosome"	648195582	2287194	158619773	96.7
"104428"	"species"	"Drepana falcataria"	"GCA_945859695.1"	138	138		39		"Contig"	323433285	5205332	5205332	
"286459"	"species"	"Episyrphus balteatus"	"GCA_945859705.1"	186	18	5	31.060000000000002		"Chromosome"	535345329	5909399	133640122	96.7
"689061"	"species"	"Apamea sordens"	"GCA_945859715.1"	35	31	31	38.22		"Chromosome"	614313245	21033426	21259203	98.9
"104428"	"species"	"Drepana falcataria"	"GCA_945859725.1"	34	31	31	38.87		"Chromosome"	326729860	11587502	11692006	98.60000000000001
"301036"	"species"	"Synanthedon formicaeformis"	"GCA_945859745.1"	35	31	31	34.42		"Chromosome"	321216854	11545479	11651530	97.80000000000001
"689061"	"species"	"Apamea sordens"	"GCA_945859755.1"	190	189		38		"Scaffold"	613307171	8769284	8769284	
"301036"	"species"	"Synanthedon formicaeformis"	"GCA_945859765.1"	380	380		34.5		"Contig"	307523041	2014889	2014889	
"290404"	"species"	"Eupeodes corollae"	"GCA_945859775.1"	3705	3701		34		"Scaffold"	605344499	1118934	1118934	
"1594294"	"species"	"Epinotia demarniana"	"GCA_945867215.1"	108	42	28	39.51		"Chromosome"	735796338	13504585	26883300	98.4
"1594294"	"species"	"Epinotia demarniana"	"GCA_945869435.1"	1964	1964		39.5		"Contig"	721164914	838189	838189	
"552050"	"species"	"Isoperla grammatica"	"GCA_945909985.1"	6742	6740		40		"Scaffold"	683989817	184610	184759	
"38945"	"species"	"Flammulina velutipes"	"GCA_945909995.2"	169	14	12	49.63		"Chromosome"	37347534	503127	3533511	93.9
"552050"	"species"	"Isoperla grammatica"	"GCA_945910005.1"	2826	682	14	39.99		"Chromosome"	874584190	653405	56757646	99.30000000000001
"2234001"	"species"	"Brachypalpus laphriformis"	"GCA_945910015.1"	6655	6655		41.5		"Contig"	944863842	351255	351255	
"38945"	"species"	"Flammulina velutipes"	"GCA_945910025.2"	107	107		49.5		"Contig"	2090579	19976	19976	
"2234001"	"species"	"Brachypalpus laphriformis"	"GCA_945910035.1"	161	27	5	41.26		"Chromosome"	1071394021	18727380	306296502	97.10000000000001
"987918"	"species"	"Cybosia mesomella"	"GCA_946251805.1"	210	51	31	40.34		"Chromosome"	947567172	9050000	33223415	98.80000000000001
"414801"	"species"	"Dasysyrphus albostriatus"	"GCA_946251815.1"	286	22	5	33.480000000000004		"Chromosome"	662539497	6406000	154042049	96.80000000000001
"414801"	"species"	"Dasysyrphus albostriatus"	"GCA_946251825.1"	1141	1140		33.5		"Scaffold"	662142265	1495986	1495986	
"1411667"	"species"	"Andrena fulva"	"GCA_946251835.1"	2264	2264		44.5		"Contig"	433082651	432209	432209	
"1411667"	"species"	"Andrena fulva"	"GCA_946251845.1"	358	317	7	44.480000000000004		"Chromosome"	461711296	12523661	47475851	96.5
"104486"	"species"	"Alsophila aescularia"	"GCA_946251855.1"	139	28	14	37.24		"Chromosome"	901596142	13301133	67363832	98.60000000000001
"987909"	"species"	"Cosmia pyralina"	"GCA_946251865.1"	2901	2901		38		"Contig"	787883141	510488	510488	
"987918"	"species"	"Cybosia mesomella"	"GCA_946251875.1"	3895	3895		40.5		"Contig"	929899041	424974	424974	
"987909"	"species"	"Cosmia pyralina"	"GCA_946251885.1"	184	50	31	38.28		"Chromosome"	803261471	9434096	27366473	99
"104486"	"species"	"Alsophila aescularia"	"GCA_946251895.1"	2891	2891		37		"Contig"	897150441	603123	603123	
"204949"	"species"	"Cryptocephalus moraei"	"GCA_946251905.1"	254	129	15	36.53		"Chromosome"	500544478	9642473	35831563	99
"254365"	"species"	"Abrostola triplasia"	"GCA_946251915.1"	38	35	31	37.22		"Chromosome"	362707411	12702214	12758438	98.9
"254365"	"species"	"Abrostola triplasia"	"GCA_946251925.1"	163	163		37		"Contig"	360541132	5247431	5247431	
"204949"	"species"	"Cryptocephalus moraei"	"GCA_946251935.1"	1618	1618		36.5		"Contig"	432225501	669611	669611	
"987865"	"species"	"Acronicta psi"	"GCA_946251945.1"	146	146		37		"Contig"	402064912	6814251	6814251	
"987865"	"species"	"Acronicta psi"	"GCA_946251955.1"	33	32	31	36.910000000000004		"Chromosome"	404684940	14236034	14236034	98.9
"287200"	"species"	"Apoda limacodes"	"GCA_946406115.1"	89	30	25	35.56		"Chromosome"	800335453	15913142	33043310	98.4
"287200"	"species"	"Apoda limacodes"	"GCA_946409105.1"	3503	3503		35.5		"Contig"	619830845	310580	310580	
"173985"	"species"	"Cheilosia urbana"	"GCA_946477585.1"	151	35	5	37.79		"Chromosome"	546925253	11782198	171959956	97.10000000000001
"173985"	"species"	"Cheilosia urbana"	"GCA_946477595.1"	1016	1016		38		"Contig"	536411985	1741533	1741533	
"934866"	"species"	"Eupithecia vulgata"	"GCA_946478135.1"	306	306		37.5		"Contig"	454167592	3964000	3964000	
"934866"	"species"	"Eupithecia vulgata"	"GCA_946478455.1"	52	39	31	37.28		"Chromosome"	454682321	16000884	16073052	97.80000000000001
"57919"	"species"	"Geum urbanum"	"GCA_946800285.1"	3007	3007		39.5		"Contig"	384893071	264460	264460	
"70936"	"species"	"Medicago arabica"	"GCA_946800295.1"	69	69		36		"Contig"	3540631	316132	316132	
"70936"	"species"	"Medicago arabica"	"GCA_946800305.1"	233	107	8	34.03		"Chromosome"	515505002	6476079	64674077	98.80000000000001
"102599"	"species"	"Misopates orontium"	"GCA_946800315.1"	61	28	8	35.74		"Chromosome"	361008136	13838486	47284787	98
"59018"	"species"	"Luzula sylvatica"	"GCA_946800325.1"	184	36	6	31.970000000000002		"Chromosome"	444535728	5345210	74526441	71.5
"59018"	"species"	"Luzula sylvatica"	"GCA_946800335.1"	2072	2071		32.5		"Scaffold"	324892716	649796	649796	
"13579"	"species"	"Juncus effusus"	"GCA_946800645.1"	111	111		34		"Contig"	6633779	129597	129597	
"13579"	"species"	"Juncus effusus"	"GCA_946800655.1"	270	89	21	33.19		"Chromosome"	242897133	2205953	11305184	73
"102599"	"species"	"Misopates orontium"	"GCA_946800665.1"	387	387		37		"Contig"	20294305	72504	72504	
"53169"	"species"	"Scutellaria galericulata"	"GCA_946800675.1"	149	149		34.5		"Contig"	12118684	2245896	2245896	
"57919"	"species"	"Geum urbanum"	"GCA_946800695.1"	111	24	21	39.980000000000004		"Chromosome"	1304378891	19537000	65224196	98.7
"2768810"	"species"	"Ailanthus altissimus"	"GCA_946807835.1"	47	35	31	32.21		"Chromosome"	938396475	29331030	29421908	98.7
"2768810"	"species"	"Ailanthus altissimus"	"GCA_946808065.1"	584	584		32.5		"Contig"	937153372	6082921	6082921	
"2866289"	"species"	"Netelia dilatata"	"GCA_946811545.1"	919	754	6	42.28		"Chromosome"	324740661	4036708	47279114	95.2
"1545138"	"species"	"Gonocerus acuteangulatus"	"GCA_946811585.1"	8571	8569		34.5		"Scaffold"	960543592	233537	233537	
"1545138"	"species"	"Gonocerus acuteangulatus"	"GCA_946811695.1"	1870	172	10	34.72		"Chromosome"	1106193860	1130754	121348353	99.2
"13055"	"species"	"Chamaenerion angustifolium"	"GCA_946814005.1"	145	123	18	37.82		"Chromosome"	655862486	17479157	36550787	95.4
"13055"	"species"	"Chamaenerion angustifolium"	"GCA_946814875.1"	715	715		38		"Contig"	601360774	4237622	4237622	
"2803881"	"species"	"Netelia fuscicornis"	"GCA_946815625.1"	1421	1421		43		"Contig"	291383333	854521	854521	
"2870495"	"species"	"Alloplasta piceator"	"GCA_946863875.1"	1461	376	11	35.96		"Chromosome"	549780226	1119203	56989836	94.5
"1100899"	"species"	"Acleris literana"	"GCA_946894065.1"	55	38	30	37.29		"Chromosome"	674873004	20431359	21986359	98.10000000000001
"1100899"	"species"	"Acleris literana"	"GCA_946894075.1"	704	704		37		"Contig"	675217176	2242295	2242295	
"101737"	"species"	"Incurvaria masculella"	"GCA_946894085.1"	658	658		39.5		"Contig"	552407660	1621739	1621739	
"101737"	"species"	"Incurvaria masculella"	"GCA_946894095.1"	41	30	26	39.59		"Chromosome"	552021864	19935990	21889303	91.9
"53169"	"species"	"Scutellaria galericulata"	"GCA_946896805.1"	42	15	15	33.35		"Chromosome"	327661284	11603307	20504200	98.2
"753375"	"species"	"Nematopogon swammerdamellus"	"GCA_946902865.1"	2478	2478		41.5		"Contig"	660835487	501630	501630	
"753375"	"species"	"Nematopogon swammerdamellus"	"GCA_946902875.1"	257	40	31	41.42		"Chromosome"	699503999	5510598	23985694	92
"494438"	"species"	"Meconema thalassinum"	"GCA_946902985.2"	2251	454	15	40.5		"Chromosome"	9039060273	9856111	991394496	
"226147"	"species"	"Blera fallax"	"GCA_946965025.1"	184	61	7	39.32		"Chromosome"	461821444	5586187	79067313	97.2
"226147"	"species"	"Blera fallax"	"GCA_946965035.1"	1636	1636		39.5		"Contig"	286836166	405383	405383	
"194200"	"species"	"Ballota nigra"	"GCA_947034835.1"	241	17	11	37.56		"Chromosome"	1186790492	11728139	104982948	97
"194200"	"species"	"Ballota nigra"	"GCA_947034845.1"	1943	1943		37.5		"Contig"	382352052	1011855	1011855	
"5322"	"species"	"Pleurotus ostreatus"	"GCA_947034855.1"	15	14	12	51.21		"Chromosome"	40554023	4316464	4316464	93
"135647"	"species"	"Barbatula barbatula"	"GCA_947034865.1"	924	99	25	39.7		"Chromosome"	617646710	2654543	24423978	96.2
"5322"	"species"	"Pleurotus ostreatus"	"GCA_947034875.1"	53	53		51		"Contig"	40820812	1811266	1811266	
"67428"	"species"	"Thuidium tamariscinum"	"GCA_947034885.2"	41	17	11	36.84		"Chromosome"	363012664	18047883	32540268	84.30000000000001
"28468"	"species"	"Rhytidiadelphus loreus"	"GCA_947034895.1"	563	530	5	38.54		"Chromosome"	407207276	20175178	84776342	84.30000000000001
"135647"	"species"	"Barbatula barbatula"	"GCA_947034905.1"	2237	2237		39.5		"Contig"	571749702	606763	606763	
"1100989"	"species"	"Eudemis profundana"	"GCA_947034915.1"	864	864		38.5		"Contig"	682960239	1755860	1755860	
"1100989"	"species"	"Eudemis profundana"	"GCA_947034925.1"	134	43	28	38.49		"Chromosome"	691272826	16582823	25204545	98.5
"988004"	"species"	"Nycteola revayana"	"GCA_947037095.2"	109	44	26	36.5		"Chromosome"	621024246	11315063	21960024	
"988004"	"species"	"Nycteola revayana"	"GCA_947038005.2"	499	499		36.5		"Contig"	621926855	2691118	2691118	
"1666458"	"species"	"Apomyelois bistriatella"	"GCA_947044225.1"	343	343		36		"Contig"	347797802	3668742	3668742	
"934845"	"species"	"Eupithecia dodoneata"	"GCA_947044255.1"	217	217		37.5		"Contig"	349610571	3137352	3137352	
"934845"	"species"	"Eupithecia dodoneata"	"GCA_947044415.1"	39	32	31	37.300000000000004		"Chromosome"	353641053	12556972	12556972	98
"1666458"	"species"	"Apomyelois bistriatella"	"GCA_947044815.1"	40	32	32	35.84		"Chromosome"	389556621	13351333	13669180	98.80000000000001
"1594293"	"species"	"Epinotia bilunana"	"GCA_947049265.1"	881	881		39.5		"Contig"	651465082	1703155	1703155	
"1594293"	"species"	"Epinotia bilunana"	"GCA_947049275.1"	142	45	28	39.35		"Chromosome"	659028177	8321754	24745286	97.9
"934875"	"species"	"Ligdia adustata"	"GCA_947049285.1"	1166	1166		35.5		"Contig"	375808107	651102	651102	
"934875"	"species"	"Ligdia adustata"	"GCA_947049295.1"	52	35	31	35.37		"Chromosome"	399710632	12895190	14256869	98.60000000000001
"414814"	"species"	"Epistrophella euchroma"	"GCA_947049305.1"	719	718		32.5		"Scaffold"	506142826	2236581	2236581	
"414814"	"species"	"Epistrophella euchroma"	"GCA_947049315.1"	87	6	6	32.74		"Chromosome"	523309982	12097380	160672062	96.5
"934942"	"species"	"Hemistola chrysoprasaria"	"GCA_947059775.1"	1663	1663		37.5		"Contig"	404997282	521633	521633	
"934942"	"species"	"Hemistola chrysoprasaria"	"GCA_947063395.1"	81	31	30	37.38		"Chromosome"	438237544	8928695	16143413	98.2
"2870497"	"species"	"Esperia sulphurella"	"GCA_947086405.1"	105	34	30	38.13		"Chromosome"	453206733	8224243	16376554	98.10000000000001
"1870148"	"species"	"Pammene aurita"	"GCA_947086415.1"	245	51	28	37.51		"Chromosome"	1041796253	9236171	37501620	98.10000000000001
"934904"	"species"	"Xanthorhoe spadicearia"	"GCA_947086425.1"	50	32	31	36.31		"Chromosome"	276674840	7616428	10252953	98.4
"934904"	"species"	"Xanthorhoe spadicearia"	"GCA_947086435.1"	169	169		36.5		"Contig"	259778591	3815007	3815007	
"1870148"	"species"	"Pammene aurita"	"GCA_947086445.1"	3941	3933		37.5		"Scaffold"	951007954	478140	479943	
"2870497"	"species"	"Esperia sulphurella"	"GCA_947086455.1"	3327	3327		38		"Contig"	421633396	270946	270946	
"934847"	"species"	"Eupithecia exiguata"	"GCA_947086465.1"	117	32	31	37.550000000000004		"Chromosome"	372871325	5437668	13143396	97.9
"934847"	"species"	"Eupithecia exiguata"	"GCA_947086475.1"	1461	1461		37.5		"Contig"	368896915	441991	441991	
"753441"	"species"	"Trisateles emortualis"	"GCA_947095525.1"	53	32	31	36.44		"Chromosome"	565499321	18979242	20149241	98.7
"369887"	"species"	"Poecilobothrus nobilitatus"	"GCA_947095535.1"	890	92	5	25.25		"Chromosome"	943969335	3616594	272287048	92.4
"753441"	"species"	"Trisateles emortualis"	"GCA_947095545.1"	451	451		36.5		"Contig"	562883226	2755475	2755475	
"934936"	"species"	"Electrophaes corylata"	"GCA_947095555.1"	253	253		37		"Contig"	333724589	3298091	3298091	
"369887"	"species"	"Poecilobothrus nobilitatus"	"GCA_947095565.1"	6325	6325		25		"Contig"	884820985	360312	360312	
"934936"	"species"	"Electrophaes corylata"	"GCA_947095575.1"	61	34	30	37.25		"Chromosome"	347537795	9829084	12663981	98.2
"566305"	"species"	"Nephrocerus scutellatus"	"GCA_947095585.1"	266	8	6	37.99		"Chromosome"	613373670	4302369	119915786	97.60000000000001
"566305"	"species"	"Nephrocerus scutellatus"	"GCA_947095595.1"	1393	1393		38		"Contig"	365885237	1101975	1101975	
"110368"	"species"	"Bicyclus anynana"	"GCA_947172395.1"	769	82	28	36.56		"Chromosome"	457159770	1166575	17439807	98.2
"110368"	"species"	"Bicyclus anynana"	"GCA_947172465.1"	1469	1468		36.5		"Scaffold"	153244533	169060	169060	
"45834"	"species"	"Solanum dulcamara"	"GCA_947179135.2"	3278	3278		36.5		"Contig"	936850355	1455101	1455101	
"4052"	"species"	"Hedera helix"	"GCA_947179155.2"	375	53	24	32.65		"Chromosome"	1198586830	13335294	50454882	99.2
"45834"	"species"	"Solanum dulcamara"	"GCA_947179165.2"	143	105	12	35.84		"Chromosome"	946304905	44229464	80040668	97.60000000000001
"4052"	"species"	"Hedera helix"	"GCA_947179205.2"	5798	5777		32.5		"Scaffold"	1083235880	966416	974908	
"56535"	"species"	"Pulicaria dysenterica"	"GCA_947179335.2"	4069	4068		35.5		"Scaffold"	609739674	323262	323262	
"56535"	"species"	"Pulicaria dysenterica"	"GCA_947179395.2"	127	60	9	35.61		"Chromosome"	833230194	22105616	99126001	97
"39272"	"species"	"Allacma fusca"	"GCA_947179445.1"	3055	3054		37		"Scaffold"	240786774	127290	127290	
"39272"	"species"	"Allacma fusca"	"GCA_947179485.1"	743	95	6	36.89		"Chromosome"	392772038	1002386	66084411	94.4
"10129"	"species"	"Apodemus sylvaticus"	"GCA_947179515.1"	1626	497	25	41.230000000000004		"Chromosome"	2889785202	4449850	120938251	96
"10129"	"species"	"Apodemus sylvaticus"	"GCA_947179525.1"	10863	10861		41.5		"Scaffold"	2392986241	424995	424995	
"6526"	"species"	"Biomphalaria glabrata"	"GCA_947242115.1"	200	43	18	36.15		"Chromosome"	850620091	10774472	48536009	94.30000000000001
"6526"	"species"	"Biomphalaria glabrata"	"GCA_947242385.1"	2845	2845		36		"Contig"	623420618	647569	647569	
"31201"	"species"	"Spisula solida"	"GCA_947247005.1"	131	37	19	35.56		"Chromosome"	932088914	15021671	52695421	79.80000000000001
"31201"	"species"	"Spisula solida"	"GCA_947247015.1"	1805	1804		35.5		"Scaffold"	928906444	1198388	1198388	
"987862"	"species"	"Acronicta leporina"	"GCA_947256265.1"	72	34	32	37.18		"Chromosome"	465575723	9296191	16347223	99.10000000000001
"987862"	"species"	"Acronicta leporina"	"GCA_947256475.1"	256	256		37		"Contig"	421000426	4562781	4562781	
"1100951"	"species"	"Coleophora flavipennella"	"GCA_947284805.1"	615	184	57	38.79		"Chromosome"	989256818	4005000	17852142	97.9
"1100951"	"species"	"Coleophora flavipennella"	"GCA_947285645.1"	3345	3345		39		"Contig"	916556629	488419	488419	
"33466"	"species"	"Yponomeuta malinellus"	"GCA_947307965.1"	1096	1096		39		"Contig"	526062519	1127706	1127706	
"33466"	"species"	"Yponomeuta malinellus"	"GCA_947308005.1"	233	108	32	39.29		"Chromosome"	568742162	5594066	19437463	97.5
"2567736"	"species"	"Yponomeuta cagnagella"	"GCA_947310355.1"	415	415		39		"Contig"	526289377	3172057	3172057	
"2741127"	"species"	"Nephrotoma appendiculata"	"GCA_947310385.1"	1101	422	4	33.05		"Chromosome"	1138043649	3235052	375927842	94.4
"1594356"	"species"	"Yponomeuta plumbellus"	"GCA_947310575.1"	2169	2169		39		"Contig"	623278161	679964	679964	
"1594356"	"species"	"Yponomeuta plumbellus"	"GCA_947310845.1"	65	50	31	39.24		"Chromosome"	636627394	21017000	22918849	97.60000000000001
"1776473"	"species"	"Lypha dubia"	"GCA_947310935.1"	2818	2818		31		"Contig"	633062137	600376	600376	
"2567736"	"species"	"Yponomeuta cagnagella"	"GCA_947310995.1"	129	89	32	39.27		"Chromosome"	575378505	14200349	19772650	97.80000000000001
"2741127"	"species"	"Nephrotoma appendiculata"	"GCA_947311015.1"	5212	5212		33		"Contig"	1101316354	472575	472575	
"1776473"	"species"	"Lypha dubia"	"GCA_947311025.1"	617	261	6	31.35		"Chromosome"	645045364	3454164	112609545	98.4
"2567736"	"species"	"Yponomeuta cagnagella"	"GCA_947311065.1"	724	724		39		"Contig"	557933069	1564806	1564806	
"2567736"	"species"	"Yponomeuta cagnagella"	"GCA_947311075.1"	114	43	31	39		"Chromosome"	556688374	8283376	19796368	
"8262"	"species"	"Pleuronectes platessa"	"GCA_947347685.1"	1427	355	24	42.5		"Chromosome"	687388084	1477112	26648505	97.9
"8262"	"species"	"Pleuronectes platessa"	"GCA_947347695.1"	3222	3219		42.5		"Scaffold"	613421917	471168	471168	
"1594316"	"species"	"Nymphula nitidulata"	"GCA_947347705.1"	45	40	31	36.72		"Chromosome"	635770143	21168000	22210000	98.9
"1594316"	"species"	"Nymphula nitidulata"	"GCA_947347715.1"	598	598		36.5		"Contig"	547613029	1894875	1894875	
"210248"	"species"	"Acrocera orbiculus"	"GCA_947359355.1"	75	73	5	27.310000000000002		"Chromosome"	221013885	63123693	63123693	91.60000000000001
"94026"	"species"	"Metellina segmentata"	"GCA_947359365.1"	5546	5546		35.5		"Contig"	1371589922	459504	459504	
"934925"	"species"	"Chesias legatella"	"GCA_947359375.1"	793	793		37		"Contig"	233185576	576225	576225	
"934925"	"species"	"Chesias legatella"	"GCA_947359385.1"	79	35	31	37.36		"Chromosome"	310258074	6173170	11018016	98.4
"210248"	"species"	"Acrocera orbiculus"	"GCA_947359395.1"	522	522		27.5		"Contig"	209124642	2271530	2271530	
"988062"	"species"	"Antitype chi"	"GCA_947359405.1"	108	37	31	38.08		"Chromosome"	632202931	10376138	21733341	99
"988062"	"species"	"Antitype chi"	"GCA_947359415.1"	1571	1571		38		"Contig"	616439491	793694	793694	
"296003"	"species"	"Lagria hirta"	"GCA_947359425.1"	138	25	12	29.45		"Chromosome"	336767380	7715647	31908519	98
"296003"	"species"	"Lagria hirta"	"GCA_947359435.1"	474	474		29.5		"Contig"	304305382	2923370	2923370	
"691988"	"species"	"Monopis laevigella"	"GCA_947359445.1"	148	55	25	34.19		"Chromosome"	625462426	11645250	24558259	95.4
"691988"	"species"	"Monopis laevigella"	"GCA_947359455.1"	530	530		34		"Contig"	590340172	2479109	2479109	
"94026"	"species"	"Metellina segmentata"	"GCA_947359465.1"	1059	177	13	35.550000000000004		"Chromosome"	1665108155	3433000	129427594	98
"987475"	"species"	"Charanyca ferruginea"	"GCA_947361185.1"	158	44	31	37.51		"Chromosome"	854648588	19352951	27761565	98.9
"1366396"	"species"	"Euzophera pinguis"	"GCA_947363495.1"	128	56	30	36.300000000000004		"Chromosome"	464714582	7703320	17073911	98.9
"997537"	"species"	"Lithophane semibrunnea"	"GCA_947363655.1"	1524	1524		38		"Contig"	500955303	706794	706794	
"997537"	"species"	"Lithophane semibrunnea"	"GCA_947363905.1"	288	43	32	37.89		"Chromosome"	557989272	2743605	18234465	99
"987870"	"species"	"Agrochola lota"	"GCA_947364205.1"	95	36	31	38		"Chromosome"	636702707	11176252	21830991	99
"987870"	"species"	"Agrochola lota"	"GCA_947364295.1"	651	651		38		"Contig"	623472971	2151531	2151531	
"1366396"	"species"	"Euzophera pinguis"	"GCA_947365835.1"	4048	4048		36.5		"Contig"	417364508	173005	173005	
"987475"	"species"	"Charanyca ferruginea"	"GCA_947366815.1"	1431	1426		37.5		"Scaffold"	734728855	1453008	1454942	
"350087"	"species"	"Cantharis rufa"	"GCA_947369205.1"	85	18	7	31.66		"Chromosome"	355314269	10477904	50306085	98.60000000000001
"350087"	"species"	"Cantharis rufa"	"GCA_947369215.1"	1015	1014		31.5		"Scaffold"	339657914	968230	968230	
"572861"	"species"	"Hofmannophila pseudospretella"	"GCA_947369225.1"	79	29	28	38.27		"Chromosome"	406154854	8559969	14950471	98.60000000000001
"1002971"	"species"	"Udea olivalis"	"GCA_947369235.1"	139	46	31	38.11		"Chromosome"	624338531	8228797	21486546	98.7
"1002971"	"species"	"Udea olivalis"	"GCA_947369245.1"	1322	1322		38		"Contig"	598116439	922333	922333	
"572861"	"species"	"Hofmannophila pseudospretella"	"GCA_947369255.1"	329	329		38.5		"Contig"	394155464	2571198	2571198	
"343700"	"species"	"Nemotelus nigrinus"	"GCA_947369265.1"	5782	5776		37		"Scaffold"	653143056	320576	321827	
"343700"	"species"	"Nemotelus nigrinus"	"GCA_947369275.1"	3489	636	5	37.08		"Chromosome"	722182905	1637451	217608999	92.7
"987979"	"species"	"Melanchra persicariae"	"GCA_947386135.1"	107	45	31	38.79		"Chromosome"	647895792	11584858	21548939	99.10000000000001
"987979"	"species"	"Melanchra persicariae"	"GCA_947386145.1"	609	609		39		"Contig"	626669483	2393193	2393193	
"169500"	"species"	"Coelopa pilipes"	"GCA_947389915.1"	802	802		43		"Contig"	248502080	675179	675179	
"169500"	"species"	"Coelopa pilipes"	"GCA_947389925.1"	433	38	7	42.550000000000004		"Chromosome"	262952336	1280259	47252759	97.9
"1586972"	"species"	"Agrilus cyanescens"	"GCA_947389935.1"	105	10	10	34.14		"Chromosome"	292338215	5283000	29744825	97.80000000000001
"1586972"	"species"	"Agrilus cyanescens"	"GCA_947389945.1"	1330	1330		34		"Contig"	260942280	540517	540517	
"1918187"	"species"	"Thelaira solivaga"	"GCA_947397855.1"	216	26	7	29.8		"Chromosome"	429338799	3407366	77173402	99
"2866287"	"species"	"Polietes domitor"	"GCA_947397865.1"	2498	778	6	34.11		"Chromosome"	1043309519	1245466	190665199	98.5
"2866287"	"species"	"Polietes domitor"	"GCA_947397875.1"	5625	5479		34		"Scaffold"	976804195	354698	376196	
"1918187"	"species"	"Thelaira solivaga"	"GCA_947397885.1"	772	772		29.5		"Contig"	370017034	1223316	1223316	
"106386"	"species"	"Pterostichus niger"	"GCA_947425015.1"	595	178	19	31.330000000000002		"Chromosome"	674081354	2834613	36870366	97.9
"106386"	"species"	"Pterostichus niger"	"GCA_947425025.1"	1960	1958		31.5		"Scaffold"	589475222	657240	664026	
"988065"	"species"	"Aporophyla nigra"	"GCA_947458395.1"	758	758		38		"Contig"	726703739	2438267	2438267	
"691988"	"species"	"Monopis laevigella"	"GCA_947458855.1"	108	35	25	34.18		"Chromosome"	632589603	12832485	26464553	95.5
"691988"	"species"	"Monopis laevigella"	"GCA_947458865.1"	373	373		34		"Contig"	586846331	3865128	3865128	
"987926"	"species"	"Diloba caeruleocephala"	"GCA_947459985.1"	136	36	31	39.81		"Chromosome"	762516417	9820628	27899106	99
"987926"	"species"	"Diloba caeruleocephala"	"GCA_947459995.1"	2559	2559		40		"Contig"	746774156	585392	585392	
"572857"	"species"	"Hemithea aestivaria"	"GCA_947461825.1"	5046	5046		36.5		"Contig"	496814523	171304	171304	
"46595"	"species"	"Harmothoe impar"	"GCA_947462335.1"	3019	861	18	42.75		"Chromosome"	1512304043	1337000	83397641	93
"987896"	"species"	"Caradrina kadenii"	"GCA_947462355.1"	39	34	31	37.93		"Chromosome"	425987072	15330137	15330137	98.9
"46595"	"species"	"Harmothoe impar"	"GCA_947462385.1"	6738	6659		42.5		"Scaffold"	1399825932	431858	440568	
"987896"	"species"	"Caradrina kadenii"	"GCA_947462605.1"	666	666		38		"Contig"	407318139	1384995	1384995	
"326959"	"species"	"Eulithis testata"	"GCA_947507505.1"	220	220		37.5		"Contig"	289201584	3034860	3034860	
"326959"	"species"	"Eulithis testata"	"GCA_947507515.1"	68	35	30	37.36		"Chromosome"	308082778	9289000	10981015	98.10000000000001
"987880"	"species"	"Apamea epomidion"	"GCA_947507525.1"	107	36	32	39.1		"Chromosome"	624644460	10791849	20943201	99.10000000000001
"687122"	"species"	"Pyralis farinalis"	"GCA_947507535.1"	2801	2801		38.5		"Contig"	712356640	553579	553579	
"494138"	"species"	"Clistopyga incitator"	"GCA_947507545.1"	182	25	21	40.87		"Chromosome"	260675948	2365487	13682479	95.30000000000001
"987880"	"species"	"Apamea epomidion"	"GCA_947507555.1"	754	754		39		"Contig"	580616124	1732187	1732187	
"494138"	"species"	"Clistopyga incitator"	"GCA_947507575.1"	738	738		41		"Contig"	253034390	1132371	1132371	
"687122"	"species"	"Pyralis farinalis"	"GCA_947507595.1"	323	65	27	38.47		"Chromosome"	985727948	7072203	39277333	98.5
"572857"	"species"	"Hemithea aestivaria"	"GCA_947507615.1"	376	93	31	36.59		"Chromosome"	501696139	2591731	17632203	98
"987875"	"species"	"Amphipoea lucens"	"GCA_947507765.1"	723	723		38		"Contig"	641437241	2295032	2295032	
"988065"	"species"	"Aporophyla nigra"	"GCA_947507805.1"	120	62	31	37.95		"Chromosome"	736874160	11875565	24958797	99.10000000000001
"987875"	"species"	"Amphipoea lucens"	"GCA_947508005.1"	108	42	31	38.24		"Chromosome"	647703034	11346000	22308434	98.7
"2964684"	"species"	"Dryobota labecula"	"GCA_947522625.1"	1745	1745		37.5		"Contig"	672436633	814241	814241	
"997538"	"species"	"Lithophane socia"	"GCA_947522845.1"	317	317		37.5		"Contig"	484178456	3344772	3344772	
"997538"	"species"	"Lithophane socia"	"GCA_947522985.1"	84	36	31	37.72		"Chromosome"	489329867	11704965	16922983	99
"2964684"	"species"	"Dryobota labecula"	"GCA_947523025.1"	130	41	32	37.34		"Chromosome"	766976549	10216274	26640437	99
"1101167"	"species"	"Elegia similella"	"GCA_947532085.1"	49	33	30	37.56		"Chromosome"	780449290	23057964	28718319	98.80000000000001
"1101167"	"species"	"Elegia similella"	"GCA_947532095.1"	779	779		37.5		"Contig"	719976164	2349443	2349443	
"1101086"	"species"	"Athrips mouffetella"	"GCA_947532105.1"	272	126	31	37.75		"Chromosome"	869715962	9643536	29779897	98.4
"1101086"	"species"	"Athrips mouffetella"	"GCA_947532115.1"	2352	2351		37.5		"Scaffold"	780399241	716675	716675	
"332931"	"species"	"Saturnia pavonia"	"GCA_947532125.1"	71	31	30	34.910000000000004		"Chromosome"	489883575	13190847	17680408	98.60000000000001
"332931"	"species"	"Saturnia pavonia"	"GCA_947532135.1"	418	417		34.5		"Scaffold"	459864295	2430271	2430271	
"1553040"	"species"	"Agonum fuliginosum"	"GCA_947534325.1"	238	93	19	31.400000000000002		"Chromosome"	695891592	12663309	36153338	98.4
"1553040"	"species"	"Agonum fuliginosum"	"GCA_947534335.1"	2094	2094		31.5		"Contig"	626012494	748655	748655	
"468767"	"species"	"Neoitamus cyanurus"	"GCA_947538895.1"	94	16	10	38.02		"Chromosome"	365493643	6868000	42716038	96.2
"468767"	"species"	"Neoitamus cyanurus"	"GCA_947538905.1"	1696	1696		38		"Contig"	362089545	556223	556223	
"1385102"	"species"	"Tenthredo distinguenda"	"GCA_947538915.1"	110	94	9	41.1		"Chromosome"	229381786	14135000	25528205	95.80000000000001
"4002"	"species"	"Buxus sempervirens"	"GCA_947561395.3"	499	91	14	39		"Chromosome"	669501763	3177493	48884390	
"4002"	"species"	"Buxus sempervirens"	"GCA_947561485.2"	453	76		39		"Scaffold"	672057149	3103282	51833208	
"38561"	"species"	"Ascidia mentula"	"GCA_947561685.1"	323	323		39		"Contig"	183786213	2749136	2749136	
"179666"	"species"	"Tyria jacobaeae"	"GCA_947561695.1"	140	55	31	36.44		"Chromosome"	589679721	9303053	21035164	98.80000000000001
"179666"	"species"	"Tyria jacobaeae"	"GCA_947561705.1"	554	554		36.5		"Contig"	579757481	2452695	2452695	
"38561"	"species"	"Ascidia mentula"	"GCA_947561715.1"	127	95	9	39.2		"Chromosome"	196955708	11890000	21171019	93.10000000000001
"987469"	"species"	"Shargacucullia verbasci"	"GCA_947562055.1"	448	448		37		"Contig"	372590869	2114306	2114306	
"1100991"	"species"	"Eudonia lacustrata"	"GCA_947562065.1"	2462	2462		37.5		"Contig"	686754125	512077	512077	
"997542"	"species"	"Orthosia gracilis"	"GCA_947562075.1"	91	19	14	37.59		"Chromosome"	715533550	14109635	52000109	98.80000000000001
"1100991"	"species"	"Eudonia lacustrata"	"GCA_947562085.1"	228	54	30	37.69		"Chromosome"	699495293	5522000	24461152	98.60000000000001
"987469"	"species"	"Shargacucullia verbasci"	"GCA_947562105.1"	81	33	32	37.04		"Chromosome"	422724404	9474500	14523181	98.9
"1100919"	"species"	"Archips xylosteana"	"GCA_947563285.1"	538	538		38.5		"Contig"	585435476	3040840	3040840	
"997542"	"species"	"Orthosia gracilis"	"GCA_947563345.1"	555	555		37.5		"Contig"	710850498	3030435	3030435	
"1100919"	"species"	"Archips xylosteana"	"GCA_947563465.1"	135	113	31	38.43		"Chromosome"	650594549	20368662	22404545	98.4
"326963"	"species"	"Lycia hirtaria"	"GCA_947563705.1"	427	427		36		"Contig"	538434053	3405063	3405063	
"326963"	"species"	"Lycia hirtaria"	"GCA_947563715.1"	82	19	14	36.050000000000004		"Chromosome"	551955517	11784587	45432280	98.4
"94029"	"species"	"Argiope bruennichi"	"GCA_947563725.1"	221	29	13	29.48		"Chromosome"	1778384155	13170000	139055214	98.10000000000001
"1143063"	"species"	"Lochmaea crataegi"	"GCA_947563735.1"	4727	4727		34		"Contig"	736116807	303436	303436	
"2566270"	"species"	"Anarsia innoxiella"	"GCA_947563745.1"	439	439		35.5		"Contig"	260764126	1418178	1418178	
"1143063"	"species"	"Lochmaea crataegi"	"GCA_947563755.1"	737	136	16	33.83		"Chromosome"	891283075	2848502	53024378	98.60000000000001
"2566270"	"species"	"Anarsia innoxiella"	"GCA_947563765.1"	89	31	31	35.84		"Chromosome"	302913609	5810225	10425486	98
"94029"	"species"	"Argiope bruennichi"	"GCA_947563775.1"	1790	1789		29.5		"Scaffold"	1154163902	1506337	1506337	
"987436"	"species"	"Sphinx pinastri"	"GCA_947568825.1"	51	43	28	37.33		"Chromosome"	509223309	17730049	18699573	98.60000000000001
"2884235"	"species"	"Protonemura montana"	"GCA_947568835.1"	87	35	11	42.39		"Chromosome"	258525094	6106071	25865980	98.5
"987436"	"species"	"Sphinx pinastri"	"GCA_947568845.1"	981	981		37.5		"Contig"	397349437	1381232	1381232	
"987458"	"species"	"Fissipunctia ypsillon"	"GCA_947568855.1"	4174	4169		39		"Scaffold"	512014426	251842	251941	
"37623"	"species"	"Ostrea edulis"	"GCA_947568865.1"	3846	3844		35.5		"Scaffold"	837649901	446116	446728	
"987458"	"species"	"Fissipunctia ypsillon"	"GCA_947568875.1"	220	43	31	38.67		"Chromosome"	715127636	11453929	25108161	98.2
"1100964"	"species"	"Cydia strobilella"	"GCA_947568885.1"	93	29	28	37.84		"Chromosome"	542588748	10643263	19535481	98.2
"1100964"	"species"	"Cydia strobilella"	"GCA_947568895.1"	462	462		38		"Contig"	546681372	2810164	2810164	
"37623"	"species"	"Ostrea edulis"	"GCA_947568905.1"	657	52	10	35.49		"Chromosome"	894786893	2427391	94306699	98.10000000000001
"2884235"	"species"	"Protonemura montana"	"GCA_947568915.1"	1174	1174		41.5		"Contig"	244365915	412040	412040	
"1542580"	"species"	"Andrena bucephala"	"GCA_947577235.1"	3232	3232		42		"Contig"	208197342	83906	83906	
"1542580"	"species"	"Andrena bucephala"	"GCA_947577245.1"	194	13	5	41.050000000000004		"Chromosome"	379771409	7988040	110195567	96.7
"988114"	"species"	"Eugnorisma glareosa"	"GCA_947578425.1"	106	47	30	38.5		"Chromosome"	630991255	12079460	21954397	99
"934896"	"species"	"Thera obeliscata"	"GCA_947578465.1"	113	45	18	37.83		"Chromosome"	404683897	7637625	25318533	98.30000000000001
"987426"	"species"	"Lacanobia wlatinum"	"GCA_947578705.1"	271	145	31	39.67		"Chromosome"	903907307	22037973	29461643	99
"1594296"	"species"	"Epinotia ramella"	"GCA_947578815.1"	222	150	28	39		"Chromosome"	781976700	13995162	27488655	97.9
"988114"	"species"	"Eugnorisma glareosa"	"GCA_947579045.1"	946	946		38.5		"Contig"	622042413	1291693	1291693	
"987426"	"species"	"Lacanobia wlatinum"	"GCA_947579085.1"	1756	1756		39.5		"Contig"	844402166	1296639	1296639	
"446526"	"species"	"Athripsodes cinereus"	"GCA_947579385.1"	7431	7428		32		"Scaffold"	689640038	151781	151958	
"934824"	"species"	"Anticlea derivata"	"GCA_947579405.1"	196	196		39		"Contig"	267322319	2803007	2803007	
"6969"	"species"	"Sympetrum striolatum"	"GCA_947579545.1"	2064	2061		35.5		"Scaffold"	1325754540	1722945	1722945	
"446526"	"species"	"Athripsodes cinereus"	"GCA_947579605.1"	1417	163	25	32.26		"Chromosome"	716242550	948465	29754657	95.10000000000001
"6969"	"species"	"Sympetrum striolatum"	"GCA_947579665.1"	900	550	12	35.19		"Chromosome"	1349597986	6094284	103201359	95.60000000000001
"722657"	"species"	"Apocheima hispidaria"	"GCA_947579745.1"	97	36	29	37.660000000000004		"Chromosome"	419690830	6948216	15642102	98.5
"934824"	"species"	"Anticlea derivata"	"GCA_947579855.1"	77	39	32	38.88		"Chromosome"	355803668	7458010	12706007	98.10000000000001
"1594296"	"species"	"Epinotia ramella"	"GCA_947580245.1"	956	956		39		"Contig"	688562422	1706623	1706623	
"722657"	"species"	"Apocheima hispidaria"	"GCA_947581315.1"	558	558		37.5		"Contig"	413871417	1587899	1587899	
"934896"	"species"	"Thera obeliscata"	"GCA_947581545.1"	408	408		38		"Contig"	392991261	2639505	2639505	
"2867103"	"species"	"Neoascia interrupta"	"GCA_947622765.1"	1458	1458		39		"Contig"	535989390	1103952	1103952	
"50417"	"species"	"Mimachlamys varia"	"GCA_947622925.1"	1366	1366		36.5		"Contig"	967474203	1518021	1518021	
"301680"	"species"	"Synanthedon tipuliformis"	"GCA_947623135.1"	1402	1402		34.5		"Contig"	215748239	290820	290820	
"159417"	"species"	"Clavelina lepadiformis"	"GCA_947623165.1"	539	539		35.5		"Contig"	140338167	1055484	1055484	
"989741"	"species"	"Apotomis capreana"	"GCA_947623195.1"	1610	1607		38		"Scaffold"	724988591	971924	979376	
"753485"	"species"	"Achlya flavicornis"	"GCA_947623295.1"	548	548		37		"Contig"	379943634	2049694	2049694	
"753485"	"species"	"Achlya flavicornis"	"GCA_947623365.1"	63	32	30	37.27		"Chromosome"	444558171	11759888	16269518	98.80000000000001
"989741"	"species"	"Apotomis capreana"	"GCA_947623375.1"	262	67	28	38.13		"Chromosome"	743215662	5041000	27898245	98.30000000000001
"174074"	"species"	"Cladonia squamosa"	"GCA_947623385.2"	124	120	26	45		"Chromosome"	38047994	1447414	1635907	
"301680"	"species"	"Synanthedon tipuliformis"	"GCA_947623395.1"	60	34	31	34.63		"Chromosome"	295804130	9776511	10885013	97.9
"159417"	"species"	"Clavelina lepadiformis"	"GCA_947623445.1"	160	102	9	35.93		"Chromosome"	210074726	8263119	25070715	92.60000000000001
"50417"	"species"	"Mimachlamys varia"	"GCA_947623455.1"	170	82	19	36.72		"Chromosome"	975359695	19361000	50749371	97.60000000000001
"2867103"	"species"	"Neoascia interrupta"	"GCA_947623515.1"	372	38	4	38.96		"Chromosome"	601905515	4001592	219059534	96.9
"2922063"	"species"	"Coelioxys conoideus"	"GCA_947623525.1"	3118	3118		38.5		"Contig"	175559576	62101	62101	
"2922063"	"species"	"Coelioxys conoideus"	"GCA_947623535.1"	154	57	12	40.85		"Chromosome"	417571978	4882541	25869242	97.30000000000001
"174074"	"species"	"Cladonia squamosa"	"GCA_947623575.2"	15	15		48.5		"Contig"	228060	16417	16417	
"171736"	"species"	"Symphodus melops"	"GCA_947650265.1"	1773	394	23	41.83		"Chromosome"	636351954	1186940	27641414	97.2
"171736"	"species"	"Symphodus melops"	"GCA_947650305.1"	4140	4139		42		"Scaffold"	605253123	325332	325332	
"186982"	"species"	"Elmis aenea"	"GCA_947652605.1"	1186	333	9	31.63		"Chromosome"	516500542	911544	60347194	99.10000000000001
"186982"	"species"	"Elmis aenea"	"GCA_947652985.1"	5529	5529		31.5		"Contig"	469197094	151878	151878	
"116138"	"species"	"Tortricodes alternella"	"GCA_947858915.1"	1365	1365		38		"Contig"	441173060	661832	661832	
"988178"	"species"	"Drymonia ruficornis"	"GCA_947859005.1"	1959	1959		39.5		"Contig"	363089501	337636	337636	
"934938"	"species"	"Gandaritis pyraliata"	"GCA_947859165.1"	317	317		37		"Contig"	275665216	1700954	1700954	
"934938"	"species"	"Gandaritis pyraliata"	"GCA_947859175.1"	79	39	31	37.230000000000004		"Chromosome"	295637629	8287154	10572331	98
"988178"	"species"	"Drymonia ruficornis"	"GCA_947859195.1"	95	30	29	39.43		"Chromosome"	369594427	6453494	13723929	98.60000000000001
"986977"	"species"	"Eupithecia insigniata"	"GCA_947859295.1"	6684	6684		37.5		"Contig"	332550750	56497	56497	
"116138"	"species"	"Tortricodes alternella"	"GCA_947859335.1"	86	25	22	38.01		"Chromosome"	441237976	10046775	18827800	98.30000000000001
"1857967"	"species"	"Archips crataeganus"	"GCA_947859345.1"	752	752		38.5		"Contig"	556708134	1683582	1683582	
"1857967"	"species"	"Archips crataeganus"	"GCA_947859365.1"	157	31	31	38.45		"Chromosome"	626907041	8231938	21612927	98.2
"986977"	"species"	"Eupithecia insigniata"	"GCA_947859395.1"	138	40	31	37.47		"Chromosome"	438103773	4947348	15415171	97.80000000000001
"988162"	"species"	"Tiliacea aurago"	"GCA_948098875.1"	6452	6452		38		"Contig"	781482763	202549	202549	
"527648"	"species"	"Drepanosiphum platanoidis"	"GCA_948098885.1"	750	63	15	35.37		"Chromosome"	284505041	666369	24435353	97.7
"527648"	"species"	"Drepanosiphum platanoidis"	"GCA_948098895.1"	1649	1649		35.5		"Contig"	281230301	312154	312154	
"988162"	"species"	"Tiliacea aurago"	"GCA_948098905.1"	105	39	31	37.82		"Chromosome"	798037616	16029918	27510994	99
"934945"	"species"	"Lampropteryx suffumata"	"GCA_948098915.1"	121	51	31	36.34		"Chromosome"	581638658	9512391	19956036	98.2
"934945"	"species"	"Lampropteryx suffumata"	"GCA_948098925.1"	921	921		36.5		"Contig"	565487688	1254367	1254367	
"393326"	"species"	"Lomographa bimaculata"	"GCA_948107665.1"	67	32	31	36.2		"Chromosome"	554736081	14201541	19622098	98.60000000000001
"393326"	"species"	"Lomographa bimaculata"	"GCA_948107675.1"	1196	1196		36		"Contig"	539997108	869518	869518	
"431829"	"species"	"Meliscaeva auricollis"	"GCA_948107685.1"	703	703		33		"Contig"	384819267	2517319	2517319	
"431829"	"species"	"Meliscaeva auricollis"	"GCA_948107695.1"	206	42	5	32.78		"Chromosome"	385148378	4898463	96515288	96.60000000000001
"368781"	"species"	"Cheilosia soror"	"GCA_948107745.1"	454	125	5	38.03		"Chromosome"	470002578	4250975	117623824	97.4
"2922060"	"species"	"Campoletis raptor"	"GCA_948107755.1"	176	20	11	36.53		"Chromosome"	218598667	2186664	18621092	95
"368781"	"species"	"Cheilosia soror"	"GCA_948107765.1"	2542	2542		38		"Contig"	448492647	649818	649818	
"2922060"	"species"	"Campoletis raptor"	"GCA_948107775.1"	444	444		36.5		"Contig"	210103344	880308	880308	
"481570"	"species"	"Nomada fucata"	"GCA_948145985.1"	505	505		43.5		"Contig"	211363695	896685	896685	
"481570"	"species"	"Nomada fucata"	"GCA_948146005.1"	118	36	8	43.39		"Chromosome"	264062708	5664464	31296684	97.4
"161584"	"species"	"Syngnathus acus"	"GCA_948146095.1"	4533	4533		44		"Contig"	334243819	106986	106986	
"161584"	"species"	"Syngnathus acus"	"GCA_948146105.1"	345	250	22	44.34		"Chromosome"	359199823	4933801	15280236	94.9
"41014"	"species"	"Tinea pellionella"	"GCA_948150575.1"	101	37	30	35.39		"Chromosome"	245279255	4567964	8907774	94.9
"41014"	"species"	"Tinea pellionella"	"GCA_948150625.1"	1619	1619		35.5		"Contig"	184461068	290699	290699	
"706635"	"species"	"Conistra vaccinii"	"GCA_948150665.1"	98	42	31	38.08		"Chromosome"	720835524	16018841	24458057	99.10000000000001
"51622"	"species"	"Rhaphigaster nebulosa"	"GCA_948150675.1"	6328	6328		32		"Contig"	1108424710	325374	325374	
"51622"	"species"	"Rhaphigaster nebulosa"	"GCA_948150685.1"	1228	74	7	31.88		"Chromosome"	1155797846	1716941	186487842	99.4
"706635"	"species"	"Conistra vaccinii"	"GCA_948150745.1"	859	858		38		"Scaffold"	724448452	1869833	1869833	
"273439"	"species"	"Cheilosia impressa"	"GCA_948247375.1"	431	431		38		"Contig"	370469047	2660148	2660148	
"688415"	"species"	"Leucoma salicis"	"GCA_948248055.1"	832	832		38.5		"Contig"	574873697	1679069	1679069	
"758705"	"species"	"Acleris cristana"	"GCA_948250105.1"	1052	1052		37		"Contig"	437273237	771779	771779	
"1858094"	"species"	"Dicycla oo"	"GCA_948252095.1"	200	81	31	38.57		"Chromosome"	936702010	12583763	32053505	98.80000000000001
"988011"	"species"	"Orthosia incerta"	"GCA_948252205.1"	455	163	29	38.58		"Chromosome"	946246642	5146806	32315740	99
"758705"	"species"	"Acleris cristana"	"GCA_948252455.1"	155	44	31	37.25		"Chromosome"	562556046	6508426	17811303	98.30000000000001
"688415"	"species"	"Leucoma salicis"	"GCA_948253155.1"	146	49	30	38.4		"Chromosome"	733208700	9217107	26724430	98.5
"988011"	"species"	"Orthosia incerta"	"GCA_948253185.1"	2029	2014		38.5		"Scaffold"	943094994	1067368	1069733	
"273439"	"species"	"Cheilosia impressa"	"GCA_948293265.1"	141	58	6	38.230000000000004		"Chromosome"	394950496	6000640	60011629	97
"1858094"	"species"	"Dicycla oo"	"GCA_948295755.1"	2679	2679		38.5		"Contig"	727459352	547758	547758	
"43171"	"species"	"Linaria vulgaris"	"GCA_948329855.1"	1701	1698		38		"Scaffold"	763536397	1266631	1266631	
"43171"	"species"	"Linaria vulgaris"	"GCA_948329865.1"	129	38	6	38.09		"Chromosome"	759825098	12652593	127462361	97.10000000000001
"29803"	"species"	"Sherardia arvensis"	"GCA_948329965.1"	293	293		38		"Contig"	7823536	28157	28157	
"29803"	"species"	"Sherardia arvensis"	"GCA_948330725.1"	33	11	11	38.37		"Chromosome"	440939310	18882264	43593172	93.80000000000001
"491269"	"species"	"Conomelus anceps"	"GCA_948455865.1"	2252	504	12	34.32		"Chromosome"	957836206	1071000	73089041	98.2
"491269"	"species"	"Conomelus anceps"	"GCA_948455875.1"	5747	5747		34		"Contig"	729968527	243215	243215	
"987451"	"species"	"Thalpophila matura"	"GCA_948465475.1"	685	626	31	37.300000000000004		"Chromosome"	520397874	11850868	18353037	98.9
"3559"	"species"	"Chenopodium album"	"GCA_948465745.1"	223	156	27	36.18		"Chromosome"	1593843283	31541381	60299674	98.30000000000001
"987451"	"species"	"Thalpophila matura"	"GCA_948466365.1"	1351	1351		37.5		"Contig"	499205160	881319	881319	
"3559"	"species"	"Chenopodium album"	"GCA_948466375.1"	129	129		36		"Contig"	5987979	3057107	3057107	
"1869771"	"species"	"Cydia amplana"	"GCA_948473095.1"	2228	2228		38		"Contig"	448392470	471860	471860	
"987973"	"species"	"Lithophane ornitopus"	"GCA_948473405.1"	384	384		37.5		"Contig"	502702510	2819783	2819783	
"1101163"	"species"	"Teleiodes luculella"	"GCA_948473415.1"	5024	5018		36.5		"Scaffold"	436230161	159106	159140	
"1101163"	"species"	"Teleiodes luculella"	"GCA_948473455.1"	1913	527	30	36.82		"Chromosome"	454459464	520963	15281747	94.80000000000001
"987973"	"species"	"Lithophane ornitopus"	"GCA_948473465.1"	94	36	31	37.6		"Chromosome"	508596170	10880751	17228122	98.9
"988008"	"species"	"Oligia latruncula"	"GCA_948474685.1"	864	864		38.5		"Contig"	553155466	1319680	1319680	
"87960"	"species"	"Patella depressa"	"GCA_948474705.1"	492	492		36		"Contig"	679393924	3372814	3372814	
"1869771"	"species"	"Cydia amplana"	"GCA_948474715.1"	109	39	28	37.99		"Chromosome"	504318984	8695702	18973136	98.10000000000001
"988008"	"species"	"Oligia latruncula"	"GCA_948474745.1"	109	33	31	38.5		"Chromosome"	564087821	9599730	19611206	99
"87960"	"species"	"Patella depressa"	"GCA_948474765.1"	117	35	9	35.97		"Chromosome"	683711263	13889351	77532951	88.2
"997290"	"species"	"Thumatha senex"	"GCA_948477245.1"	88	78	30	38.1		"Chromosome"	810266827	27325957	28419001	98.5
"1870252"	"species"	"Polymixis lichenea"	"GCA_948532955.1"	4457	4457		38.5		"Contig"	570480996	296111	296111	
"56931"	"species"	"Lunularia cruciata"	"GCA_948567375.1"	370	78	9	40.2		"Chromosome"	565567803	3254994	69188341	81.4
"997290"	"species"	"Thumatha senex"	"GCA_948576625.1"	1094	1094		38		"Contig"	728334951	1854008	1854008	
"1870252"	"species"	"Polymixis lichenea"	"GCA_949091785.1"	117	40	30	38.550000000000004		"Chromosome"	716679281	13734632	24363533	99.10000000000001
"174269"	"species"	"Alcis repandata"	"GCA_949125135.1"	113	42	32	37.38		"Chromosome"	396357622	6904396	13501977	98.2
"934821"	"species"	"Agriopis leucophaearia"	"GCA_949125355.1"	94	38	31	37.480000000000004		"Chromosome"	491314972	8410515	17437632	98.5
"934821"	"species"	"Agriopis leucophaearia"	"GCA_949125385.1"	387	387		37.5		"Contig"	489922914	2782410	2782410	
"987922"	"species"	"Diaphora mendica"	"GCA_949125395.1"	131	59	26	36.78		"Chromosome"	748667298	12739191	28641667	98.9
"987922"	"species"	"Diaphora mendica"	"GCA_949125405.1"	1457	1457		36.5		"Contig"	741130702	1101476	1101476	
"174269"	"species"	"Alcis repandata"	"GCA_949125585.1"	716	716		37.5		"Contig"	371379186	1327401	1327401	
"271030"	"species"	"Anisus vortex"	"GCA_949126815.1"	3407	3406		35.5		"Scaffold"	745768514	601779	602220	
"753371"	"species"	"Musotima nitidalis"	"GCA_949126825.1"	438	438		36.5		"Contig"	374991812	2647488	2647488	
"271030"	"species"	"Anisus vortex"	"GCA_949126835.1"	655	235	18	35.42		"Chromosome"	869531111	3531458	45417137	94.10000000000001
"227480"	"species"	"Lochmaea capreae"	"GCA_949126855.1"	659	658		33.5		"Scaffold"	527326396	2598267	2598267	
"227480"	"species"	"Lochmaea capreae"	"GCA_949126875.1"	104	31	17	33.7		"Chromosome"	534673670	9517382	31551978	99
"987929"	"species"	"Eilema caniola"	"GCA_949126895.1"	134	51	31	38.71		"Chromosome"	781734843	9921372	25911362	98.80000000000001
"753371"	"species"	"Musotima nitidalis"	"GCA_949126915.1"	98	41	31	36.59		"Chromosome"	555635780	10916885	19407673	98.4
"423616"	"species"	"Cheilosia vernalis"	"GCA_949126925.1"	142	72	6	37.54		"Chromosome"	441623484	9620535	71139621	97
"423616"	"species"	"Cheilosia vernalis"	"GCA_949126935.1"	488	488		37.5		"Contig"	428265143	3714037	3714037	
"987929"	"species"	"Eilema caniola"	"GCA_949126945.1"	1507	1506		38.5		"Scaffold"	605527751	1122732	1122732	
"1101029"	"species"	"Pandemis corylana"	"GCA_949127965.1"	74	39	30	38.99		"Chromosome"	441590007	12139594	15684937	98.5
"1101029"	"species"	"Pandemis corylana"	"GCA_949127985.1"	1252	1252		39		"Contig"	437272681	699232	699232	
"1230148"	"species"	"Suillia variegata"	"GCA_949127995.1"	178	27	7	34.14		"Chromosome"	263967968	2752696	49452834	99.2
"1230148"	"species"	"Suillia variegata"	"GCA_949128005.1"	883	883		34		"Contig"	265601821	803292	803292	
"987434"	"species"	"Xanthia icteritia"	"GCA_949128055.2"	366	366		38		"Contig"	654348859	4111080	4111080	
"2719050"	"species"	"Beris chalybata"	"GCA_949128065.1"	110	11	6	36.74		"Chromosome"	541854208	12861354	142415298	95.30000000000001
"1594361"	"species"	"Lathronympha strigana"	"GCA_949128075.1"	476	476		38		"Contig"	621294473	2840798	2840798	
"290679"	"species"	"Cetonia aurata"	"GCA_949128085.1"	194	112	11	34.79		"Chromosome"	479625900	8085049	45601692	98.7
"290679"	"species"	"Cetonia aurata"	"GCA_949128095.1"	1240	1240		34.5		"Contig"	407308975	765071	765071	
"295995"	"species"	"Anaspis maculata"	"GCA_949128105.1"	5409	5409		40		"Contig"	722940767	270564	270564	
"295995"	"species"	"Anaspis maculata"	"GCA_949128115.1"	232	49	8	39.99		"Chromosome"	757828000	6778000	95735550	98.5
"1871986"	"species"	"Parasteatoda lunata"	"GCA_949128125.1"	6021	6021		29.5		"Contig"	1270036609	493857	493857	
"1871986"	"species"	"Parasteatoda lunata"	"GCA_949128135.1"	933	338	12	29.42		"Chromosome"	1411364276	3552830	114314067	98.80000000000001
"2719050"	"species"	"Beris chalybata"	"GCA_949128145.1"	1125	1125		37		"Contig"	541016713	1134158	1134158	
"987434"	"species"	"Xanthia icteritia"	"GCA_949128155.2"	92	36	31	38		"Chromosome"	664622765	14938151	22252460	
"1594361"	"species"	"Lathronympha strigana"	"GCA_949128165.1"	108	47	28	38.04		"Chromosome"	620962223	10724000	23664990	98.10000000000001
"1352473"	"species"	"Volucella bombylans"	"GCA_949129095.1"	1217	292	6	39		"Chromosome"	1213191877	2831328	200280940	96.9
"1352473"	"species"	"Volucella bombylans"	"GCA_949129105.1"	4813	4811		39		"Scaffold"	1175117020	975328	975328	
"4202"	"species"	"Sambucus nigra"	"GCA_949130495.1"	1774	664	18	37.480000000000004		"Chromosome"	11813712848	18928000	681539918	99.10000000000001
"4202"	"species"	"Sambucus nigra"	"GCA_949130505.1"	68033	68000		37.5		"Scaffold"	10747735503	1076846	1083041	
"58324"	"species"	"Phoxinus phoxinus"	"GCA_949152265.1"	1005	124	25	39.21		"Chromosome"	950479694	1988965	36753459	97.5
"58324"	"species"	"Phoxinus phoxinus"	"GCA_949152275.1"	4949	4941		39		"Scaffold"	925610136	360429	360738	
"877752"	"species"	"Cantharis flavilabris"	"GCA_949152385.1"	849	849		31.5		"Contig"	346273231	1075827	1075827	
"987869"	"species"	"Agrochola litura"	"GCA_949152395.1"	160	58	32	37.9		"Chromosome"	772176219	9417019	25335912	99
"988089"	"species"	"Cerastis rubricosa"	"GCA_949152405.1"	411	410		39		"Scaffold"	664950718	3521223	3521223	
"2922068"	"species"	"Gastracanthus pulcherrimus"	"GCA_949152415.1"	13855	13855		35.5		"Contig"	908090547	83996	83996	
"987869"	"species"	"Agrochola litura"	"GCA_949152425.1"	2170	2170		38		"Contig"	700496505	784100	784100	
"2922068"	"species"	"Gastracanthus pulcherrimus"	"GCA_949152435.1"	953	143	5	35.42		"Chromosome"	1009999867	1890041	186761157	92.60000000000001
"988089"	"species"	"Cerastis rubricosa"	"GCA_949152445.1"	106	35	31	38.910000000000004		"Chromosome"	678693941	11020799	23337995	99
"1870035"	"species"	"Lithophane leautieri"	"GCA_949152455.1"	93	44	31	37.58		"Chromosome"	521678522	9651505	17894250	99
"877752"	"species"	"Cantharis flavilabris"	"GCA_949152465.1"	83	26	7	31.580000000000002		"Chromosome"	348287367	10505090	47548398	98.7
"1131437"	"species"	"Terebella lapidaria"	"GCA_949152475.1"	819	576	16	41.15		"Chromosome"	765232019	6684000	43950887	95.7
"1131437"	"species"	"Terebella lapidaria"	"GCA_949152485.1"	7607	7607		41		"Contig"	644415627	232474	232474	
"231986"	"species"	"Lasius fuliginosus"	"GCA_949152495.1"	970	197	14	37.02		"Chromosome"	256203092	526302	18816047	95.80000000000001
"1870035"	"species"	"Lithophane leautieri"	"GCA_949152515.1"	1108	1108		37.5		"Contig"	415105473	904427	904427	
"231986"	"species"	"Lasius fuliginosus"	"GCA_949152525.1"	4689	4689		37		"Contig"	248189931	88581	88581	
"1100908"	"species"	"Anania crocealis"	"GCA_949315895.1"	98	35	29	36.17		"Chromosome"	623979160	14854060	22872268	98.60000000000001
"753179"	"species"	"Eudonia truncicolella"	"GCA_949315915.1"	655	655		37.5		"Contig"	510777748	1486096	1486096	
"753179"	"species"	"Eudonia truncicolella"	"GCA_949315975.1"	102	46	30	37.74		"Chromosome"	499116632	8940774	18437561	95.7
"1100908"	"species"	"Anania crocealis"	"GCA_949316005.1"	566	565		36		"Scaffold"	487044438	2633535	2633535	
"1209621"	"species"	"Choreutis nemorana"	"GCA_949316125.1"	547	547		35		"Contig"	214871073	1220795	1220795	
"1209621"	"species"	"Choreutis nemorana"	"GCA_949316135.1"	127	95	31	35.13		"Chromosome"	300243466	6980553	10167060	98.2
"2922911"	"species"	"Acholoe squamosa"	"GCA_949316145.1"	3259	3259		41.5		"Contig"	1468800005	1179279	1179279	
"1660681"	"species"	"Pyrausta nigrata"	"GCA_949316185.1"	99	34	30	37.61		"Chromosome"	538865229	9299199	18960927	98.80000000000001
"8260"	"species"	"Platichthys flesus"	"GCA_949316195.1"	1915	1915		42.5		"Contig"	587918088	742482	742482	
"8260"	"species"	"Platichthys flesus"	"GCA_949316205.1"	590	108	24	42.59		"Chromosome"	597120941	2078972	26770804	98.2
"1660681"	"species"	"Pyrausta nigrata"	"GCA_949316215.1"	875	875		37.5		"Contig"	512866022	1370663	1370663	
"347754"	"species"	"Oegoconia quadripuncta"	"GCA_949316225.1"	4332	4332		37		"Contig"	464830018	199464	199464	
"347754"	"species"	"Oegoconia quadripuncta"	"GCA_949316235.1"	176	44	20	36.97		"Chromosome"	622641385	6683120	36190098	98.4
"134920"	"species"	"Pungitius pungitius"	"GCA_949316245.1"	1934	1934		44		"Contig"	413337341	532838	532838	
"572802"	"species"	"Acleris holmiana"	"GCA_949316255.1"	7835	7835		37		"Contig"	531706245	109908	109908	
"987924"	"species"	"Diarsia mendica"	"GCA_949316265.1"	151	34	32	38.69		"Chromosome"	727937164	7620289	25354251	98.5
"986984"	"species"	"Eupithecia subumbrata"	"GCA_949316275.1"	546	546		38		"Contig"	470803193	2752525	2752525	
"986984"	"species"	"Eupithecia subumbrata"	"GCA_949316285.1"	69	33	24	37.85		"Chromosome"	496186513	13570168	24477164	97.9
"1660644"	"species"	"Globia sparganii"	"GCA_949316295.1"	2068	2067		37.5		"Scaffold"	602394747	582649	585523	
"10090"	"species"	"Mus musculus"	"GCA_949316305.1"	1806	1806		38.5		"Contig"	114758919	256003	256003	
"10090"	"species"	"Mus musculus"	"GCA_949316315.1"	279	178	20	41.39		"Chromosome"	2770952436	39533248	132150484	96.2
"987956"	"species"	"Hoplodrina blanda"	"GCA_949316325.1"	271	271		37		"Contig"	465232112	3670317	3670317	
"439567"	"species"	"Hypomecis punctinalis"	"GCA_949316335.1"	2170	2165		37.5		"Scaffold"	713567422	591008	592389	
"134920"	"species"	"Pungitius pungitius"	"GCA_949316345.1"	912	174	21	44.12		"Chromosome"	480434100	1362288	21005440	97.9
"1649775"	"species"	"Bruchidius siliquastri"	"GCA_949316355.1"	86	15	11	36.51		"Chromosome"	375568116	7036267	39857073	97.60000000000001
"987956"	"species"	"Hoplodrina blanda"	"GCA_949316365.1"	61	32	31	36.94		"Chromosome"	463994746	12951863	16508168	99
"987991"	"species"	"Mythimna vitellina"	"GCA_949316375.1"	86	39	31	38.52		"Chromosome"	726680363	15239282	25372425	98.9
"1660644"	"species"	"Globia sparganii"	"GCA_949316385.1"	134	48	31	37.68		"Chromosome"	676673361	11367125	23857693	99
"987991"	"species"	"Mythimna vitellina"	"GCA_949316395.1"	377	377		38.5		"Contig"	724562301	4929547	4929547	
"572802"	"species"	"Acleris holmiana"	"GCA_949316455.1"	1239	296	31	37.17		"Chromosome"	650208208	1117065	21176203	97.30000000000001
"987924"	"species"	"Diarsia mendica"	"GCA_949316465.1"	491	488		38.5		"Scaffold"	710916557	3632006	3649972	
"439567"	"species"	"Hypomecis punctinalis"	"GCA_949316475.1"	390	80	30	37.33		"Chromosome"	741161698	3588779	25902484	98.30000000000001
"1649775"	"species"	"Bruchidius siliquastri"	"GCA_949316485.1"	1050	1050		36.5		"Contig"	258815849	871284	871284	
"2922911"	"species"	"Acholoe squamosa"	"GCA_949317995.1"	488	66	18	41.63		"Chromosome"	1481470071	5523906	84155211	95.10000000000001
"2014018"	"species"	"Ecdyonurus torrentis"	"GCA_949318235.1"	1011	121	11	28.580000000000002		"Chromosome"	503205230	968624	50407882	97.7
"1266491"	"species"	"Pollenia labialis"	"GCA_949318245.1"	2320	2320		30.5		"Contig"	887171229	993394	993394	
"1266491"	"species"	"Pollenia labialis"	"GCA_949318255.1"	485	158	6	30.64		"Chromosome"	907951187	4568754	172077407	99.10000000000001
"2014018"	"species"	"Ecdyonurus torrentis"	"GCA_949318265.1"	3600	3596		28.5		"Scaffold"	488003790	289364	289364	
"8284"	"species"	"Squalius cephalus"	"GCA_949319135.1"	693	105	25	38.730000000000004		"Chromosome"	1101913912	3040692	41795634	97.9
"279420"	"species"	"Sialis lutaria"	"GCA_949319145.1"	1725	1725		29		"Contig"	450235460	565934	565934	
"8284"	"species"	"Squalius cephalus"	"GCA_949319155.1"	7437	7425		38.5		"Scaffold"	979250430	293863	294578	
"279420"	"species"	"Sialis lutaria"	"GCA_949319165.1"	146	55	15	29.22		"Chromosome"	461961375	6710782	30623967	97.4
"1594360"	"species"	"Zelleria hepariella"	"GCA_949319205.1"	4858	4846		39.5		"Scaffold"	438620137	166630	167392	
"987009"	"species"	"Scotopteryx bipunctaria"	"GCA_949319305.1"	985	985		38.5		"Contig"	302611939	674299	674299	
"1594360"	"species"	"Zelleria hepariella"	"GCA_949319315.1"	895	180	19	39.69		"Chromosome"	428770458	1033269	24231187	96.5
"346762"	"species"	"Crepidodera aurea"	"GCA_949319345.2"	3320	3319		32		"Scaffold"	502704185	265917	265917	
"2884232"	"species"	"Melangyna quadrimaculata"	"GCA_949319385.1"	4769	4769		34		"Contig"	878342761	388848	388848	
"987427"	"species"	"Mythimna lalbum"	"GCA_949319445.1"	116	32	32	38.96		"Chromosome"	691871265	9459547	23072105	98.9
"1502335"	"species"	"Mecyna flavalis"	"GCA_949319875.1"	899	899		37.5		"Contig"	439751752	1288140	1288140	
"1502335"	"species"	"Mecyna flavalis"	"GCA_949319885.1"	83	38	32	37.49		"Chromosome"	531616342	14695975	18615685	98.7
"987009"	"species"	"Scotopteryx bipunctaria"	"GCA_949320045.1"	75	45	31	38.39		"Chromosome"	326449338	7806198	11591880	98.4
"987427"	"species"	"Mythimna lalbum"	"GCA_949320055.1"	912	911		39		"Scaffold"	596282749	1716593	1716593	
"346762"	"species"	"Crepidodera aurea"	"GCA_949320105.2"	292	49	10	32.1		"Chromosome"	508956902	4358255	76910125	98.60000000000001
"2884232"	"species"	"Melangyna quadrimaculata"	"GCA_949320155.1"	1427	215	5	34.230000000000004		"Chromosome"	951916525	1618830	485851375	96.10000000000001
"27704"	"species"	"Gobio gobio"	"GCA_949357685.1"	1276	230	25	39.730000000000004		"Chromosome"	1460662624	2576923	58069932	96.9
"27704"	"species"	"Gobio gobio"	"GCA_949357705.1"	7253	7245		39.5		"Scaffold"	1349092698	401248	401721	
"1255758"	"species"	"Strigamia acuminata"	"GCA_949357715.1"	2570	2569		38.5		"Scaffold"	194213692	122734	122734	
"1484357"	"species"	"Hyperoplus immaculatus"	"GCA_949357725.1"	2755	1567	24	41.1		"Chromosome"	797787753	1486508	31412174	97.60000000000001
"572776"	"species"	"Idaea dimidiata"	"GCA_949358125.1"	67	35	20	36.08		"Chromosome"	422575458	13150441	25418079	98.30000000000001
"1255758"	"species"	"Strigamia acuminata"	"GCA_949358305.1"	342	158	11	39.1		"Chromosome"	237519214	1815963	19347077	97.9
"1484357"	"species"	"Hyperoplus immaculatus"	"GCA_949358355.1"	4952	4952		41		"Contig"	763769615	427399	427399	
"572776"	"species"	"Idaea dimidiata"	"GCA_949358575.1"	225	225		36		"Contig"	419238469	4628752	4628752	
"368781"	"species"	"Cheilosia soror"	"GCA_949372475.2"	578	578		38		"Contig"	465326149	2554536	2554536	
"368781"	"species"	"Cheilosia soror"	"GCA_949372485.1"	125	22	6	38.02		"Chromosome"	480329122	6837000	121577172	96.7
"1918144"	"species"	"Phasia obesa"	"GCA_949628195.1"	3378	622	6	31.13		"Chromosome"	876805420	472295	151089552	98.4
"126867"	"species"	"Phalacrocorax aristotelis"	"GCA_949628205.1"	9752	9751		43		"Scaffold"	1080507657	191789	191789	
"126867"	"species"	"Phalacrocorax aristotelis"	"GCA_949628215.1"	574	352	36	43.11		"Chromosome"	1279116138	11420000	78889319	97.2
"197152"	"species"	"Cloeon dipterum"	"GCA_949628225.1"	352	352		40		"Contig"	186623221	1027393	1027393	
"1384894"	"species"	"Macrophya alboannulata"	"GCA_949628235.1"	2798	2797		37.5		"Scaffold"	222827926	113925	113925	
"1918144"	"species"	"Phasia obesa"	"GCA_949628245.1"	9800	9796		31		"Scaffold"	831334204	133310	133568	
"1384894"	"species"	"Macrophya alboannulata"	"GCA_949628255.1"	464	48	8	37.5		"Chromosome"	245216054	1167444	37453143	95.4
"197152"	"species"	"Cloeon dipterum"	"GCA_949628265.1"	46	10	5	39.800000000000004		"Chromosome"	190111064	10197503	37097636	95.80000000000001
"1870628"	"species"	"Eremobia ochroleuca"	"GCA_949629135.1"	2137	277	31	37.660000000000004		"Chromosome"	625449678	708078	21456284	94.9
"1870628"	"species"	"Eremobia ochroleuca"	"GCA_949629145.1"	7021	7019		37.5		"Scaffold"	548902136	138844	138844	
"2867102"	"species"	"Myopa testacea"	"GCA_949629155.1"	622	30	5	36.46		"Chromosome"	243330331	713800	63215029	95
"2867102"	"species"	"Myopa testacea"	"GCA_949629165.2"	2846	2846		36.5		"Contig"	207208550	161195	161195	
"753153"	"species"	"Apamea crenata"	"GCA_949629175.1"	340	340		38		"Contig"	531527338	4601725	4601725	
"753153"	"species"	"Apamea crenata"	"GCA_949629185.1"	108	44	32	38.26		"Chromosome"	580431227	10580571	19365870	98.9
"1101017"	"species"	"Metalampra italica"	"GCA_949699065.1"	57	31	31	39.11		"Chromosome"	319369997	9319444	11389890	98
"988069"	"species"	"Asteroscopus sphinx"	"GCA_949699075.1"	182	50	32	38.54		"Chromosome"	857339802	9585201	29090398	98.80000000000001
"988069"	"species"	"Asteroscopus sphinx"	"GCA_949699085.1"	2510	2510		38.5		"Contig"	826568413	626024	626024	
"2776060"	"species"	"Tromatobia lineatoria"	"GCA_949699785.1"	663	663		37		"Contig"	368702779	1626157	1626157	
"2776060"	"species"	"Tromatobia lineatoria"	"GCA_949699805.1"	218	66	21	37.38		"Chromosome"	383579397	3800369	19039001	95.80000000000001
"1262473"	"species"	"Hirtodrosophila cameraria"	"GCA_949708635.1"	418	39	4	37.03		"Chromosome"	214495864	1033460	82766246	99.10000000000001
"1262473"	"species"	"Hirtodrosophila cameraria"	"GCA_949708645.1"	1547	1547		37		"Contig"	192527011	341164	341164	
"1870047"	"species"	"Luffia ferchaultella"	"GCA_949709985.1"	798	126	31	34.980000000000004		"Chromosome"	645260981	1483462	22599242	95.60000000000001
"2219007"	"species"	"Arachnomyces peruvianus"	"GCA_949709995.1"	40	8	7	46.24		"Chromosome"	34558840	1462005	6039810	93.2
"452744"	"species"	"Crataerina pallida"	"GCA_949710015.1"	104	6	6	32.95		"Chromosome"	177048515	3466619	31608065	96.7
"1100958"	"species"	"Crambus lathoniellus"	"GCA_949710025.1"	2738	2723		38		"Scaffold"	890545947	605282	608694	
"1100958"	"species"	"Crambus lathoniellus"	"GCA_949710035.1"	523	84	30	37.81		"Chromosome"	893766342	3506311	31726729	98.2
"2219007"	"species"	"Arachnomyces peruvianus"	"GCA_949710045.1"	368	367		46		"Scaffold"	23128079	255401	255401	
"1870047"	"species"	"Luffia ferchaultella"	"GCA_949710065.1"	5316	5316		35		"Contig"	579952468	203353	203353	
"452744"	"species"	"Crataerina pallida"	"GCA_949710075.1"	359	359		33.5		"Contig"	125540940	922500	922500	
"1425412"	"species"	"Periphyllus acericola"	"GCA_949715065.1"	808	468	9	33.52		"Chromosome"	405345386	1546004	40598107	99
"931518"	"species"	"Microchrysa polita"	"GCA_949715475.1"	579	98	8	38.36		"Chromosome"	846641926	2833571	110221473	95.10000000000001
"226160"	"species"	"Portevinia maculata"	"GCA_949715645.1"	322	61	6	38.19		"Chromosome"	1125308972	7927148	310928733	96.9
"226170"	"species"	"Chalcosyrphus nemorum"	"GCA_949715665.1"	481	481		38		"Contig"	352469084	2568199	2568199	
"226160"	"species"	"Portevinia maculata"	"GCA_949715845.1"	4465	4465		38		"Contig"	808359032	462611	462611	
"931518"	"species"	"Microchrysa polita"	"GCA_949715925.1"	2462	2434		38.5		"Scaffold"	835238829	743322	751495	
"468725"	"species"	"Dysmachus trigonus"	"GCA_949715965.1"	98	11	7	34.54		"Chromosome"	450295657	8088611	83729593	96.30000000000001
"226170"	"species"	"Chalcosyrphus nemorum"	"GCA_949716465.1"	268	171	5	37.7		"Chromosome"	366181142	6513352	89739738	97.30000000000001
"1425412"	"species"	"Periphyllus acericola"	"GCA_949716515.1"	1619	1619		33.5		"Contig"	214339343	317350	317350	
"468725"	"species"	"Dysmachus trigonus"	"GCA_949720665.1"	2286	2286		34.5		"Contig"	430846281	478410	478410	
"298138"	"species"	"Platypus cylindrus"	"GCA_949748235.1"	127	25	8	31.07		"Chromosome"	147464667	2446278	15234454	96.2
"2881975"	"species"	"Eustalomyia histrio"	"GCA_949748255.1"	787	74	6	30.01		"Chromosome"	871323355	2313576	156857283	98.30000000000001
"298138"	"species"	"Platypus cylindrus"	"GCA_949748395.1"	1052	1052		31		"Contig"	127325219	271727	271727	
"2881975"	"species"	"Eustalomyia histrio"	"GCA_949748445.1"	3809	3805		30		"Scaffold"	848794582	559600	560080	
"938182"	"species"	"Callimorpha dominula"	"GCA_949752685.1"	1856	1856		35.5		"Contig"	590492185	717700	717700	
"92598"	"species"	"Melanostoma scalare"	"GCA_949752695.1"	700	143	5	36.97		"Chromosome"	738163551	2344216	241717587	96.4
"938182"	"species"	"Callimorpha dominula"	"GCA_949752705.1"	118	32	31	35.78		"Chromosome"	658124648	9439834	24103837	98.80000000000001
"92598"	"species"	"Melanostoma scalare"	"GCA_949752715.1"	2664	2664		37		"Contig"	724507350	646024	646024	
"6398"	"species"	"Lumbricus terrestris"	"GCA_949752735.1"	1586	361	18	40.79		"Chromosome"	1056531248	1589769	56588617	91.4
"2823188"	"species"	"Conops quadrifasciatus"	"GCA_949752755.1"	338	338		35.5		"Contig"	198101892	2555822	2555822	
"6398"	"species"	"Lumbricus terrestris"	"GCA_949752785.1"	6562	6349		40.5		"Scaffold"	986871717	303246	320386	
"48744"	"species"	"Hyperoodon ampullatus"	"GCA_949752795.1"	1854	756	21	41.81		"Chromosome"	2828744367	3126546	117448692	94.80000000000001
"283834"	"species"	"Deilephila elpenor"	"GCA_949752805.1"	82	31	30	36.7		"Chromosome"	414050916	10013587	14585127	98.80000000000001
"2823188"	"species"	"Conops quadrifasciatus"	"GCA_949752815.1"	47	13	7	35.68		"Chromosome"	210441083	13220657	39758196	96.5
"283834"	"species"	"Deilephila elpenor"	"GCA_949752825.1"	392	392		36.5		"Contig"	367446089	1892641	1892641	
"2484550"	"species"	"Empis stercorea"	"GCA_949752835.1"	819	92	7	25.2		"Chromosome"	342119506	934403	62206697	95.2
"48744"	"species"	"Hyperoodon ampullatus"	"GCA_949752845.1"	23401	23401		41.5		"Contig"	2477781444	201888	201888	
"2484550"	"species"	"Empis stercorea"	"GCA_949752855.1"	3895	3895		25		"Contig"	318768117	211530	211530	
"151304"	"species"	"Dendrolimus pini"	"GCA_949752875.1"	3302	3302		36		"Contig"	363717291	212426	212426	
"151304"	"species"	"Dendrolimus pini"	"GCA_949752895.1"	150	44	30	35.85		"Chromosome"	611132046	6867045	22307560	98.5
"285223"	"species"	"Dascillus cervinus"	"GCA_949768705.1"	1754	1752		34		"Scaffold"	197007078	183088	183088	
"285223"	"species"	"Dascillus cervinus"	"GCA_949768715.1"	77	25	9	33.92		"Chromosome"	282734897	8885058	33150389	99.30000000000001
"27610"	"species"	"Lagenorhynchus albirostris"	"GCA_949774935.1"	25620	25620		42		"Contig"	2036276931	119855	119855	
"875924"	"species"	"Hoplodrina ambigua"	"GCA_949774945.1"	70	34	32	36.92		"Chromosome"	438098600	10467176	15265479	98.9
"987923"	"species"	"Diarsia brunnea"	"GCA_949774955.1"	706	706		38		"Contig"	571919242	1851222	1851222	
"987923"	"species"	"Diarsia brunnea"	"GCA_949774965.1"	152	52	31	38.19		"Chromosome"	586774993	6683731	20336188	98.80000000000001
"27610"	"species"	"Lagenorhynchus albirostris"	"GCA_949774975.1"	1479	409	22	41.910000000000004		"Chromosome"	2544819402	3398034	110721866	95.5
"875924"	"species"	"Hoplodrina ambigua"	"GCA_949774985.1"	265	265		37		"Contig"	385241838	3237965	3237965	
"43337"	"species"	"Orthosia gothica"	"GCA_949774995.1"	3057	2994		38		"Scaffold"	978787205	588152	604360	
"43337"	"species"	"Orthosia gothica"	"GCA_949775005.1"	1141	337	37	38.09		"Chromosome"	1065114528	2254692	32428790	98.9
"1824988"	"species"	"Tricholauxania praeusta"	"GCA_949775015.1"	1480	1480		33		"Contig"	654447871	1284264	1284264	
"1824988"	"species"	"Tricholauxania praeusta"	"GCA_949775025.1"	291	100	5	33.13		"Chromosome"	661280076	8001616	165485890	98.5
"6116"	"species"	"Metridium senile"	"GCA_949775035.1"	5100	5100		35.5		"Contig"	302768063	118610	118610	
"6116"	"species"	"Metridium senile"	"GCA_949775045.1"	589	250	16	35.39		"Chromosome"	390884731	1819000	20827098	96.60000000000001
"2849643"	"species"	"Brachyopa scutellaris"	"GCA_949775055.1"	5074	5074		37		"Contig"	575942332	223920	223920	
"2849643"	"species"	"Brachyopa scutellaris"	"GCA_949775065.1"	215	14	5	37.07		"Chromosome"	587144669	8818246	133158200	96.9
"1804828"	"species"	"Diarsia dahlii"	"GCA_949775195.1"	110	36	32	38.37		"Chromosome"	682968571	10073000	23141363	98.7
"1804828"	"species"	"Diarsia dahlii"	"GCA_949775585.1"	821	821		38.5		"Contig"	629625288	2186096	2186096	
"577144"	"species"	"Salpingus planirostris"	"GCA_949788335.1"	173	86	13	41.31		"Chromosome"	127525111	2186765	8840065	98.30000000000001
"577144"	"species"	"Salpingus planirostris"	"GCA_949789865.1"	701	701		41		"Contig"	126136163	485600	485600	
"247947"	"species"	"Epirrita christyi"	"GCA_949802565.1"	957	957		37.5		"Contig"	429243604	904199	904199	
"1387116"	"species"	"Dicyrtomina minuta"	"GCA_949802685.1"	1324	485	5	35.47		"Chromosome"	581979427	988688	89754956	95.2
"1858070"	"species"	"Scrobipalpa costella"	"GCA_949820665.1"	109	45	30	38.300000000000004		"Chromosome"	603170002	10200444	22161698	98.30000000000001
"1858070"	"species"	"Scrobipalpa costella"	"GCA_949820675.1"	1546	1546		38.5		"Contig"	430496216	584636	584636	
"2721518"	"species"	"Rhingia rostrata"	"GCA_949824455.1"	4997	4997		37.5		"Contig"	570325596	305723	305723	
"2721518"	"species"	"Rhingia rostrata"	"GCA_949824845.1"	1117	601	5	37.71		"Chromosome"	650059847	1925229	149206226	97
"248243"	"species"	"Siphlonurus alternatus"	"GCA_949824885.1"	2696	2696		32		"Contig"	375428581	314989	314989	
"2718756"	"species"	"Gasteruption jaculator"	"GCA_949825005.1"	601	242	16	36.27		"Chromosome"	275602730	1418786	17765206	94.2
"572725"	"species"	"Argyresthia goedartella"	"GCA_949825015.1"	1378	1378		39.5		"Contig"	1055811840	1733580	1733580	
"248243"	"species"	"Siphlonurus alternatus"	"GCA_949825025.1"	517	107	11	32.2		"Chromosome"	455841872	1841543	50231148	97
"2718756"	"species"	"Gasteruption jaculator"	"GCA_949825035.1"	2134	2133		36.5		"Scaffold"	271042722	315468	315918	
"572725"	"species"	"Argyresthia goedartella"	"GCA_949825045.1"	216	91	31	39.62		"Chromosome"	1108801089	11054590	36986452	97.5
"446452"	"species"	"Odontocerum albicorne"	"GCA_949825055.1"	17254	17251		34		"Scaffold"	971397616	67652	67652	
"446452"	"species"	"Odontocerum albicorne"	"GCA_949825065.1"	6037	1267	31	33.77		"Chromosome"	1287327180	387033	44898628	94.4
"9728"	"species"	"Delphinus delphis"	"GCA_949987515.2"	1598	630	23	42.06		"Chromosome"	2663516986	3627551	107080983	95.4
"9728"	"species"	"Delphinus delphis"	"GCA_949987525.2"	7427	7426		42		"Scaffold"	2440532866	819073	819300	
"9767"	"species"	"Balaenoptera acutorostrata"	"GCA_949987535.1"	2551	1374	22	41.550000000000004		"Chromosome"	2772885358	3015723	116513105	95.7
"2723838"	"species"	"Luidia sarsii"	"GCA_949987565.1"	1493	252	22	44.300000000000004		"Chromosome"	471186708	755984	23238236	96.80000000000001
"2723838"	"species"	"Luidia sarsii"	"GCA_949987575.1"	2860	2852		44		"Scaffold"	460781846	360787	361388	
"246814"	"species"	"Pipistrellus pygmaeus"	"GCA_949987585.2"	449	327	23	42.72		"Chromosome"	1900259658	54451000	90845294	95
"2866285"	"species"	"Mesopsocus fuscifrons"	"GCA_949987595.1"	2011	2007		42		"Scaffold"	179039017	164756	165000	
"185739"	"species"	"Pollachius pollachius"	"GCA_949987605.1"	4970	4970		45.5		"Contig"	591893695	249476	249476	
"185739"	"species"	"Pollachius pollachius"	"GCA_949987615.1"	2425	615	20	45.68		"Chromosome"	606750899	606672	27399917	94.2
"1118640"	"species"	"Chalcis sispes"	"GCA_949987625.1"	456	13	6	33.910000000000004		"Chromosome"	412394341	1996284	75805882	93.7
"141258"	"species"	"Tachina grossa"	"GCA_949987635.1"	1635	1635		31		"Contig"	973353019	2104184	2104184	
"141258"	"species"	"Tachina grossa"	"GCA_949987645.1"	271	90	6	30.73		"Chromosome"	936904124	29528263	172890404	98.4
"1870251"	"species"	"Polymixis flavicincta"	"GCA_949987655.1"	153	71	32	38.99		"Chromosome"	766569608	11995485	25484544	98.9
"1692350"	"species"	"Chymomyza fuscimana"	"GCA_949987665.1"	759	759		35.5		"Contig"	261724587	940039	940039	
"1692350"	"species"	"Chymomyza fuscimana"	"GCA_949987675.1"	264	15	5	35.47		"Chromosome"	337961389	2674730	104850594	98.80000000000001
"2795681"	"species"	"Merzomyia westermanni"	"GCA_949987695.1"	258	17	6	36.5		"Chromosome"	986154060	9319020	160295369	97.5
"2867258"	"species"	"Thereva unica"	"GCA_949987705.1"	1864	940	6	38.5		"Chromosome"	910144949	2150359	167368244	96.10000000000001
"2867258"	"species"	"Thereva unica"	"GCA_949987715.1"	6209	6200		38.5		"Scaffold"	712206291	263357	263919	
"215162"	"species"	"Agrotis exclamationis"	"GCA_949987725.1"	601	597		38.5		"Scaffold"	663529244	2923399	2929239	
"2588525"	"species"	"Leucophora obtusa"	"GCA_949987735.1"	813	201	6	30.060000000000002		"Chromosome"	1289838286	4345626	230154751	98.9
"2588525"	"species"	"Leucophora obtusa"	"GCA_949987745.1"	6556	6556		30		"Contig"	1213688036	462716	462716	
"1870251"	"species"	"Polymixis flavicincta"	"GCA_949987755.1"	3044	3044		39		"Contig"	631601478	558836	558836	
"246814"	"species"	"Pipistrellus pygmaeus"	"GCA_949987765.2"	369	282		42.89		"Scaffold"	1801983094	51312791	86734400	92.80000000000001
"2566309"	"species"	"Aproaerema taeniolella"	"GCA_949987775.1"	1504	383	31	36.910000000000004		"Chromosome"	636600098	950877	20393386	96.60000000000001
"2866285"	"species"	"Mesopsocus fuscifrons"	"GCA_950004255.1"	275	20	9	41.74		"Chromosome"	184332854	1168996	21655844	96.4
"215162"	"species"	"Agrotis exclamationis"	"GCA_950005045.1"	285	81	32	38.69		"Chromosome"	725057593	5897926	24259617	98.80000000000001
"9767"	"species"	"Balaenoptera acutorostrata"	"GCA_950005055.1"	21272	21271		41.5		"Scaffold"	2590401380	228078	228078	
"2566309"	"species"	"Aproaerema taeniolella"	"GCA_950005065.1"	5655	5651		37		"Scaffold"	577321780	195047	195216	
"2795681"	"species"	"Merzomyia westermanni"	"GCA_950005075.1"	3121	3121		36.5		"Contig"	933461525	993336	993336	
"1118640"	"species"	"Chalcis sispes"	"GCA_950005085.1"	2616	2616		34		"Contig"	262914857	230898	230898	
"987975"	"species"	"Lycophotia porphyrea"	"GCA_950005095.1"	360	360		38.5		"Contig"	539209341	3357054	3357054	
"987975"	"species"	"Lycophotia porphyrea"	"GCA_950005105.1"	86	32	31	38.32		"Chromosome"	542404843	11053919	18690029	98.80000000000001
"55777"	"species"	"Bromus sterilis"	"GCA_950022295.1"	359	249	7	45.03		"Chromosome"	2677905839	338376119	379526086	97.9
"987425"	"species"	"Eurois occulta"	"GCA_950022335.1"	93	35	31	38.39		"Chromosome"	603349054	11603215	20500800	98.5
"55777"	"species"	"Bromus sterilis"	"GCA_950022485.1"	509	509		48.5		"Contig"	17921317	33314	33314	
"988043"	"species"	"Xestia ashworthii"	"GCA_950022645.1"	4946	4946		38.5		"Contig"	697282735	307990	307990	
"271774"	"species"	"Alentia gelatinosa"	"GCA_950022655.1"	762	192	15	42.12		"Chromosome"	1237499423	3858780	79000438	95.10000000000001
"1002954"	"species"	"Udea ferrugalis"	"GCA_950022945.1"	275	275		38.5		"Contig"	495206169	3789399	3789399	
"988043"	"species"	"Xestia ashworthii"	"GCA_950022955.1"	190	69	31	38.54		"Chromosome"	726312753	8046000	25131726	99
"1002954"	"species"	"Udea ferrugalis"	"GCA_950022985.1"	66	37	31	38.62		"Chromosome"	495594851	13239845	17412294	98.60000000000001
"170843"	"species"	"Planococcus citri"	"GCA_950022995.1"	1873	1873		35		"Contig"	42577678	25095	25095	
"271774"	"species"	"Alentia gelatinosa"	"GCA_950023025.1"	2998	2998		42		"Contig"	1187348741	833961	833961	
"987425"	"species"	"Eurois occulta"	"GCA_950023035.1"	531	531		38.5		"Contig"	594903609	2877528	2877528	
"170843"	"species"	"Planococcus citri"	"GCA_950023065.1"	35	9	5	34.58		"Chromosome"	403646906	23636000	83717158	91.60000000000001
"722658"	"species"	"Biston stratarius"	"GCA_950106675.1"	223	223		37		"Contig"	421996021	4223313	4223313	
"722658"	"species"	"Biston stratarius"	"GCA_950106695.1"	69	21	16	36.800000000000004		"Chromosome"	424040930	9257131	31208321	98.60000000000001
"70131"	"species"	"Climacium dendroides"	"GCA_950106755.1"	202	130	11	37.4		"Chromosome"	413060100	6578814	33543809	84
"131577"	"species"	"Agelastica alni"	"GCA_950106765.2"	3471	3471		34.5		"Contig"	589987317	355703	355703	
"195224"	"species"	"Malthinus flaveolus"	"GCA_950108345.1"	105	7	6	34.19		"Chromosome"	236704650	3462109	36462998	99
"572809"	"species"	"Agriphila straminella"	"GCA_950108535.1"	59	50	26	36.28		"Chromosome"	511463620	18497547	19107545	98.60000000000001
"572809"	"species"	"Agriphila straminella"	"GCA_950109475.1"	510	510		36.5		"Contig"	511839513	3292385	3292385	
"195224"	"species"	"Malthinus flaveolus"	"GCA_950111595.1"	633	633		34		"Contig"	233621902	720151	720151	
"131577"	"species"	"Agelastica alni"	"GCA_950111635.2"	378	133	12	34.46		"Chromosome"	692269472	4545743	66306276	99.2
"9365"	"species"	"Erinaceus europaeus"	"GCA_950295305.1"	26601	26600		42		"Scaffold"	1850742846	116706	116706	
"9365"	"species"	"Erinaceus europaeus"	"GCA_950295315.1"	4934	1174	24	42		"Chromosome"	2720683831	999919	126757761	92.4
"3213"	"species"	"Polytrichum commune"	"GCA_950295325.2"	144	69	7	40.5		"Chromosome"	407864335	8847918	59155864	
"254382"	"species"	"Plusia festucae"	"GCA_950370415.1"	312	312		35.5		"Contig"	421903528	3417304	3417304	
"2881606"	"species"	"Bellardia bayeri"	"GCA_950370525.1"	149	22	7	30.04		"Chromosome"	551738483	6993595	103251160	99.10000000000001
"79499"	"species"	"Lacanobia oleracea"	"GCA_950370565.1"	737	736		39.5		"Scaffold"	758447639	2554022	2554022	
"1100909"	"species"	"Anania fuscalis"	"GCA_950370675.1"	449	449		36.5		"Contig"	492474218	2959610	2959610	
"1100909"	"species"	"Anania fuscalis"	"GCA_950371115.1"	103	45	32	36.84		"Chromosome"	563922727	9830660	19253218	98.80000000000001
"79499"	"species"	"Lacanobia oleracea"	"GCA_950371165.1"	154	75	32	39.76		"Chromosome"	817314537	12026502	26564265	98.60000000000001
"2881606"	"species"	"Bellardia bayeri"	"GCA_950381525.1"	937	937		30		"Contig"	497105984	2090274	2090274	
"254382"	"species"	"Plusia festucae"	"GCA_950381575.1"	84	37	31	35.57		"Chromosome"	422538616	10572398	14669375	98.80000000000001
"1431430"	"species"	"Andrena trimmerana"	"GCA_951212825.1"	1153	1153		42		"Contig"	378417964	3174956	3174956	
"336583"	"species"	"Amaurobius ferox"	"GCA_951213105.1"	1795	288	23	32.92		"Chromosome"	3564832958	4367030	153399618	98.2
"104449"	"species"	"Idaea straminata"	"GCA_951213275.1"	67	34	31	35.99		"Chromosome"	411282872	9796490	14441715	98.5
"1431430"	"species"	"Andrena trimmerana"	"GCA_951215215.1"	251	224	5	42.07		"Chromosome"	399064024	17770442	91870870	96.9
"336583"	"species"	"Amaurobius ferox"	"GCA_951215355.1"	21296	21294		33		"Scaffold"	2368227838	301975	301975	
"104449"	"species"	"Idaea straminata"	"GCA_951215995.1"	419	419		36		"Contig"	402302208	1895491	1895491	
"721173"	"species"	"Tetheella fluctuosa"	"GCA_951216625.1"	1063	1063		35.5		"Contig"	318685455	633553	633553	
"721173"	"species"	"Tetheella fluctuosa"	"GCA_951216915.1"	74	39	32	35.67		"Chromosome"	369133032	8785854	12835744	98.80000000000001
"108914"	"species"	"Gerris lacustris"	"GCA_951217045.1"	3403	3399		32		"Scaffold"	869569280	511894	511894	
"108914"	"species"	"Gerris lacustris"	"GCA_951217055.1"	598	87	11	32.3		"Chromosome"	937526974	3828687	76374655	94.60000000000001
"226178"	"species"	"Baccha elongata"	"GCA_951217065.2"	590	410	3	32.52		"Chromosome"	607970187	3383207	143229827	96.7
"273447"	"species"	"Cheilosia variabilis"	"GCA_951230875.1"	624	624		37.5		"Contig"	402649946	1827042	1827042	
"687316"	"species"	"Carpatolechia fugitivella"	"GCA_951230885.1"	4276	4276		37		"Contig"	483147626	201166	201166	
"687316"	"species"	"Carpatolechia fugitivella"	"GCA_951230895.1"	940	141	30	37.2		"Chromosome"	493070205	1029615	17187121	97.9
"273447"	"species"	"Cheilosia variabilis"	"GCA_951230905.1"	101	7	7	37.54		"Chromosome"	414741101	7889679	70713320	96.30000000000001
"100465"	"species"	"Antitrichia curtipendula"	"GCA_951230915.1"	1310	337	10	37.89		"Chromosome"	400507149	624384	46903169	83.10000000000001
"988024"	"species"	"Polia nebulosa"	"GCA_951329385.1"	308	114	30	39.18		"Chromosome"	1011185818	7655059	33695675	98.9
"988024"	"species"	"Polia nebulosa"	"GCA_951329505.1"	1755	1754		39		"Scaffold"	983302894	1230004	1230004	
"721156"	"species"	"Ochropacha duplaris"	"GCA_951361115.1"	332	332		36		"Contig"	343874145	2627620	2627620	
"721156"	"species"	"Ochropacha duplaris"	"GCA_951361185.1"	91	56	31	36.32		"Chromosome"	354733922	9491029	12796443	98.80000000000001
"1387116"	"species"	"Dicyrtomina minuta"	"GCA_951387605.1"	4571	4563		35.5		"Scaffold"	496146932	199730	200515	
"247947"	"species"	"Epirrita christyi"	"GCA_951392215.1"	141	42	31	37.67		"Chromosome"	474153346	6127092	16313595	98.4
"34676"	"species"	"Protophormia terraenovae"	"GCA_951394005.1"	262	15	7	27.55		"Chromosome"	783654081	6582222	140006774	98.80000000000001
"7283"	"species"	"Drosophila phalerata"	"GCA_951394015.2"	682	681		36.5		"Scaffold"	162594553	702709	707815	
"2867252"	"species"	"Heteromyza rotundicornis"	"GCA_951394025.1"	505	14	6	36.33		"Chromosome"	333412527	1478352	85643480	98.4
"2867252"	"species"	"Heteromyza rotundicornis"	"GCA_951394035.1"	1479	1479		36.5		"Contig"	319555405	429611	429611	
"2753613"	"species"	"Villa cingulata"	"GCA_951394055.1"	151	45	10	26.63		"Chromosome"	412588003	5759920	45252737	94.5
"572911"	"species"	"Venusia cambrica"	"GCA_951394065.1"	96	44	38	37.89		"Chromosome"	470440638	8875562	12813859	98.10000000000001
"2753613"	"species"	"Villa cingulata"	"GCA_951394075.1"	1908	1908		27		"Contig"	326338741	661517	661517	
"34676"	"species"	"Protophormia terraenovae"	"GCA_951394085.1"	2213	2213		27.5		"Contig"	760523386	979618	979618	
"1124511"	"species"	"Epistrophe eligans"	"GCA_951394095.1"	662	662		31.5		"Contig"	407684936	1731041	1731041	
"572911"	"species"	"Venusia cambrica"	"GCA_951394105.1"	3921	3921		38		"Contig"	461933552	217632	217632	
"7283"	"species"	"Drosophila phalerata"	"GCA_951394115.2"	893	525	7	36.43		"Chromosome"	223916180	923726	36533264	99.10000000000001
"1124511"	"species"	"Epistrophe eligans"	"GCA_951394125.1"	247	123	5	31.64		"Chromosome"	405883223	5784911	111598366	96.9
"1078807"	"species"	"Glyphodes perspectalis"	"GCA_951394215.1"	1314	199	32	37		"Chromosome"	483679240	950415	16856657	
"247442"	"species"	"Harpalus rufipes"	"GCA_951394225.1"	349	87	19	31.28		"Chromosome"	890536119	8784621	52722989	98.80000000000001
"1078807"	"species"	"Glyphodes perspectalis"	"GCA_951394235.1"	3084	3075		36.5		"Scaffold"	397048190	301133	301133	
"310442"	"species"	"Cyclophora punctaria"	"GCA_951394245.1"	90	50	31	37.06		"Chromosome"	301466079	7052089	10745134	97.9
"988154"	"species"	"Polyploca ridens"	"GCA_951394255.1"	1986	481	30	36.77		"Chromosome"	493564165	570469	16791215	95.10000000000001
"310442"	"species"	"Cyclophora punctaria"	"GCA_951394265.1"	197	197		37		"Contig"	299488987	3582205	3582205	
"934838"	"species"	"Epirrhoe tristata"	"GCA_951394275.1"	285	285		37.5		"Contig"	302405589	2130017	2130017	
"934838"	"species"	"Epirrhoe tristata"	"GCA_951394285.1"	76	32	30	37.31		"Chromosome"	313804960	6547460	11321105	98.4
"988154"	"species"	"Polyploca ridens"	"GCA_951394295.1"	5397	5395		36.5		"Scaffold"	449347568	144564	144564	
"326039"	"species"	"Lactarius evosmus"	"GCA_951394305.1"	531	531		51		"Contig"	38109202	510274	510274	
"326039"	"species"	"Lactarius evosmus"	"GCA_951394315.1"	24	12	11	50.71		"Chromosome"	57231665	4137912	5448807	94.30000000000001
"247442"	"species"	"Harpalus rufipes"	"GCA_951394325.1"	2061	2059		31.5		"Scaffold"	847234167	1600630	1600630	
"267548"	"species"	"Salicornia ramosissima"	"GCA_951394335.1"	371	371		34.5		"Contig"	7853370	22588	22588	
"267548"	"species"	"Salicornia ramosissima"	"GCA_951394345.1"	141	18	9	34.76		"Chromosome"	529111255	6611454	59065583	96.5
"100830"	"species"	"Tetrao urogallus"	"GCA_951394355.1"	5464	5464		41.5		"Contig"	853786400	341259	341259	
"100830"	"species"	"Tetrao urogallus"	"GCA_951394365.1"	1290	317	39	41.51		"Chromosome"	1013167347	1909808	71401156	96.60000000000001
"2867263"	"species"	"Tipula unca"	"GCA_951394375.1"	4895	4895		32		"Contig"	705570003	396080	396080	
"934931"	"species"	"Colostygia pectinataria"	"GCA_951394385.1"	522	522		37.5		"Contig"	350834265	1314122	1314122	
"934931"	"species"	"Colostygia pectinataria"	"GCA_951394395.1"	46	36	31	37.57		"Chromosome"	351557570	12473394	12651202	98.60000000000001
"71717"	"species"	"Coprinellus micaceus"	"GCA_951394405.1"	168	98	13	53.53		"Chromosome"	51963485	1016946	4118337	92.7
"71717"	"species"	"Coprinellus micaceus"	"GCA_951394415.1"	119	119		52.5		"Contig"	2458422	20438	20438	
"2867263"	"species"	"Tipula unca"	"GCA_951394425.1"	376	41	4	32.28		"Chromosome"	692206499	4468842	223236985	94.60000000000001
"9737"	"species"	"Stenella coeruleoalba"	"GCA_951394435.1"	1630	637	23	42.19		"Chromosome"	2691406842	3590204	105253534	95.4
"9737"	"species"	"Stenella coeruleoalba"	"GCA_951394445.1"	3464	3464		42		"Contig"	2485529352	2186058	2186058	
"505411"	"species"	"Falcaria lacertinaria"	"GCA_951449975.1"	231	231		37.5		"Contig"	279683542	3756952	3756952	
"505411"	"species"	"Falcaria lacertinaria"	"GCA_951449985.1"	94	35	32	37.54		"Chromosome"	300170511	4850831	10359755	98.7
"1124559"	"species"	"Eupeodes luniger"	"GCA_951508365.1"	1057	1057		33		"Contig"	618037368	2181547	2181547	
"1717430"	"species"	"Machimus rusticus"	"GCA_951509405.1"	81	8	8	35.6		"Chromosome"	279698367	11885694	49085463	96.30000000000001
"1717430"	"species"	"Machimus rusticus"	"GCA_951509505.1"	1028	1028		35.5		"Contig"	213154659	673348	673348	
"1124559"	"species"	"Eupeodes luniger"	"GCA_951509635.1"	332	59	4	33.06		"Chromosome"	616890967	5195795	319955300	96.60000000000001
"594017"	"species"	"Sphenella marginata"	"GCA_951509705.1"	6012	6012		35		"Contig"	574207488	175669	175669	
"594017"	"species"	"Sphenella marginata"	"GCA_951509765.1"	1388	119	6	35.14		"Chromosome"	595235565	758719	109573589	97.80000000000001
"2758353"	"species"	"Pseudoips prasinana"	"GCA_951640165.1"	104	55	33	37.06		"Chromosome"	1125677353	25062394	36985250	98.7
"2758353"	"species"	"Pseudoips prasinana"	"GCA_951640185.1"	1083	1081		37		"Scaffold"	1054144935	2354064	2354064	
"1398758"	"species"	"Porpolomopsis calyptriformis"	"GCA_951640195.1"	42	16	14	47.45		"Chromosome"	33460502	1860760	2289695	86.7
"1398758"	"species"	"Porpolomopsis calyptriformis"	"GCA_951640215.1"	140	139		47.5		"Scaffold"	30788195	694527	694527	
"3371016"	"species"	"Cnephaeus nilssonii"	"GCA_951640355.1"	1629	206	26	43.5		"Chromosome"	2064102006	2474537	98018206	
"3371016"	"species"	"Cnephaeus nilssonii"	"GCA_951640545.1"	4899	4896		43.5		"Scaffold"	1900360802	846662	846662	
"875879"	"species"	"Petrophora chlorosata"	"GCA_951640565.1"	136	43	32	37.72		"Chromosome"	511997224	8688886	17996493	98.60000000000001
"875879"	"species"	"Petrophora chlorosata"	"GCA_951640575.1"	1207	1207		37.5		"Contig"	467759758	738064	738064	
"495356"	"species"	"Ophion costatus"	"GCA_951751655.1"	1854	194	13	40.050000000000004		"Chromosome"	519376489	555036	42526767	93.30000000000001
"1271715"	"species"	"Agapetus fuscipes"	"GCA_951799365.1"	4998	4997		37		"Scaffold"	616654305	223253	223347	
"987961"	"species"	"Hyppa rectilinea"	"GCA_951799375.1"	698	698		38.5		"Contig"	563295396	2036540	2036540	
"987961"	"species"	"Hyppa rectilinea"	"GCA_951799385.1"	120	44	31	38.4		"Chromosome"	569621701	8312066	19437210	99
"1271715"	"species"	"Agapetus fuscipes"	"GCA_951799405.1"	765	151	33	37		"Chromosome"	618267425	1629991	17982820	95.80000000000001
"4298"	"species"	"Ilex aquifolium"	"GCA_951799425.1"	158	104	20	37.5		"Chromosome"	799967978	15160792	37412598	98.5
"4298"	"species"	"Ilex aquifolium"	"GCA_951799435.1"	1714	1711		37.5		"Scaffold"	725323136	1637902	1637902	
"3238343"	"species"	"Pseudisothecium myosuroides"	"GCA_951799445.1"	308	254	11	38		"Chromosome"	388278473	9989289	34434597	
"997526"	"species"	"Apamea anceps"	"GCA_951799955.1"	106	45	31	38.17		"Chromosome"	615777381	9454351	21318160	99
"85417"	"species"	"Gobius niger"	"GCA_951799965.1"	3523	3523		42		"Contig"	838316121	584669	584669	
"85417"	"species"	"Gobius niger"	"GCA_951799975.1"	933	297	24	42.11		"Chromosome"	870555617	3365000	36708673	97.2
"997526"	"species"	"Apamea anceps"	"GCA_951799985.1"	1099	1099		38		"Contig"	611075553	1339915	1339915	
"3900"	"species"	"Trifolium subterraneum"	"GCA_951799995.1"	573	65	8	33.730000000000004		"Chromosome"	483786482	1719271	58995023	98.60000000000001
"2566676"	"species"	"Cenopis cana"	"GCA_951800005.1"	450	450		39		"Contig"	522055115	5273998	5273998	
"1776468"	"species"	"Linnaemya tessellans"	"GCA_951800015.1"	1441	1441		32		"Contig"	661060728	1379050	1379050	
"988009"	"species"	"Oligia strigilis"	"GCA_951800025.1"	3344	962	31	38.480000000000004		"Chromosome"	626101425	393240	20522485	95.4
"1776468"	"species"	"Linnaemya tessellans"	"GCA_951800035.1"	288	35	7	32.11		"Chromosome"	709870799	7736229	125158878	98.7
"988009"	"species"	"Oligia strigilis"	"GCA_951800045.1"	10439	10436		38.5		"Scaffold"	580251788	87849	87855	
"2566676"	"species"	"Cenopis cana"	"GCA_951800055.1"	152	121	28	39		"Chromosome"	580336845	16736627	19939996	
"3900"	"species"	"Trifolium subterraneum"	"GCA_951800065.1"	147	147		35.5		"Contig"	9805286	949558	949558	
"57932"	"species"	"Comarum palustre"	"GCA_951800075.1"	3953	3953		38.5		"Contig"	489261865	257767	257767	
"57932"	"species"	"Comarum palustre"	"GCA_951800085.1"	580	86	21	38.58		"Chromosome"	528886950	1707000	26215688	98.2
"115343"	"species"	"Adalia decempunctata"	"GCA_951802165.1"	129	81	12	36.480000000000004		"Chromosome"	489433454	26378788	51987084	97.2
"3691"	"species"	"Populus nigra"	"GCA_951802175.1"	298	21	19	34.980000000000004		"Chromosome"	413224811	3535101	22490379	97.80000000000001
"115343"	"species"	"Adalia decempunctata"	"GCA_951802185.1"	434	434		36.5		"Contig"	463831442	4344916	4344916	
"82525"	"species"	"Tausonia pullulans"	"GCA_951802195.1"	57	21	20	58.46		"Chromosome"	23855166	725611	1354748	29.900000000000002
"3691"	"species"	"Populus nigra"	"GCA_951802205.1"	963	963		34.5		"Contig"	414514973	2035781	2035781	
"82525"	"species"	"Tausonia pullulans"	"GCA_951802215.1"	52	52		58		"Contig"	899089	18037	18037	
"1594449"	"species"	"Euspilapteryx auroguttella"	"GCA_951802225.1"	470	102	30	37.4		"Chromosome"	331897825	2025000	11650979	96.30000000000001
"1594449"	"species"	"Euspilapteryx auroguttella"	"GCA_951802235.1"	2286	2286		37.5		"Contig"	337230545	347623	347623	
"908347"	"species"	"Volvariella surrecta"	"GCA_951802395.1"	24	14	12	47.79		"Chromosome"	27932191	1653094	2781078	91.7
"908347"	"species"	"Volvariella surrecta"	"GCA_951802405.1"	11	11		47.5		"Contig"	158027	15601	15601	
"264083"	"species"	"Clavaria fumosa"	"GCA_951802415.1"	71	71		50.5		"Contig"	45549233	2343022	2343022	
"264083"	"species"	"Clavaria fumosa"	"GCA_951802425.1"	22	17	13	50.25		"Chromosome"	48519613	3508759	3674632	81.9
"48668"	"species"	"Rutilus rutilus"	"GCA_951802655.1"	4612	4606		38.5		"Scaffold"	1042711183	495661	495756	
"405023"	"species"	"Boloria euphrosyne"	"GCA_951802665.2"	451	451		33		"Contig"	381122580	2418447	2418447	
"405023"	"species"	"Boloria euphrosyne"	"GCA_951802675.2"	80	55	31	33.19		"Chromosome"	400436497	9201020	13609687	99
"601768"	"species"	"Nomada panzeri"	"GCA_951802685.1"	213	84	15	42.480000000000004		"Chromosome"	303898916	4952858	18709531	97.4
"601849"	"species"	"Nomada ruficornis"	"GCA_951802695.1"	226	169	16	42.01		"Chromosome"	273010833	7170000	14982175	97.2
"494743"	"species"	"Netelia virgata"	"GCA_951802705.1"	602	150	6	39.92		"Chromosome"	249675541	1032722	46467545	95.10000000000001
"601583"	"species"	"Nomada hirtipes"	"GCA_951802715.1"	1596	1596		43		"Contig"	81993485	47714	47714	
"48668"	"species"	"Rutilus rutilus"	"GCA_951802725.1"	555	84	25	38.800000000000004		"Chromosome"	1100179043	3932511	43935812	97.4
"601583"	"species"	"Nomada hirtipes"	"GCA_951802735.1"	215	102	16	43.01		"Chromosome"	316469816	4083930	17418997	97
"601523"	"species"	"Nomada flava"	"GCA_951802745.1"	152	113	14	42.47		"Chromosome"	308415395	12675410	19641500	97.2
"97021"	"species"	"Trifolium dubium"	"GCA_951804385.1"	739	153	15	32.67		"Chromosome"	679057308	3006263	46006535	98.9
"97021"	"species"	"Trifolium dubium"	"GCA_951804395.1"	793	793		33		"Contig"	21729920	25973	25973	
"934869"	"species"	"Horisme vitalbata"	"GCA_951804935.1"	1234	1234		37.5		"Contig"	503481389	1054748	1054748	
"934869"	"species"	"Horisme vitalbata"	"GCA_951804965.1"	111	36	22	37.49		"Chromosome"	532755606	9370129	27063725	98.10000000000001
"478167"	"species"	"Anthophora plumipes"	"GCA_951804975.2"	1183	1058		39.86		"Scaffold"	669955111	7034000	13921600	97.30000000000001
"169445"	"species"	"Dryomyza anilis"	"GCA_951804985.1"	491	69	7	31.220000000000002		"Chromosome"	656604018	3171071	106770135	98.30000000000001
"169445"	"species"	"Dryomyza anilis"	"GCA_951804995.1"	1810	1809		31		"Scaffold"	564719432	838349	841744	
"347424"	"species"	"Othius punctulatus"	"GCA_951805005.1"	668	470	10	32.980000000000004		"Chromosome"	870453908	7685560	97110198	98.80000000000001
"347424"	"species"	"Othius punctulatus"	"GCA_951805015.1"	3503	3502		33		"Scaffold"	867539939	697565	700448	
"351686"	"species"	"Schizotus pectinicornis"	"GCA_951805255.1"	877	877		38		"Contig"	173280093	563495	563495	
"351686"	"species"	"Schizotus pectinicornis"	"GCA_951805265.1"	285	218	9	37.77		"Chromosome"	181118289	3604651	18534248	99.60000000000001
"876078"	"species"	"Thymelicus acteon"	"GCA_951805285.1"	119	66	28	36.300000000000004		"Chromosome"	536980141	10698480	19676428	98.4
"876078"	"species"	"Thymelicus acteon"	"GCA_951805295.1"	578	578		36		"Contig"	538431708	3242634	3242634	
"105251"	"species"	"Taphrorychus bicolor"	"GCA_951812265.1"	1282	516	12	36.230000000000004		"Chromosome"	575225147	1227000	48296002	99
"931494"	"species"	"Beris morrisii"	"GCA_951812405.1"	3843	3843		37		"Contig"	451001307	236153	236153	
"931494"	"species"	"Beris morrisii"	"GCA_951812415.1"	190	33	5	36.77		"Chromosome"	613260680	6675420	163701312	96.5
"105251"	"species"	"Taphrorychus bicolor"	"GCA_951812425.1"	6159	6159		36		"Contig"	454272342	122186	122186	
"347362"	"species"	"Hermaeophaga mercurialis"	"GCA_951812905.1"	4753	4753		28.5		"Contig"	101489942	19987	19987	
"1824995"	"species"	"Calliopum simillimum"	"GCA_951812915.1"	4989	4985		33.5		"Scaffold"	680828282	300827	300999	
"1824995"	"species"	"Calliopum simillimum"	"GCA_951812925.1"	1053	338	6	33.13		"Chromosome"	690496230	1796794	124334187	98.30000000000001
"347362"	"species"	"Hermaeophaga mercurialis"	"GCA_951812935.1"	1905	1489	9	28.45		"Chromosome"	479394699	1363883	47101683	98.9
"1637456"	"species"	"Criorhina ranunculi"	"GCA_951813785.1"	333	103	6	39.57		"Chromosome"	357640822	2934058	65719635	96.9
"1271728"	"species"	"Limnephilus auricula"	"GCA_951813795.1"	1396	1396		34		"Contig"	925144904	1410262	1410262	
"1271728"	"species"	"Limnephilus auricula"	"GCA_951813805.1"	229	44	30	34.13		"Chromosome"	971283901	8139076	34751523	90.80000000000001
"1637456"	"species"	"Criorhina ranunculi"	"GCA_951813835.1"	2404	2404		39.5		"Contig"	347873674	294294	294294	
"103414"	"species"	"Anomoia purmunda"	"GCA_951828255.1"	2741	2741		35		"Contig"	760873813	1540330	1540330	
"103414"	"species"	"Anomoia purmunda"	"GCA_951828415.1"	534	91	6	34.95		"Chromosome"	798257654	7442008	129230719	98.4
"2867251"	"species"	"Eumerus sabulonum"	"GCA_951901015.1"	5921	5920		44		"Scaffold"	665903092	304807	304807	
"2867251"	"species"	"Eumerus sabulonum"	"GCA_951905685.1"	109	43	6	44.14		"Chromosome"	712128287	23251000	123574484	96.2
"249532"	"species"	"Icerya purchasi"	"GCA_952773005.1"	677	2	2	33.44		"Chromosome"	1098446509	2764913	600392024	88
"249532"	"species"	"Icerya purchasi"	"GCA_952773055.1"	30	30		38		"Contig"	1066255	572425	572425	
"1431430"	"species"	"Andrena trimmerana"	"GCA_952773225.1"	769	668	5	41.77		"Chromosome"	446956329	5669540	86761945	96.9
"475003"	"species"	"Euphrasia confusa"	"GCA_954870475.1"	640	448	22	37.87		"Chromosome"	976479663	8255681	41336645	96.2
"475003"	"species"	"Euphrasia confusa"	"GCA_954870545.1"	1413	1413		41.5		"Contig"	28856203	23243	23243	
"97023"	"species"	"Trifolium fragiferum"	"GCA_954870555.1"	4837	4837		33.5		"Contig"	422321716	230489	230489	
"66205"	"species"	"Acer campestre"	"GCA_954870605.1"	1364	266	14	35.28		"Chromosome"	565085850	825347	40156598	96
"143172"	"species"	"Arctium minus"	"GCA_954870635.1"	44	30	18	36.54		"Chromosome"	1903063616	80930584	103461716	98.10000000000001
"997525"	"species"	"Agrotis clavis"	"GCA_954870645.1"	293	101	31	38.37		"Chromosome"	751126655	6919873	26750707	99.10000000000001
"511597"	"species"	"Stratiomys singularior"	"GCA_954870665.1"	521	404	6	37.21		"Chromosome"	715196611	35958556	116479916	94.2
"1053395"	"species"	"Scutellaria minor"	"GCA_954870745.1"	77	77		35.5		"Contig"	3723434	47695	47695	
"33127"	"species"	"Parietaria judaica"	"GCA_954870795.1"	2451	2451		37.5		"Contig"	163261997	90177	90177	
"1053395"	"species"	"Scutellaria minor"	"GCA_954870855.1"	26	20	14	34.13		"Chromosome"	341752472	19681422	21760285	98.10000000000001
"97023"	"species"	"Trifolium fragiferum"	"GCA_954870985.1"	220	19	8	33.68		"Chromosome"	511977185	6203536	63352505	98.5
"66205"	"species"	"Acer campestre"	"GCA_954871055.1"	4757	4694		36		"Scaffold"	734708497	370493	383941	
"881489"	"species"	"Leptopterna dolabrata"	"GCA_954871245.1"	6242	6241		41		"Scaffold"	774742436	202993	203031	
"881489"	"species"	"Leptopterna dolabrata"	"GCA_954871275.1"	2062	361	17	40.88		"Chromosome"	987901686	1003918	59806621	96.80000000000001
"722659"	"species"	"Cabera pusaria"	"GCA_954871345.1"	1767	1767		37		"Contig"	800551473	882493	882493	
"722659"	"species"	"Cabera pusaria"	"GCA_954871355.1"	177	55	31	36.96		"Chromosome"	794278471	7639996	27510719	98.4
"997525"	"species"	"Agrotis clavis"	"GCA_954871455.1"	695	692		38.5		"Scaffold"	737258520	2449593	2449593	
"511597"	"species"	"Stratiomys singularior"	"GCA_954871515.1"	1401	1401		37.5		"Contig"	633591217	1742132	1742132	
"33127"	"species"	"Parietaria judaica"	"GCA_954871525.1"	125	89	13	37.15		"Chromosome"	538732769	16564159	40273085	95.7
"143172"	"species"	"Arctium minus"	"GCA_954871535.1"	5756	5756		37		"Contig"	465430802	141794	141794	
"1101017"	"species"	"Metalampra italica"	"GCA_954994325.1"	220	220		39		"Contig"	289045357	2953253	2953253	
"273429"	"species"	"Cheilosia scutellata"	"GCA_955612985.1"	360	35	6	37.480000000000004		"Chromosome"	470966589	2985000	126733743	97.30000000000001
"273429"	"species"	"Cheilosia scutellata"	"GCA_955652325.1"	2302	2302		37.5		"Contig"	467341965	460780	460780	
"2017640"	"species"	"Eristalinus aeneus"	"GCA_955652355.1"	1478	1478		40.5		"Contig"	471376226	890712	890712	
"2017640"	"species"	"Eristalinus aeneus"	"GCA_955652365.1"	447	197	6	40.34		"Chromosome"	495373098	5283291	85846282	96.60000000000001
"881727"	"species"	"Pilophorus perplexus"	"GCA_955831195.1"	180	18	13	41.34		"Chromosome"	481318845	4796917	36228558	96.9
"934860"	"species"	"Eupithecia tripunctaria"	"GCA_955838965.1"	511	511		37.5		"Contig"	451059761	2059052	2059052	
"753177"	"species"	"Elophila nymphaeata"	"GCA_955846215.1"	1246	1246		36.5		"Contig"	641617657	1320983	1320983	
"753177"	"species"	"Elophila nymphaeata"	"GCA_955850985.1"	176	83	31	36.68		"Chromosome"	734131109	13374760	25720800	98.7
"881727"	"species"	"Pilophorus perplexus"	"GCA_955876675.1"	2287	2284		41.5		"Scaffold"	474613929	405252	407603	
"934860"	"species"	"Eupithecia tripunctaria"	"GCA_955876795.1"	124	84	32	37.38		"Chromosome"	494813069	8421523	16304492	98
"631317"	"species"	"Gymnocheta viridis"	"GCA_956483585.1"	684	231	6	30.39		"Chromosome"	600300880	2916000	127568459	98.80000000000001
"631317"	"species"	"Gymnocheta viridis"	"GCA_956483595.1"	3308	3308		30.5		"Contig"	564160421	409365	409365	
"96551"	"species"	"Tuberolachnus salignus"	"GCA_956483605.1"	265	99	10	31.82		"Chromosome"	456750849	5549255	45837389	99.5
"1918131"	"species"	"Panzeria rudis"	"GCA_956483615.1"	6521	6512		31		"Scaffold"	836068699	284565	285092	
"96551"	"species"	"Tuberolachnus salignus"	"GCA_956483625.1"	2976	2976		32.5		"Contig"	391336950	261087	261087	
"1918131"	"species"	"Panzeria rudis"	"GCA_956483635.1"	1695	299	6	31.09		"Chromosome"	852218079	1593398	158859063	98.10000000000001
"495374"	"species"	"Oxytorus armatus"	"GCA_958009045.1"	356	38	13	37.56		"Chromosome"	367797693	2048397	31210731	95.30000000000001
"987968"	"species"	"Leucania comma"	"GCA_958294965.1"	1017	1017		38.5		"Contig"	675766663	1487432	1487432	
"7221"	"species"	"Drosophila funebris"	"GCA_958295065.1"	685	685		38.5		"Contig"	124070449	511590	511590	
"2741129"	"species"	"Tipula vernalis"	"GCA_958295445.1"	6822	6813		33		"Scaffold"	1250171734	442549	442627	
"687026"	"species"	"Coleophora deauratella"	"GCA_958295455.1"	95	33	31	37.17		"Chromosome"	518446195	9992783	17488061	98.10000000000001
"7221"	"species"	"Drosophila funebris"	"GCA_958295475.1"	881	519	7	38.22		"Chromosome"	181080082	674442	26827462	98.80000000000001
"687026"	"species"	"Coleophora deauratella"	"GCA_958295505.1"	474	474		37		"Contig"	472598539	2758567	2758567	
"987968"	"species"	"Leucania comma"	"GCA_958295575.1"	155	53	32	38.67		"Chromosome"	751733995	11502663	25646328	99
"49984"	"species"	"Ajuga chamaepitys"	"GCA_958295605.1"	297	58	14	36.54		"Chromosome"	891563074	6981227	61704864	97.10000000000001
"49984"	"species"	"Ajuga chamaepitys"	"GCA_958295615.1"	369	369		38		"Contig"	39014124	2431692	2431692	
"2849646"	"species"	"Palloptera scutellata"	"GCA_958295655.1"	388	65	5	35.15		"Chromosome"	415641791	2526921	98550696	98.60000000000001
"2741129"	"species"	"Tipula vernalis"	"GCA_958295665.1"	1331	371	4	33.08		"Chromosome"	1272252786	3311925	411919547	94.5
"2849646"	"species"	"Palloptera scutellata"	"GCA_958295705.1"	2204	2204		35		"Contig"	412694067	506502	506502	
"559647"	"species"	"Hydrotaea cyrtoneurina"	"GCA_958295795.1"	1115	1115		35		"Contig"	579545390	1343803	1343803	
"559647"	"species"	"Hydrotaea cyrtoneurina"	"GCA_958296145.1"	148	22	6	35.160000000000004		"Chromosome"	575194943	8111380	92963629	99
"473050"	"species"	"Urtica urens"	"GCA_958296315.1"	6737	6737		36.5		"Contig"	279564533	46438	46438	
"473050"	"species"	"Urtica urens"	"GCA_958296335.1"	360	91	12	36.32		"Chromosome"	339647193	19854874	24801648	91.10000000000001
"29695"	"species"	"Phragmites australis"	"GCA_958298935.1"	96	37	24	44.17		"Chromosome"	848669966	30881264	35123032	98.9
"2025112"	"species"	"Atherix ibis"	"GCA_958298945.2"	301	123	5	32.25		"Chromosome"	670410102	6552895	128162399	93.5
"320963"	"species"	"Tetanocera ferruginea"	"GCA_958298955.1"	3584	3584		32.5		"Contig"	791127278	522004	522004	
"75519"	"species"	"Chrysolina haemoptera"	"GCA_958298965.1"	545	83	20	35.13		"Chromosome"	718304979	2238999	35485444	98.5
"29695"	"species"	"Phragmites australis"	"GCA_958298975.1"	1732	1731		44		"Scaffold"	809113579	1772398	1772398	
"198718"	"species"	"Drosophila histrio"	"GCA_958298985.3"	2182	1280		37.5		"Scaffold"	212910769	397021	32763002	
"75519"	"species"	"Chrysolina haemoptera"	"GCA_958298995.1"	7965	7965		35		"Contig"	453266461	67971	67971	
"2025112"	"species"	"Atherix ibis"	"GCA_958299005.2"	2428	2428		32		"Contig"	626299027	710817	710817	
"320963"	"species"	"Tetanocera ferruginea"	"GCA_958299015.1"	518	82	7	32.31		"Chromosome"	790366674	3935007	161584466	97.7
"198718"	"species"	"Drosophila histrio"	"GCA_958299025.2"	439	42	5	37.46		"Chromosome"	189249459	1027455	36521069	98.80000000000001
"226135"	"species"	"Sarcophaga carnaria"	"GCA_958299775.1"	1461	1460		34		"Scaffold"	696843438	3354926	3354926	
"47085"	"species"	"Medicago lupulina"	"GCA_958299785.1"	483	18	8	34.21		"Chromosome"	575430454	2915500	69616069	98.5
"226135"	"species"	"Sarcophaga carnaria"	"GCA_958299815.1"	416	259	6	33.44		"Chromosome"	744122384	11846842	129022085	98.80000000000001
"47085"	"species"	"Medicago lupulina"	"GCA_958299825.1"	209	209		33.5		"Contig"	10139736	78640	78640	
"511117"	"species"	"Merodon equestris"	"GCA_958301585.1"	462	271	6	39.74		"Chromosome"	872972800	5555269	129753689	96.4
"74645"	"species"	"Rosa rugosa"	"GCA_958301625.1"	4460	4436		39.5		"Scaffold"	365699510	141821	143422	
"7373"	"species"	"Calliphora vicina"	"GCA_958301635.1"	2247	2247		30		"Contig"	726509171	1957653	1957653	
"41107"	"species"	"Dorcus parallelipipedus"	"GCA_958336325.1"	4222	4222		35		"Contig"	374613356	179977	179977	
"52734"	"species"	"Dilophus febrilis"	"GCA_958336335.1"	463	106	6	25.54		"Chromosome"	305558315	1419977	47804581	88.9
"41107"	"species"	"Dorcus parallelipipedus"	"GCA_958336345.1"	762	88	10	34.89		"Chromosome"	470880531	1432485	48965044	99
"224256"	"species"	"Syrphus vitripennis"	"GCA_958336355.1"	2230	2230		32.5		"Contig"	373359652	455441	455441	
"52734"	"species"	"Dilophus febrilis"	"GCA_958336365.1"	1277	1277		25		"Contig"	278315789	553814	553814	
"1132042"	"species"	"Ctenicera cuprea"	"GCA_958336375.1"	3002	3002		33.5		"Contig"	596221174	462208	462208	
"1132042"	"species"	"Ctenicera cuprea"	"GCA_958336395.1"	1026	553	12	33.47		"Chromosome"	647669400	2792496	60302015	99.10000000000001
"224256"	"species"	"Syrphus vitripennis"	"GCA_958431115.1"	875	399	5	32.59		"Chromosome"	388815941	2171258	110905286	96.7
"74645"	"species"	"Rosa rugosa"	"GCA_958449725.1"	1091	77	7	39.300000000000004		"Chromosome"	417128682	653714	58176182	97.7
"1870131"	"species"	"Ochropleura leucogaster"	"GCA_958449745.1"	74	37	31	37.62		"Chromosome"	545723238	14664511	18695136	98.9
"1870131"	"species"	"Ochropleura leucogaster"	"GCA_958449765.1"	281	281		37.5		"Contig"	545260182	4556395	4556395	
"39848"	"species"	"Agrostemma githago"	"GCA_958450325.1"	520	128	24	40.31		"Chromosome"	1735037658	6382080	74615833	94.5
"7373"	"species"	"Calliphora vicina"	"GCA_958450345.1"	250	117	6	30.07		"Chromosome"	706524439	35250151	131702511	99
"39848"	"species"	"Agrostemma githago"	"GCA_958450355.1"	132	132		43.5		"Contig"	25466553	13353700	13353700	
"511117"	"species"	"Merodon equestris"	"GCA_958450385.1"	2324	2324		39.5		"Contig"	725253170	963000	963000	
"542982"	"species"	"Heliothis peltigera"	"GCA_958496135.1"	157	157		36.5		"Contig"	332084091	4465090	4465090	
"542982"	"species"	"Heliothis peltigera"	"GCA_958496145.1"	55	31	31	36.64		"Chromosome"	332828679	9158664	11813164	99.10000000000001
"279440"	"species"	"Sisyra nigra"	"GCA_958496155.1"	352	111	7	30.32		"Chromosome"	372592344	3121196	50790609	97.10000000000001
"279440"	"species"	"Sisyra nigra"	"GCA_958496165.1"	2151	2151		30		"Contig"	377011393	390658	390658	
"1560625"	"species"	"Sisyra terminalis"	"GCA_958496175.1"	35	10	7	29.84		"Chromosome"	376631321	21257292	62969495	96.7
"7137"	"species"	"Galleria mellonella"	"GCA_958496185.1"	97	36	30	33.74		"Chromosome"	466906747	9261266	17091270	98.7
"190366"	"species"	"Timandra comae"	"GCA_958496195.1"	91	39	31	35.44		"Chromosome"	334357532	6719650	11490666	98.30000000000001
"104448"	"species"	"Idaea biselata"	"GCA_958496205.1"	1663	380	13	37.04		"Chromosome"	424267583	602000	30964199	94.60000000000001
"79772"	"species"	"Verbena officinalis"	"GCA_958496215.1"	19	12	7	37.2		"Chromosome"	289201093	35931848	42305780	97.80000000000001
"934819"	"species"	"Perizoma flavofasciatum"	"GCA_958496225.1"	462	459		37		"Scaffold"	341357443	2118963	2118963	
"104448"	"species"	"Idaea biselata"	"GCA_958496235.1"	4940	4940		37		"Contig"	433786116	163152	163152	
"934819"	"species"	"Perizoma flavofasciatum"	"GCA_958496245.1"	42	39	30	37		"Chromosome"	369279619	13416557	13416557	98.2
"934908"	"species"	"Camptogramma bilineatum"	"GCA_958496255.1"	46	37	30	37.550000000000004		"Chromosome"	442678261	16300188	16753518	98.4
"79772"	"species"	"Verbena officinalis"	"GCA_958496265.1"	593	593		38		"Contig"	70819699	463929	463929	
"1080930"	"species"	"Zele albiditarsus"	"GCA_958496275.1"	49	10	10	33.75		"Chromosome"	137676224	4301049	16223185	95.4
"190366"	"species"	"Timandra comae"	"GCA_958496285.1"	568	568		35.5		"Contig"	330128511	1366848	1366848	
"934908"	"species"	"Camptogramma bilineatum"	"GCA_958496295.1"	84	83		37.5		"Scaffold"	440100154	10993144	10993144	
"1080930"	"species"	"Zele albiditarsus"	"GCA_958496305.1"	606	606		33.5		"Contig"	127601912	509272	509272	
"1870728"	"species"	"Subacronicta megacephala"	"GCA_958496315.2"	3404	3403		36.5		"Scaffold"	420667022	257417	257417	
"1209556"	"species"	"Nomophila noctuella"	"GCA_958496325.1"	236	43	31	37.74		"Chromosome"	438086651	3354197	15483321	98.4
"1560625"	"species"	"Sisyra terminalis"	"GCA_958496335.1"	979	979		30		"Contig"	368488961	1006497	1006497	
"1209556"	"species"	"Nomophila noctuella"	"GCA_958496345.1"	698	697		37.5		"Scaffold"	438006944	1218729	1218729	
"7137"	"species"	"Galleria mellonella"	"GCA_958496355.1"	3351	3351		34		"Contig"	365162246	413599	413599	
"1870728"	"species"	"Subacronicta megacephala"	"GCA_958496365.2"	1137	216	31	36.5		"Chromosome"	424229903	981990	14835206	
"75506"	"species"	"Chrysolina americana"	"GCA_958501925.1"	3407	3407		36		"Contig"	866370600	568128	568128	
"131627"	"species"	"Crioceris asparagi"	"GCA_958501965.1"	3887	3887		33		"Contig"	437537026	595382	595382	
"75506"	"species"	"Chrysolina americana"	"GCA_958502065.1"	481	71	12	36.42		"Chromosome"	980572297	4093593	89349863	98.60000000000001
"878341"	"species"	"Orchestes rusci"	"GCA_958502075.1"	932	120	12	35.59		"Chromosome"	624024712	1248716	81830918	98.9
"878341"	"species"	"Orchestes rusci"	"GCA_958502085.1"	5601	5601		35.5		"Contig"	589282504	217958	217958	
"131627"	"species"	"Crioceris asparagi"	"GCA_958507055.1"	870	709	9	32.92		"Chromosome"	639283977	5465325	90622434	98.30000000000001
"442081"	"species"	"Brachypterus glaber"	"GCA_958510775.1"	11311	11310		30.5		"Scaffold"	593095272	67217	67217	
"2884240"	"species"	"Exephanes ischioxanthus"	"GCA_958510785.1"	543	84	12	42.47		"Chromosome"	283997928	1080685	23927040	95
"703265"	"species"	"Myrrha octodecimguttata"	"GCA_958510795.1"	2864	2864		36.5		"Contig"	613012514	1151152	1151152	
"295833"	"species"	"Endomychus coccineus"	"GCA_958510805.1"	7157	7157		35		"Contig"	725367737	163229	163229	
"1553715"	"species"	"Rhagonycha lutea"	"GCA_958510815.1"	2654	2654		31.5		"Contig"	389547903	274740	274740	
"442081"	"species"	"Brachypterus glaber"	"GCA_958510825.1"	5168	902	11	30.66		"Chromosome"	648274617	212382	55111238	95.80000000000001
"1553174"	"species"	"Cantharis nigra"	"GCA_958510835.1"	587	587		30.5		"Contig"	363482394	1356651	1356651	
"1553174"	"species"	"Cantharis nigra"	"GCA_958510845.1"	108	71	7	29.95		"Chromosome"	397796713	10907000	41397323	98.4
"1553715"	"species"	"Rhagonycha lutea"	"GCA_958510855.1"	196	108	7	31.45		"Chromosome"	479837225	7455203	71007614	98.7
"703265"	"species"	"Myrrha octodecimguttata"	"GCA_958510865.1"	1152	1066	10	36.57		"Chromosome"	769891912	9660000	72739419	97.60000000000001
"295833"	"species"	"Endomychus coccineus"	"GCA_958510875.1"	679	128	6	34.82		"Chromosome"	906428809	2494558	202803143	99
"3517"	"species"	"Alnus glutinosa"	"GCA_958979045.1"	768	767		36.5		"Scaffold"	450406790	1755002	1755002	
"3517"	"species"	"Alnus glutinosa"	"GCA_958979055.1"	111	15	14	36.75		"Chromosome"	456761304	24382369	30513540	98.60000000000001
"320977"	"species"	"Bimastos eiseni"	"GCA_959347315.1"	2276	129	17	40.01		"Chromosome"	660513741	500835	41312700	90.4
"320977"	"species"	"Bimastos eiseni"	"GCA_959347335.1"	1759	1758		41		"Scaffold"	28271961	15916	15916	
"494771"	"species"	"Heteropelma amictum"	"GCA_959613325.1"	2227	2227		41.5		"Contig"	212037723	259029	259029	
"295525"	"species"	"Geotrupes spiniger"	"GCA_959613335.1"	1306	1306		34.5		"Contig"	484365820	1371697	1371697	
"2884231"	"species"	"Tolmerus cingulatus"	"GCA_959613345.1"	194	148	6	36.27		"Chromosome"	279967973	7098638	42937693	96.10000000000001
"249498"	"species"	"Balanococcus diminutus"	"GCA_959613355.1"	914	914		31		"Contig"	170991224	564645	564645	
"249498"	"species"	"Balanococcus diminutus"	"GCA_959613365.1"	75	5	5	30.89		"Chromosome"	313093071	6650884	63275295	91.80000000000001
"494771"	"species"	"Heteropelma amictum"	"GCA_959613375.1"	395	16	10	41.26		"Chromosome"	226425203	1071258	29282975	93.80000000000001
"295525"	"species"	"Geotrupes spiniger"	"GCA_959613385.1"	259	180	12	33.410000000000004		"Chromosome"	580566456	7348763	43979978	99.60000000000001
"2884231"	"species"	"Tolmerus cingulatus"	"GCA_959613395.1"	1508	1508		36		"Contig"	215191503	324252	324252	
"64108"	"species"	"Zeus faber"	"GCA_960530785.1"	5370	5370		44		"Contig"	809816570	331067	331067	
"1190795"	"species"	"Andrena bicolor"	"GCA_960531205.1"	398	325	5	43.34		"Chromosome"	351703171	4391513	50647002	96.7
"503482"	"species"	"Urophora cardui"	"GCA_960531455.1"	641	66	6	34.39		"Chromosome"	837815835	3040217	162960411	96.5
"503482"	"species"	"Urophora cardui"	"GCA_960531475.1"	3261	3259		34.5		"Scaffold"	837856640	625410	627163	
"64108"	"species"	"Zeus faber"	"GCA_960531495.1"	1077	190	22	43.92		"Chromosome"	804715226	1449431	34476449	96.4
"1190795"	"species"	"Andrena bicolor"	"GCA_960531515.1"	1160	1160		43.5		"Contig"	324795968	1679517	1679517	
"1902997"	"species"	"Ptychoptera albimana"	"GCA_961205845.1"	1717	1717		24.5		"Contig"	193175785	234553	234553	
"1230162"	"species"	"Sialis fuliginosa"	"GCA_961205855.1"	2299	2299		29		"Contig"	353511915	272405	272405	
"987986"	"species"	"Mythimna pallens"	"GCA_961205865.1"	420	420		38.5		"Contig"	718909557	3765420	3765420	
"1230162"	"species"	"Sialis fuliginosa"	"GCA_961205875.1"	72	23	14	28.990000000000002		"Chromosome"	392112177	10166000	29640374	97.5
"1902997"	"species"	"Ptychoptera albimana"	"GCA_961205885.1"	273	44	7	24.66		"Chromosome"	197858972	1860529	35422782	93.5
"987986"	"species"	"Mythimna pallens"	"GCA_961205895.1"	96	32	31	38.57		"Chromosome"	719084952	14353839	25192387	98.7
"934816"	"species"	"Perizoma affinitatum"	"GCA_961405105.1"	52	25	25	36.96		"Chromosome"	357692699	11939442	14385535	98.2
"934816"	"species"	"Perizoma affinitatum"	"GCA_961410165.1"	418	418		37		"Contig"	348673774	1913879	1913879	
"1100992"	"species"	"Eudonia mercurella"	"GCA_963082485.2"	2247	547	31	37		"Chromosome"	590349557	629272	19096434	
"1100992"	"species"	"Eudonia mercurella"	"GCA_963082515.1"	5894	5890		37		"Scaffold"	544959441	166059	166059	
"3972"	"species"	"Viscum album"	"GCA_963082535.1"	201561	200657		31		"Scaffold"	91113749550	2521563	2582840	
"1870710"	"species"	"Rhodophaea formosa"	"GCA_963082605.1"	94	36	31	36.89		"Chromosome"	616270941	12361267	22288753	99
"146840"	"species"	"Labia minor"	"GCA_963082615.1"	5309	5309		26		"Contig"	507566726	150999	150999	
"572874"	"species"	"Pasiphila rectangulata"	"GCA_963082625.1"	106	51	30	38.71		"Chromosome"	582497353	12551412	20901828	98.2
"1870710"	"species"	"Rhodophaea formosa"	"GCA_963082635.1"	1161	1161		37		"Contig"	580565322	1156567	1156567	
"987992"	"species"	"Noctua comes"	"GCA_963082645.1"	134	134		38.5		"Contig"	506543042	7158022	7158022	
"35570"	"species"	"Stomoxys calcitrans"	"GCA_963082655.1"	1803	297	5	38.68		"Chromosome"	1070934565	1592967	199748301	98.7
"2882575"	"species"	"Pedicia rivosa"	"GCA_963082665.1"	1905	1905		25.5		"Contig"	250078743	358302	358302	
"878362"	"species"	"Philonthus spinipes"	"GCA_963082675.1"	1117	1117		31		"Contig"	621354798	2385291	2385291	
"505405"	"species"	"Cyclophora albipunctata"	"GCA_963082685.1"	67	40	32	37.19		"Chromosome"	319399757	8283592	10985054	98
"468752"	"species"	"Leptogaster cylindrica"	"GCA_963082695.1"	1423	1423		35.5		"Contig"	190432563	314852	314852	
"505405"	"species"	"Cyclophora albipunctata"	"GCA_963082705.1"	225	225		37		"Contig"	294894504	2815333	2815333	
"247297"	"species"	"Harpalus rubripes"	"GCA_963082715.1"	1269	774	19	31.6		"Chromosome"	1253227451	5994626	66357049	98.80000000000001
"2882575"	"species"	"Pedicia rivosa"	"GCA_963082725.1"	561	393	7	25.53		"Chromosome"	279514828	2378111	47200452	93.7
"2867115"	"species"	"Pocota personata"	"GCA_963082735.1"	906	265	5	38.29		"Chromosome"	845237535	2864724	247560496	97.2
"35570"	"species"	"Stomoxys calcitrans"	"GCA_963082745.1"	5421	5411		38.5		"Scaffold"	1023875513	591223	594585	
"273442"	"species"	"Cheilosia grossa"	"GCA_963082755.1"	95	95		38		"Contig"	359330276	6841120	6841120	
"327083"	"species"	"Dolichopus griseipennis"	"GCA_963082765.1"	8413	8404		26.5		"Scaffold"	839934110	163082	163304	
"572874"	"species"	"Pasiphila rectangulata"	"GCA_963082775.1"	981	980		38.5		"Scaffold"	575280381	1294155	1294155	
"878362"	"species"	"Philonthus spinipes"	"GCA_963082785.1"	179	30	25	30.8		"Chromosome"	671063352	8244937	27346300	99.2
"217509"	"species"	"Carassius carassius"	"GCA_963082795.1"	3713	3713		38.5		"Contig"	209623727	58044	58044	
"869179"	"species"	"Hemicrepidius niger"	"GCA_963082805.1"	264	196	10	34.5		"Chromosome"	377554614	7643588	35742776	99.30000000000001
"346801"	"species"	"Melanotus villosus"	"GCA_963082815.1"	186	78	10	33.58		"Chromosome"	803466028	13836834	80210941	99.30000000000001
"938205"	"species"	"Parascotia fuliginaria"	"GCA_963082825.1"	640	640		35		"Contig"	473604183	1684508	1684508	
"468752"	"species"	"Leptogaster cylindrica"	"GCA_963082835.1"	475	187	5	35.39		"Chromosome"	196627333	1374445	39823257	95.30000000000001
"346801"	"species"	"Melanotus villosus"	"GCA_963082845.1"	1434	1432		33.5		"Scaffold"	749989440	1247578	1268950	
"997530"	"species"	"Cerastis leucographa"	"GCA_963082855.1"	736	736		38.5		"Contig"	559964398	2144759	2144759	
"431183"	"species"	"Corella eumyota"	"GCA_963082865.1"	70	70		36.5		"Contig"	2977316	176530	176530	
"431183"	"species"	"Corella eumyota"	"GCA_963082875.1"	348	104	7	31.55		"Chromosome"	129309972	5034709	20551778	91.5
"938205"	"species"	"Parascotia fuliginaria"	"GCA_963082885.1"	96	51	32	35.36		"Chromosome"	541559432	8688707	19174172	98.9
"1184610"	"species"	"Malus x robusta"	"GCA_963082895.1"	1260	1260		38.5		"Contig"	664963084	1923869	1923869	
"1870138"	"species"	"Oligia fasciuncula"	"GCA_963082905.1"	97	37	31	38.58		"Chromosome"	617724152	11923736	21512857	98.9
"327083"	"species"	"Dolichopus griseipennis"	"GCA_963082915.1"	3306	634	6	26.48		"Chromosome"	897527385	532831	148407772	91.30000000000001
"1870138"	"species"	"Oligia fasciuncula"	"GCA_963082925.1"	1643	1643		38.5		"Contig"	565848891	761768	761768	
"1184610"	"species"	"Malus x robusta"	"GCA_963082935.1"	164	35	17	38.03		"Chromosome"	620813678	6999877	35755900	98.7
"997530"	"species"	"Cerastis leucographa"	"GCA_963082945.1"	92	39	32	38.410000000000004		"Chromosome"	637492715	13373472	21426090	98.60000000000001
"273442"	"species"	"Cheilosia grossa"	"GCA_963082955.1"	108	12	6	37.83		"Chromosome"	362389299	5391216	65050764	96.9
"217509"	"species"	"Carassius carassius"	"GCA_963082965.1"	1109	277	50	38.31		"Chromosome"	1684296438	3822391	32663704	98.30000000000001
"146840"	"species"	"Labia minor"	"GCA_963082975.1"	482	78	7	26.16		"Chromosome"	604499512	2388475	86446126	98
"1132043"	"species"	"Hemicrepidius hirtus"	"GCA_963082985.1"	1516	1516		34		"Contig"	327910199	734177	734177	
"987992"	"species"	"Noctua comes"	"GCA_963082995.1"	49	45	32	38.44		"Chromosome"	540720512	18283226	18283226	99
"2867115"	"species"	"Pocota personata"	"GCA_963083005.1"	6363	6363		38		"Contig"	640198256	185678	185678	
"247297"	"species"	"Harpalus rubripes"	"GCA_963083015.1"	6067	6033		31.5		"Scaffold"	1154553996	592307	603827	
"929971"	"species"	"Nymphalis c-album"	"GCA_963151305.1"	307	307		33.5		"Contig"	359337293	4135245	4135245	
"929971"	"species"	"Nymphalis c-album"	"GCA_963151315.1"	43	36	31	33.58		"Chromosome"	363587841	12616632	12787123	98.7
"638464"	"species"	"Ceriagrion tenellum"	"GCA_963169105.1"	1381	469	14	39.15		"Chromosome"	2076995503	3893288	152520262	96.9
"3486"	"species"	"Humulus lupulus"	"GCA_963169115.1"	17658	17654		39		"Scaffold"	2287612323	1659460	1661025	
"3486"	"species"	"Humulus lupulus"	"GCA_963169125.1"	448	319	10	39.01		"Chromosome"	2488098718	29235848	251527947	98.10000000000001
"638464"	"species"	"Ceriagrion tenellum"	"GCA_963170015.1"	17237	17237		39		"Contig"	1055781143	120143	120143	
"877886"	"species"	"Cantharis lateralis"	"GCA_963170035.1"	1205	1205		30.5		"Contig"	323241260	831000	831000	
"877886"	"species"	"Cantharis lateralis"	"GCA_963170105.1"	89	50	7	30.23		"Chromosome"	332179060	10697386	43798968	98.4
"360071"	"species"	"Amphimallon solstitiale"	"GCA_963170735.1"	15780	15777		32.5		"Scaffold"	1372119176	261090	261564	
"362106"	"species"	"Phymatocera aterrima"	"GCA_963170745.1"	287	212	15	40.14		"Chromosome"	280159089	3026574	12585458	95
"360071"	"species"	"Amphimallon solstitiale"	"GCA_963170755.1"	1217	461	11	32.6		"Chromosome"	1584142107	3724788	150921111	99.2
"362106"	"species"	"Phymatocera aterrima"	"GCA_963170765.1"	2510	2510		40.5		"Contig"	171976971	94937	94937	
"2884234"	"species"	"Ophion ellenae"	"GCA_963210285.1"	4471	4471		39		"Contig"	594030977	259881	259881	
"2884234"	"species"	"Ophion ellenae"	"GCA_963210295.1"	1960	208	13	39.050000000000004		"Chromosome"	650291076	657725	51501536	93.30000000000001
"311328"	"species"	"Tortrix viridana"	"GCA_963241965.1"	87	42	31	37.7		"Chromosome"	456570165	10072809	14768249	98.4
"98922"	"species"	"Myotis daubentonii"	"GCA_963242275.2"	344	208	21	43.36		"Chromosome"	1963307520	42270000	102876278	93
"877844"	"species"	"Neocrepidodera transversa"	"GCA_963243735.1"	468	282	21	29.93		"Chromosome"	671299900	5881602	29279830	98.9
"311328"	"species"	"Tortrix viridana"	"GCA_963243755.1"	338	338		37.5		"Contig"	394911087	3432063	3432063	
"98922"	"species"	"Myotis daubentonii"	"GCA_963259705.1"	1220	121	23	43.18		"Chromosome"	2127807131	3062752	102234773	95.60000000000001
"98922"	"species"	"Myotis daubentonii"	"GCA_963259705.2"	394	175	23	43.17		"Chromosome"	2167779971	28718153	101535203	95.7
"877844"	"species"	"Neocrepidodera transversa"	"GCA_963277525.1"	1541	1539		30		"Scaffold"	585787921	1360670	1360670	
"3972"	"species"	"Viscum album"	"GCA_963277665.1"	11464	5096	49	31.25		"Chromosome"	94261041113	34834422	2134690998	79.4
"152947"	"species"	"Lactarius tabidus"	"GCA_963281015.1"	40	13	11	50.42		"Chromosome"	52334816	2359413	4878524	93.80000000000001
"152947"	"species"	"Lactarius tabidus"	"GCA_963281095.1"	331	331		50.5		"Contig"	52190645	337780	337780	
"56720"	"species"	"Lipophrys pholis"	"GCA_963383615.1"	1444	846	23	42.08		"Chromosome"	768226363	3299550	31905247	97.5
"56720"	"species"	"Lipophrys pholis"	"GCA_963383635.1"	3847	3846		42.5		"Scaffold"	738669690	453920	454010	
"39082"	"species"	"Muscardinus avellanarius"	"GCA_963383645.1"	2017	212	24	41.730000000000004		"Chromosome"	2497503975	2432660	119481734	95.2
"39082"	"species"	"Muscardinus avellanarius"	"GCA_963383665.1"	31856	31856		42		"Contig"	1187222402	40227	40227	
"72669"	"species"	"Antedon bifida"	"GCA_963402865.1"	1574	1574		33.5		"Contig"	285656347	539956	539956	
"72669"	"species"	"Antedon bifida"	"GCA_963402885.1"	107	69	11	33.4		"Chromosome"	319614875	10359000	32476284	95.10000000000001
"49291"	"species"	"Carabus problematicus"	"GCA_963422185.1"	1633	1631		34.5		"Scaffold"	241249158	403213	406438	
"49291"	"species"	"Carabus problematicus"	"GCA_963422195.1"	307	222	14	34.76		"Chromosome"	253953210	4259000	17524069	99
"157483"	"species"	"Lichina pygmaea"	"GCA_963422465.1"	53	7	7	53.550000000000004		"Chromosome"	32421062	992259	5303397	95.5
"195075"	"species"	"Blennius ocellaris"	"GCA_963422475.1"	5820	5820		43		"Contig"	675648630	231343	231343	
"59425"	"species"	"Pseudognaphalium luteoalbum"	"GCA_963422485.1"	230	230		40		"Contig"	6656575	32372	32372	
"59425"	"species"	"Pseudognaphalium luteoalbum"	"GCA_963422505.1"	491	63	7	35.82		"Chromosome"	881348296	4308214	121921648	97.7
"195075"	"species"	"Blennius ocellaris"	"GCA_963422515.1"	2149	524	24	43.17		"Chromosome"	728728756	1116256	29635927	96
"1689122"	"species"	"Xylophagus ater"	"GCA_963422695.1"	273	53	9	30.13		"Chromosome"	459280769	4315000	52552972	95.60000000000001
"1689122"	"species"	"Xylophagus ater"	"GCA_963422725.1"	783	783		31		"Contig"	238936278	740321	740321	
"61862"	"species"	"Plecotus auritus"	"GCA_963455305.1"	1301	64	16	43.07		"Chromosome"	2163204650	2948753	186501726	96.10000000000001
"9731"	"species"	"Globicephala melas"	"GCA_963455315.2"	2076	992	23	42.38		"Chromosome"	2651276051	3290841	105087932	95.5
"61862"	"species"	"Plecotus auritus"	"GCA_963455325.1"	5570	5570		43		"Contig"	2094237481	1121204	1121204	
"29065"	"species"	"Martes martes"	"GCA_963455335.1"	2726	476	20	42.38		"Chromosome"	2484633589	1599794	146289188	95.10000000000001
"9731"	"species"	"Globicephala melas"	"GCA_963455345.2"	28097	28097		42		"Contig"	2042593655	137938	137938	
"29065"	"species"	"Martes martes"	"GCA_963455355.1"	10046	10046		43		"Contig"	1299057665	303625	303625	
"1053398"	"species"	"Spergularia bocconei"	"GCA_963457555.1"	44	44		39.5		"Contig"	1362282	32613	32613	
"1053398"	"species"	"Spergularia bocconei"	"GCA_963457585.1"	242	46	18	37.56		"Chromosome"	466152782	3557304	26218481	96
"414950"	"species"	"Nicrophorus investigator"	"GCA_963457615.1"	240	127	7	31.330000000000002		"Chromosome"	202268419	3077846	28407949	99.2
"8103"	"species"	"Cyclopterus lumpus"	"GCA_963457625.1"	1185	231	25	42.84		"Chromosome"	586279509	1530980	24907980	99.10000000000001
"90074"	"species"	"Microchirus variegatus"	"GCA_963457635.1"	641	187	23	40.37		"Chromosome"	724676885	2444644	29835075	98.2
"414950"	"species"	"Nicrophorus investigator"	"GCA_963457645.1"	2037	2037		31		"Contig"	195680594	587776	587776	
"90074"	"species"	"Microchirus variegatus"	"GCA_963457655.1"	2058	2058		40.5		"Contig"	697398261	789758	789758	
"8103"	"species"	"Cyclopterus lumpus"	"GCA_963457675.1"	4450	4450		43		"Contig"	570055135	269587	269587	
"196075"	"species"	"Sprattus sprattus"	"GCA_963457685.1"	4971	4969		44		"Scaffold"	803136922	404098	404098	
"1851132"	"species"	"Neria commutata"	"GCA_963457695.1"	135	8	6	38.800000000000004		"Chromosome"	273058117	3039449	47587461	98.60000000000001
"1851132"	"species"	"Neria commutata"	"GCA_963457705.1"	543	543		38.5		"Contig"	287545322	1269237	1269237	
"1492915"	"species"	"Argyresthia albistria"	"GCA_963457715.1"	2064	444	32	39.43		"Chromosome"	370518547	399914	12180910	88
"196075"	"species"	"Sprattus sprattus"	"GCA_963457725.1"	1887	386	21	43.84		"Chromosome"	840315637	1216682	33839184	98.2
"1492915"	"species"	"Argyresthia albistria"	"GCA_963457735.1"	3799	3798		39.5		"Scaffold"	345228091	161801	162104	
"2561799"	"species"	"Tachystola acroxantha"	"GCA_963506565.1"	92	38	31	38.25		"Chromosome"	388132042	7881905	13937285	98.2
"2561799"	"species"	"Tachystola acroxantha"	"GCA_963506575.1"	396	396		38.5		"Contig"	326176465	2409317	2409317	
"8524"	"species"	"Zootoca vivipara"	"GCA_963506595.1"	8057	8057		44		"Contig"	1221338756	324996	324996	
"8524"	"species"	"Zootoca vivipara"	"GCA_963506605.1"	731	48	19	44.050000000000004		"Chromosome"	1440239386	3447840	96056580	94.9
"295201"	"species"	"Aphrophora alni"	"GCA_963513935.1"	3090	1000	15	31.470000000000002		"Chromosome"	1781497363	1334000	133089614	98.30000000000001
"1816463"	"species"	"Hydrotaea diabolus"	"GCA_963513945.1"	504	50	7	36.24		"Chromosome"	1074155633	7274068	197031954	98.60000000000001
"223862"	"species"	"Raja brachyura"	"GCA_963513955.1"	10683	10683		45		"Contig"	2597179146	525117	525117	
"1816463"	"species"	"Hydrotaea diabolus"	"GCA_963513965.1"	3061	3061		36.5		"Contig"	1052224724	757904	757904	
"37598"	"species"	"Fringilla coelebs"	"GCA_963513975.1"	1032	459	40	44.06		"Chromosome"	1209226962	3733973	73246393	96.30000000000001
"37598"	"species"	"Fringilla coelebs"	"GCA_963513985.1"	2178	2178		44		"Contig"	1168325350	1659618	1659618	
"295201"	"species"	"Aphrophora alni"	"GCA_963513995.1"	10698	10694		31		"Scaffold"	1512301867	277888	278055	
"223862"	"species"	"Raja brachyura"	"GCA_963514005.1"	3915	1646	49	44.980000000000004		"Chromosome"	2700450552	2048057	68366687	91.7
"82655"	"species"	"Conger conger"	"GCA_963514075.1"	1389	380	19	43.89		"Chromosome"	1136402888	3090688	64882367	95.4
"48171"	"species"	"Chelon labrosus"	"GCA_963514085.1"	972	362	24	42.300000000000004		"Chromosome"	717403240	2544200	30303911	98.4
"426098"	"species"	"Eutrigla gurnardus"	"GCA_963514095.1"	871	318	24	43.14		"Chromosome"	680467048	2351664	29198404	98.4
"48171"	"species"	"Chelon labrosus"	"GCA_963514105.1"	1967	1967		42.5		"Contig"	698748450	943309	943309	
"426098"	"species"	"Eutrigla gurnardus"	"GCA_963514115.1"	2523	2523		43		"Contig"	662358898	610328	610328	
"82655"	"species"	"Conger conger"	"GCA_963514125.1"	3769	3769		43.5		"Contig"	1078186129	880281	880281	
"378274"	"species"	"Hygrocybe coccinea"	"GCA_963555575.2"	220	13	13	46.32		"Chromosome"	65126115	504991	5072114	91.2
"997289"	"species"	"Tethea ocularis"	"GCA_963555585.1"	651	651		35.5		"Contig"	331739803	1221973	1221973	
"997289"	"species"	"Tethea ocularis"	"GCA_963555595.1"	78	59	31	35.74		"Chromosome"	339127123	10027438	12138052	98.80000000000001
"1100900"	"species"	"Acrobasis consociella"	"GCA_963555645.1"	352	352		37		"Contig"	549469222	4294227	4294227	
"987919"	"species"	"Dasypolia templi"	"GCA_963555655.1"	1337	1337		39		"Contig"	819460561	1586932	1586932	
"1100900"	"species"	"Acrobasis consociella"	"GCA_963555685.1"	56	46	31	36.81		"Chromosome"	598393298	19832698	20377658	98.80000000000001
"987919"	"species"	"Dasypolia templi"	"GCA_963555695.1"	142	72	31	39.160000000000004		"Chromosome"	855270231	13167000	29373807	99.10000000000001
"13597"	"species"	"Ligustrum vulgare"	"GCA_963555705.1"	230	49	23	34.02		"Chromosome"	1384034573	11361039	62494563	98.2
"13597"	"species"	"Ligustrum vulgare"	"GCA_963555715.1"	4801	4801		34		"Contig"	1326604524	1084440	1084440	
"50462"	"species"	"Cardamine flexuosa"	"GCA_963555745.1"	344	227	8	35.67		"Chromosome"	204540175	2477049	25971562	98.4
"2867105"	"species"	"Orthonevra nobilis"	"GCA_963555765.1"	942	514	5	36.480000000000004		"Chromosome"	511995006	2027990	144718074	97
"50462"	"species"	"Cardamine flexuosa"	"GCA_963555785.1"	261	261		38.5		"Contig"	4784311	19039	19039	
"2867105"	"species"	"Orthonevra nobilis"	"GCA_963555805.1"	2833	2833		36.5		"Contig"	495924996	555089	555089	
"2881124"	"species"	"Tipula confusa"	"GCA_963556025.1"	7056	7054		31		"Scaffold"	697539790	200710	200823	
"2867262"	"species"	"Tipula helvola"	"GCA_963556125.1"	14499	14470		32		"Scaffold"	1042155348	114440	115200	
"557324"	"species"	"Hygrocybe punicea"	"GCA_963556135.1"	3177	2753		46		"Scaffold"	131435800	204939	6114186	
"557324"	"species"	"Hygrocybe punicea"	"GCA_963556145.1"	453	41	13	47		"Chromosome"	92146543	336693	6794709	
"2867262"	"species"	"Tipula helvola"	"GCA_963556165.1"	2107	870	4	32.1		"Chromosome"	1204747486	1860264	396779011	94.80000000000001
"2881124"	"species"	"Tipula confusa"	"GCA_963556175.1"	1943	651	5	30.78		"Chromosome"	728102519	1211439	228831665	93.9
"55410"	"species"	"Pseudopediastrum boryanum"	"GCA_963556185.1"	1135	204	20	51.74		"Chromosome"	183281382	284879	9776993	91.4
"30202"	"species"	"Bombus vestalis"	"GCA_963556215.1"	331	232	25	38		"Chromosome"	280008802	3425147	11162444	
"1553241"	"species"	"Cryptophagus acutangulus"	"GCA_963556225.1"	1679	1678		33		"Scaffold"	147403992	218088	218088	
"1553241"	"species"	"Cryptophagus acutangulus"	"GCA_963556235.1"	908	368	18	33.21		"Chromosome"	177322694	622935	9223670	98.4
"332519"	"species"	"Allolobophora icterica"	"GCA_963556245.1"	9987	9901		40.5		"Scaffold"	910194715	225081	230309	
"332519"	"species"	"Allolobophora icterica"	"GCA_963556255.1"	2051	356	16	40.7		"Chromosome"	1117839197	1138377	71293672	91.30000000000001
"78070"	"species"	"Platismatia glauca"	"GCA_963556265.1"	311	311		51		"Contig"	31237775	173467	173467	
"78070"	"species"	"Platismatia glauca"	"GCA_963556305.1"	29	21	21	51		"Chromosome"	33190042	1508676	1760456	
"1100979"	"species"	"Epiblema foenella"	"GCA_963556455.1"	100	35	28	38.01		"Chromosome"	649834963	11171137	24400061	98.4
"258209"	"species"	"Berberis vulgaris"	"GCA_963556465.1"	867	146	14	38.5		"Chromosome"	1297525870	2933346	89131704	
"1100979"	"species"	"Epiblema foenella"	"GCA_963556475.1"	772	768		38		"Scaffold"	538940480	1678680	1732384	
"258209"	"species"	"Berberis vulgaris"	"GCA_963556485.1"	3731	3730		38.5		"Scaffold"	898797719	744438	744438	
"988003"	"species"	"Nudaria mundana"	"GCA_963556505.1"	1811	1811		39.5		"Contig"	635743967	551989	551989	
"988003"	"species"	"Nudaria mundana"	"GCA_963556515.1"	2002	138	31	39.5		"Chromosome"	643927113	531108	21811653	
"1458189"	"species"	"Cydia fagiglandana"	"GCA_963556715.1"	59	36	28	38.13		"Chromosome"	555051570	19175783	21252168	98.2
"1100938"	"species"	"Catoptria pinella"	"GCA_963556725.1"	295	295		36		"Contig"	358477132	5938611	5938611	
"1458189"	"species"	"Cydia fagiglandana"	"GCA_963556735.1"	1106	1105		38		"Scaffold"	542308932	1081676	1081676	
"1100938"	"species"	"Catoptria pinella"	"GCA_963556745.1"	53	49	31	36.06		"Chromosome"	386880875	12851823	13616000	98.5
"422171"	"species"	"Aleiodes testaceus"	"GCA_963564045.1"	273	273		36.5		"Contig"	107587683	962078	962078	
"216862"	"species"	"Eupithecia subfuscata"	"GCA_963564065.1"	387	387		38.5		"Contig"	459384086	3395261	3395261	
"216862"	"species"	"Eupithecia subfuscata"	"GCA_963564075.1"	105	56	32	38.33		"Chromosome"	505905295	9360133	16884929	98
"2922075"	"species"	"Rhorus exstirpatorius"	"GCA_963564615.1"	848	115	10	37.89		"Chromosome"	420274689	942755	42445972	95.10000000000001
"753163"	"species"	"Catocala sponsa"	"GCA_963564715.1"	121	57	32	36.61		"Chromosome"	803653718	13916875	27089523	98.9
"190347"	"species"	"Epirrhoe alternata"	"GCA_963565295.1"	39	39	31	38		"Chromosome"	358478584	13027933	13027933	
"753163"	"species"	"Catocala sponsa"	"GCA_963565385.1"	880	880		36.5		"Contig"	759927120	2022348	2022348	
"422171"	"species"	"Aleiodes testaceus"	"GCA_963565655.1"	68	19	19	36.410000000000004		"Chromosome"	110705161	2979349	5816407	96.2
"418785"	"species"	"Entoloma clypeatum"	"GCA_963565705.2"	855	844		49		"Scaffold"	64157653	118122	120164	
"203779"	"species"	"Phengaris arion"	"GCA_963565745.1"	194	29	23	36.37		"Chromosome"	544489716	11004078	23974698	97.30000000000001
"203779"	"species"	"Phengaris arion"	"GCA_963565765.1"	3006	3006		36.5		"Contig"	429043296	624174	624174	
"190347"	"species"	"Epirrhoe alternata"	"GCA_963565885.1"	127	127		38		"Contig"	355223497	9876288	9876288	
"418785"	"species"	"Entoloma clypeatum"	"GCA_963565915.2"	297	35	12	48.730000000000004		"Chromosome"	60083093	362719	5092158	93.30000000000001
"7153"	"species"	"Chironomus tentans"	"GCA_963573255.1"	45	8	4	30.91		"Chromosome"	185472635	7509135	55585213	92.9
"7153"	"species"	"Chironomus tentans"	"GCA_963573265.1"	158	158		31		"Contig"	187467837	3595285	3595285	
"83862"	"species"	"Astragalus glycyphyllos"	"GCA_963573285.1"	121	121		38.5		"Contig"	10096520	698168	698168	
"197171"	"species"	"Pyrrhosoma nymphula"	"GCA_963573295.1"	11556	11555		39		"Scaffold"	1885988343	531178	531470	
"197171"	"species"	"Pyrrhosoma nymphula"	"GCA_963573305.1"	793	322	14	38.96		"Chromosome"	2117226934	7730046	156229410	97.10000000000001
"205924"	"species"	"Entomortierella parvispora"	"GCA_963573315.1"	114	104	14	49.13		"Chromosome"	41789561	1877641	2700041	97.5
"83862"	"species"	"Astragalus glycyphyllos"	"GCA_963573325.1"	415	17	8	36.83		"Chromosome"	680278737	3045218	84783769	97.10000000000001
"887762"	"species"	"Xanthostigma xanthostigma"	"GCA_963575605.1"	1376	1375		33.5		"Scaffold"	583062856	868934	868934	
"887762"	"species"	"Xanthostigma xanthostigma"	"GCA_963575645.1"	86	28	13	33.27		"Chromosome"	623306951	18004000	53129619	97.9
"2867249"	"species"	"Amblyjoppa fuscipennis"	"GCA_963575735.1"	240	98	10	43		"Chromosome"	278515835	2863282	28368299	
"877730"	"species"	"Aspidapion aeneum"	"GCA_963576425.1"	6033	6025		34		"Scaffold"	1267908036	492646	494872	
"987974"	"species"	"Lithosia quadra"	"GCA_963576435.1"	97	97		37		"Contig"	455371661	8693986	8693986	
"987974"	"species"	"Lithosia quadra"	"GCA_963576445.1"	110	43	31	37.230000000000004		"Chromosome"	456269832	8982953	16413209	98.80000000000001
"446450"	"species"	"Molanna angustata"	"GCA_963576465.1"	8286	8286		32.5		"Contig"	968518541	203851	203851	
"446450"	"species"	"Molanna angustata"	"GCA_963576475.1"	873	130	27	32.5		"Chromosome"	994850035	2095000	37008082	
"226145"	"species"	"Ferdinandea cuprea"	"GCA_963576485.1"	1233	1233		37		"Contig"	542361597	2782522	2782522	
"934957"	"species"	"Plemyria rubiginata"	"GCA_963576495.1"	1310	1308		38		"Scaffold"	341373152	589882	589882	
"1587206"	"species"	"Cryptocephalus primarius"	"GCA_963576505.1"	2248	2248		38.5		"Contig"	81690509	31778	31778	
"1587206"	"species"	"Cryptocephalus primarius"	"GCA_963576515.1"	549	304	21	37.83		"Chromosome"	370993376	1867949	15602051	99.10000000000001
"27771"	"species"	"Limanda limanda"	"GCA_963576525.1"	2962	2962		42.5		"Contig"	668994872	833236	833236	
"934957"	"species"	"Plemyria rubiginata"	"GCA_963576535.1"	67	45	30	38		"Chromosome"	356216941	11828261	12846343	
"27771"	"species"	"Limanda limanda"	"GCA_963576545.1"	613	338	23	42.67		"Chromosome"	717580706	3420448	28632645	98.30000000000001
"226145"	"species"	"Ferdinandea cuprea"	"GCA_963576555.1"	231	67	5	37		"Chromosome"	560229747	8439957	125208805	
"877730"	"species"	"Aspidapion aeneum"	"GCA_963576565.1"	781	150	11	34		"Chromosome"	1286164511	3520329	125843654	96.80000000000001
"13123"	"species"	"Lymantria dispar"	"GCA_963576575.1"	1578	1577		39		"Scaffold"	778580736	1383293	1383293	
"13123"	"species"	"Lymantria dispar"	"GCA_963576585.1"	154	48	32	38.79		"Chromosome"	966881914	13048317	35162497	98.9
"2795564"	"species"	"Maniola hyperantus"	"GCA_963576595.1"	80	46	29	37.89		"Chromosome"	408951613	12048318	15623720	98.30000000000001
"2589382"	"species"	"Watersipora subatra"	"GCA_963576605.1"	2150	2150		35.5		"Contig"	652965401	825499	825499	
"2589382"	"species"	"Watersipora subatra"	"GCA_963576615.1"	495	240	11	35.5		"Chromosome"	783738342	4547826	66545008	
"212925"	"species"	"Euphorbia lathyris"	"GCA_963576625.1"	23	23		41		"Contig"	2469976	291701	291701	
"2795564"	"species"	"Maniola hyperantus"	"GCA_963576635.1"	771	771		38		"Contig"	402933730	1570268	1570268	
"878018"	"species"	"Gastrophysa polygoni"	"GCA_963576645.1"	1207	1207		36		"Contig"	380402685	901162	901162	
"878018"	"species"	"Gastrophysa polygoni"	"GCA_963576655.1"	217	19	12	35.95		"Chromosome"	369753433	2815411	30539640	98.5
"2922058"	"species"	"Azorinus chamasolen"	"GCA_963576665.1"	5920	5907		37		"Scaffold"	1711959564	582571	585225	
"212925"	"species"	"Euphorbia lathyris"	"GCA_963576675.1"	57	33	10	37		"Chromosome"	1020389306	67695088	96320253	
"311941"	"species"	"Draba incana"	"GCA_963576685.1"	2814	2814		38		"Contig"	40513496	15268	15268	
"753282"	"species"	"Bedellia somnulentella"	"GCA_963576695.1"	4757	4703		36		"Scaffold"	383546786	175197	178253	
"1342093"	"species"	"Polydrusus tereticollis"	"GCA_963576705.1"	1826	448	11	34.03		"Chromosome"	1392681070	1537882	120623329	98.80000000000001
"1342093"	"species"	"Polydrusus tereticollis"	"GCA_963576715.1"	12261	12256		34		"Scaffold"	1175321942	152709	152709	
"2922058"	"species"	"Azorinus chamasolen"	"GCA_963576725.1"	1918	145	19	37		"Chromosome"	1723475634	1658885	97668627	
"753282"	"species"	"Bedellia somnulentella"	"GCA_963576735.1"	2020	517	31	35.86		"Chromosome"	549020378	608000	18310260	94.4
"987996"	"species"	"Noctua janthina"	"GCA_963576745.1"	953	953		38.5		"Contig"	545363027	1958526	1958526	
"987996"	"species"	"Noctua janthina"	"GCA_963576755.1"	87	31	31	38.730000000000004		"Chromosome"	539703251	10068958	18542558	99
"311941"	"species"	"Draba incana"	"GCA_963576765.1"	1637	474	16	38		"Chromosome"	667844151	1164499	37323857	
"1594229"	"species"	"Anania hortulata"	"GCA_963576775.1"	963	963		36.5		"Contig"	561502878	1341671	1341671	
"190013"	"species"	"Chlorophyllum brunneum"	"GCA_963576785.1"	53	13	13	47.58		"Chromosome"	38856969	1053824	3504052	94.30000000000001
"2021473"	"species"	"Metopia argyrocephala"	"GCA_963576795.1"	166	61	5	30.93		"Chromosome"	626930139	9607850	149280999	95
"699848"	"species"	"Mystacides longicornis"	"GCA_963576805.1"	219	218		34.5		"Scaffold"	667901109	6164789	6164789	
"2021473"	"species"	"Metopia argyrocephala"	"GCA_963576815.1"	2785	2776		31		"Scaffold"	723253266	829306	831901	
"1542539"	"species"	"Megachile leachella"	"GCA_963576825.1"	1155	1155		33.5		"Contig"	384296283	681463	681463	
"1100902"	"species"	"Acrobasis repandana"	"GCA_963576835.1"	544	544		37		"Contig"	587576929	2464766	2464766	
"1542539"	"species"	"Megachile leachella"	"GCA_963576845.1"	439	298	16	34		"Chromosome"	572960844	4596250	15071797	
"446427"	"species"	"Ceraclea dissimilis"	"GCA_963576855.1"	589	589		34.5		"Contig"	448731102	1610408	1610408	
"1594229"	"species"	"Anania hortulata"	"GCA_963576865.1"	118	47	32	36.5		"Chromosome"	612197781	11665610	20978505	
"1100902"	"species"	"Acrobasis repandana"	"GCA_963576875.1"	77	54	32	36.81		"Chromosome"	620432220	20945136	22183226	99
"190013"	"species"	"Chlorophyllum brunneum"	"GCA_963576885.1"	519	519		48		"Contig"	44647144	245827	245827	
"446427"	"species"	"Ceraclea dissimilis"	"GCA_963576895.1"	90	34	25	34.5		"Chromosome"	452735462	9574340	19172844	
"699848"	"species"	"Mystacides longicornis"	"GCA_963576905.1"	245	37	20	34.5		"Chromosome"	665093489	5126945	33624892	
"123417"	"species"	"Euonymus europaeus"	"GCA_963580115.1"	963	963		37		"Contig"	167770331	496669	496669	
"114497"	"species"	"Cordyceps fumosorosea"	"GCA_963580225.1"	12	12		52		"Contig"	343680	30005	30005	
"298643"	"species"	"Crataegus laevigata"	"GCA_963580255.1"	492	492		38		"Contig"	627977138	6521059	6521059	
"114497"	"species"	"Cordyceps fumosorosea"	"GCA_963580265.1"	32	9	9	53.45		"Chromosome"	34324099	3140782	4145717	96.30000000000001
"298643"	"species"	"Crataegus laevigata"	"GCA_963580275.1"	65	45	17	37.68		"Chromosome"	653049427	19638000	39549295	98.80000000000001
"934814"	"species"	"Ennomos erosarius"	"GCA_963580315.1"	3236	3235		37.5		"Scaffold"	397549143	205236	205236	
"2268375"	"species"	"Leptographium flavum"	"GCA_963580335.1"	97	7	7	59.78		"Chromosome"	23957028	404125	3559292	93.5
"123417"	"species"	"Euonymus europaeus"	"GCA_963580455.1"	64	29	16	37.01		"Chromosome"	441882483	24135941	27626769	98.2
"2268375"	"species"	"Leptographium flavum"	"GCA_963580495.1"	48	48		56.5		"Contig"	898139	19085	19085	
"934814"	"species"	"Ennomos erosarius"	"GCA_963580505.1"	96	55	32	37.5		"Chromosome"	423076631	9237144	14589179	
"934901"	"species"	"Xanthorhoe designata"	"GCA_963582015.1"	168	91	31	36.550000000000004		"Chromosome"	351468362	6185073	12720102	97.80000000000001
"23211"	"species"	"Pyrus communis"	"GCA_963583255.1"	176	31	17	37.46		"Chromosome"	487337232	4839000	27625376	98.10000000000001
"23211"	"species"	"Pyrus communis"	"GCA_963583335.1"	976	976		37.5		"Contig"	440511776	1686547	1686547	
"934901"	"species"	"Xanthorhoe designata"	"GCA_963583385.1"	107	106		36.5		"Scaffold"	345496434	7616141	7616141	
"7250"	"species"	"Drosophila immigrans"	"GCA_963583835.1"	290	147	5	37		"Chromosome"	212487878	2126425	39491659	
"1606788"	"species"	"Melanophora roralis"	"GCA_963583875.1"	2335	2330		31.5		"Scaffold"	459484594	676418	676418	
"508554"	"species"	"Labrus mixtus"	"GCA_963583885.1"	2462	2462		41		"Contig"	700699022	756142	756142	
"1606788"	"species"	"Melanophora roralis"	"GCA_963583895.1"	451	115	6	31.580000000000002		"Chromosome"	565116889	3908477	97632154	98.80000000000001
"877990"	"species"	"Stenurella melanura"	"GCA_963583905.1"	822	204	10	33.410000000000004		"Chromosome"	1616892143	3913043	154376042	98.9
"433215"	"species"	"Diaperis boleti"	"GCA_963583915.1"	473	473		36		"Contig"	421828857	2300784	2300784	
"7282"	"species"	"Drosophila obscura"	"GCA_963583925.1"	13	13		43.5		"Contig"	731718	60169	60169	
"433215"	"species"	"Diaperis boleti"	"GCA_963583935.1"	122	19	8	36.08		"Chromosome"	542623182	11653919	59236001	99.5
"374263"	"species"	"Xylota segnis"	"GCA_963583945.1"	355	355		39.5		"Contig"	396775393	2719059	2719059	
"601518"	"species"	"Nomada ferruginata"	"GCA_963583955.1"	1956	1956		42		"Contig"	223680839	177227	177227	
"601518"	"species"	"Nomada ferruginata"	"GCA_963583965.1"	79	62	16	42.25		"Chromosome"	310495469	12758063	17220278	97.2
"7282"	"species"	"Drosophila obscura"	"GCA_963583975.1"	485	35	5	44		"Chromosome"	174537521	716777	42425655	
"374263"	"species"	"Xylota segnis"	"GCA_963583995.1"	140	14	5	39.53		"Chromosome"	422908218	5344565	132342603	97.10000000000001
"877990"	"species"	"Stenurella melanura"	"GCA_963584005.1"	5656	5621		33.5		"Scaffold"	1531132542	686301	703321	
"508554"	"species"	"Labrus mixtus"	"GCA_963584025.1"	894	324	24	40.78		"Chromosome"	740563171	2678957	30403003	98.5
"7282"	"species"	"Drosophila obscura"	"GCA_963584035.1"	22	22		43		"Contig"	1803755	141730	141730	
"7282"	"species"	"Drosophila obscura"	"GCA_963584055.1"	505	105	5	44		"Chromosome"	189902025	785358	40874521	
"7250"	"species"	"Drosophila immigrans"	"GCA_963584065.1"	395	201	5	37		"Chromosome"	209504642	1706758	38035394	
"1594338"	"species"	"Pyrausta aurata"	"GCA_963584075.1"	4179	4129		36.5		"Scaffold"	390930280	183458	189083	
"1594338"	"species"	"Pyrausta aurata"	"GCA_963584085.1"	2212	540	32	36.58		"Chromosome"	420636430	417041	14140966	92.7
"154017"	"species"	"Plagiodera versicolora"	"GCA_963584125.1"	200	128	16	35.63		"Chromosome"	236717262	4745322	14121880	98.9
"154017"	"species"	"Plagiodera versicolora"	"GCA_963585885.1"	1162	1162		36		"Contig"	234206799	1102757	1102757	
"65311"	"species"	"Diplazon laetatorius"	"GCA_963662075.1"	3655	3654		40		"Scaffold"	507303692	470631	472557	
"934853"	"species"	"Eupithecia inturbata"	"GCA_963662085.1"	88	35	31	37.51		"Chromosome"	427762174	9914000	14971449	98.10000000000001
"987420"	"species"	"Eilema griseolum"	"GCA_963662095.1"	2262	2262		39		"Contig"	822207934	785577	785577	
"1825006"	"species"	"Meiosimyza platycephala"	"GCA_963662105.1"	332	40	5	32.53		"Chromosome"	457167958	3721000	107587010	98.60000000000001
"1825006"	"species"	"Meiosimyza platycephala"	"GCA_963662115.1"	2323	2323		32.5		"Contig"	456621607	517328	517328	
"65311"	"species"	"Diplazon laetatorius"	"GCA_963662125.1"	425	112	15	40		"Chromosome"	251011704	1645483	20947881	
"934853"	"species"	"Eupithecia inturbata"	"GCA_963662135.1"	1975	1975		37.5		"Contig"	401395957	374668	374668	
"569090"	"species"	"Sturmia bella"	"GCA_963662145.1"	100	18	7	32.33		"Chromosome"	437772494	8855949	80664815	98.80000000000001
"1452771"	"species"	"Aradus depressus"	"GCA_963662165.1"	5684	5684		36		"Contig"	605617079	192817	192817	
"1452771"	"species"	"Aradus depressus"	"GCA_963662175.1"	498	73	14	36.27		"Chromosome"	697721168	2718000	48563729	98.7
"987420"	"species"	"Eilema griseolum"	"GCA_963662185.1"	216	88	31	39		"Chromosome"	800205253	8970733	27470875	
"569090"	"species"	"Sturmia bella"	"GCA_963662195.1"	1104	1104		32.5		"Contig"	446394543	1828908	1828908	
"127875"	"species"	"Cinclus cinclus"	"GCA_963662255.1"	935	277	39	42.82		"Chromosome"	1170837027	3563180	74357285	96.5
"127875"	"species"	"Cinclus cinclus"	"GCA_963662415.1"	4724	4724		42.5		"Contig"	1055621819	431284	431284	
"1335495"	"species"	"Melieria crassipennis"	"GCA_963667125.1"	334	334		38		"Contig"	412224939	2994900	2994900	
"50459"	"species"	"Barbarea vulgaris"	"GCA_963667155.1"	70	69		41.5		"Scaffold"	1987127	31712	32143	
"50459"	"species"	"Barbarea vulgaris"	"GCA_963667165.1"	835	54	8	37.87		"Chromosome"	246246791	1734785	28737626	98.80000000000001
"601640"	"species"	"Nomada lathburiana"	"GCA_963667235.1"	100	82	15	42.57		"Chromosome"	269683890	13077505	15962000	97.4
"1335495"	"species"	"Melieria crassipennis"	"GCA_963668005.1"	359	116	4	38.1		"Chromosome"	413994783	3041392	125911761	97.60000000000001
"601640"	"species"	"Nomada lathburiana"	"GCA_963668195.1"	1196	1196		43		"Contig"	232130562	434877	434877	
"1045598"	"species"	"Dyspetes luteomarginatus"	"GCA_963669165.1"	294	279		38.5		"Scaffold"	10738657	41078	51585	
"1045598"	"species"	"Dyspetes luteomarginatus"	"GCA_963669185.1"	935	162	10	37.160000000000004		"Chromosome"	249596378	796992	23795915	93.9
"2823186"	"species"	"Chorisops tibialis"	"GCA_963669215.1"	4491	4491		37		"Contig"	796521598	382017	382017	
"39468"	"species"	"Quercus cerris"	"GCA_963669245.1"	393	27	12	35.5		"Chromosome"	777389709	7461000	67471959	
"39468"	"species"	"Quercus cerris"	"GCA_963669275.1"	2480	2468		35.5		"Scaffold"	732304081	688239	690357	
"39388"	"species"	"Verbascum thapsus"	"GCA_963669305.1"	108	108		36		"Contig"	4292074	36858	36858	
"988118"	"species"	"Gortyna flavago"	"GCA_963669325.1"	984	984		38		"Contig"	504639212	1099984	1099984	
"988118"	"species"	"Gortyna flavago"	"GCA_963669345.1"	85	33	31	38.29		"Chromosome"	534001223	10432479	19321740	99
"2823186"	"species"	"Chorisops tibialis"	"GCA_963669355.1"	131	15	5	37		"Chromosome"	865301470	15794932	315088429	96.5
"39388"	"species"	"Verbascum thapsus"	"GCA_963669365.1"	155	62	18	34		"Chromosome"	346258196	6346154	19516886	
"2591979"	"species"	"Allygus modestus"	"GCA_963675035.1"	471	40	7	35.52		"Chromosome"	1819865731	7371095	497146285	97.4
"2591979"	"species"	"Allygus modestus"	"GCA_963675045.1"	15132	15132		35.5		"Contig"	1254715140	151618	151618	
"1000418"	"species"	"Galeopsis tetrahit"	"GCA_963675135.2"	654	417	16	36.24		"Chromosome"	1427847971	8528225	89793002	98.10000000000001
"1000418"	"species"	"Galeopsis tetrahit"	"GCA_963675145.1"	979	979		45		"Contig"	42513302	43318	43318	
"423320"	"species"	"Catocala nupta"	"GCA_963675195.1"	860	860		36.5		"Contig"	866448527	3265434	3265434	
"423320"	"species"	"Catocala nupta"	"GCA_963675205.1"	160	60	32	36.72		"Chromosome"	930383026	11316672	31349327	99
"934934"	"species"	"Cosmorhoe ocellata"	"GCA_963675265.1"	353	353		37		"Contig"	302486093	6163167	6163167	
"1776471"	"species"	"Linnaemya vulpina"	"GCA_963675385.1"	1322	1322		31		"Contig"	508831269	1824612	1824612	
"934934"	"species"	"Cosmorhoe ocellata"	"GCA_963675405.1"	99	63	32	37.300000000000004		"Chromosome"	327726721	9984490	11103448	98.5
"1776471"	"species"	"Linnaemya vulpina"	"GCA_963675445.1"	300	46	7	31.1		"Chromosome"	554026350	5718539	89037140	97.9
"1143061"	"species"	"Leptura quadrifasciata"	"GCA_963675555.1"	484	58	10	34.300000000000004		"Chromosome"	1403938491	5389979	166347592	99
"2494894"	"species"	"Crossocerus cetratus"	"GCA_963675645.1"	615	615		48		"Contig"	242636534	2211911	2211911	
"2494894"	"species"	"Crossocerus cetratus"	"GCA_963675795.1"	190	116	10	47.99		"Chromosome"	251131327	4893000	23005845	94.60000000000001
"1143061"	"species"	"Leptura quadrifasciata"	"GCA_963675865.1"	426	426		34.5		"Contig"	1403367426	6481551	6481551	
"6550"	"species"	"Mytilus edulis"	"GCA_963676595.2"	1316	84		32.5		"Scaffold"	1316984861	1635307	46578106	
"6550"	"species"	"Mytilus edulis"	"GCA_963676685.2"	3557	2368	14	32.4		"Chromosome"	1368414245	1737898	93447462	88.10000000000001
"50603"	"species"	"Panorpa germanica"	"GCA_963678655.1"	2000	2000		31		"Contig"	424618346	527071	527071	
"334708"	"species"	"Patella ulyssiponensis"	"GCA_963678665.1"	856	856		36.5		"Contig"	693472609	1937905	1937905	
"871386"	"species"	"Xiphydria camelus"	"GCA_963678675.1"	794	52	11	42.11		"Chromosome"	357305978	996051	32839854	96.10000000000001
"334708"	"species"	"Patella ulyssiponensis"	"GCA_963678685.1"	100	27	8	36.28		"Chromosome"	693560843	16753147	86687008	88.5
"50603"	"species"	"Panorpa germanica"	"GCA_963678705.1"	437	254	21	31		"Chromosome"	464211857	4982906	22111551	
"91168"	"species"	"Umbilicus rupestris"	"GCA_963678935.1"	390	29	25	42.78		"Chromosome"	352162055	1868560	15389094	94.60000000000001
"91168"	"species"	"Umbilicus rupestris"	"GCA_963678945.1"	714	714		44		"Contig"	32338981	45632	45632	
"31202"	"species"	"Spisula subtruncata"	"GCA_963678955.1"	972	955		35		"Scaffold"	911886249	1816453	1816453	
"29786"	"species"	"Cruciata laevipes"	"GCA_963678965.1"	32	12	11	37.72		"Chromosome"	296599190	15853853	28099396	94.5
"31202"	"species"	"Spisula subtruncata"	"GCA_963678985.1"	589	151	19	35		"Chromosome"	930842501	3953165	48288179	
"29786"	"species"	"Cruciata laevipes"	"GCA_963679005.1"	1505	1505		37.5		"Contig"	260545308	654068	654068	
"295679"	"species"	"Rhagium mordax"	"GCA_963680695.1"	6577	6575		33		"Scaffold"	642805682	197342	197342	
"295679"	"species"	"Rhagium mordax"	"GCA_963680705.1"	514	68	10	32.92		"Chromosome"	775637577	2857000	80109270	99
"500645"	"species"	"Tetragnatha montana"	"GCA_963680715.1"	332	81	13	33.5		"Chromosome"	784686690	4743939	61119082	
"500645"	"species"	"Tetragnatha montana"	"GCA_963680735.1"	1781	1780		33.5		"Scaffold"	778386151	992879	992879	
"987871"	"species"	"Agrochola lychnidis"	"GCA_963680755.1"	2384	2384		37.5		"Contig"	747563162	696551	696551	
"987871"	"species"	"Agrochola lychnidis"	"GCA_963680765.1"	129	45	32	38		"Chromosome"	799200293	11864562	26469106	
"1262309"	"species"	"Meiosimyza decipiens"	"GCA_963680805.1"	1341	1341		33		"Contig"	421366636	834154	834154	
"1262309"	"species"	"Meiosimyza decipiens"	"GCA_963680825.1"	313	23	6	32.69		"Chromosome"	436389685	3705653	100646067	98.7
"2742169"	"species"	"Lepeophtheirus nordmannii"	"GCA_963680845.1"	600	600		29.5		"Contig"	338558294	1966423	1966423	
"2742169"	"species"	"Lepeophtheirus nordmannii"	"GCA_963680855.1"	308	189	9	29.63		"Chromosome"	345313067	4102787	39735406	95
"191669"	"species"	"Spergularia marina"	"GCA_963680865.1"	488	278	18	37.46		"Chromosome"	499288027	3658406	27838271	96
"191669"	"species"	"Spergularia marina"	"GCA_963680885.1"	126	126		40.5		"Contig"	2910661	25247	25247	
"1918084"	"species"	"Germaria angustata"	"GCA_963681535.1"	9031	9031		31		"Contig"	533329844	91937	91937	
"1918084"	"species"	"Germaria angustata"	"GCA_963681545.1"	334	113	6	31.18		"Chromosome"	586457627	7508000	100011560	98.4
"1118052"	"species"	"Cordilura impudica"	"GCA_963681995.1"	8761	8750		30		"Scaffold"	1450978941	389030	391272	
"1118052"	"species"	"Cordilura impudica"	"GCA_963682025.1"	2350	890	6	29.96		"Chromosome"	1489345213	2714469	253737357	98.7
"15000"	"species"	"Alisma plantago-aquatica"	"GCA_963682035.1"	5521	5521		38		"Contig"	168507919	31370	31370	
"170927"	"species"	"Primula veris"	"GCA_963682055.1"	232	34	12	34.92		"Chromosome"	436168066	5268255	35415404	95.30000000000001
"55501"	"species"	"Triglochin maritima"	"GCA_963682065.1"	5756	5756		40		"Contig"	1100198145	1460738	1460738	
"644184"	"species"	"Potentilla sterilis"	"GCA_963682095.1"	783	250	14	40.660000000000004		"Chromosome"	744311127	2260000	51007344	99
"170927"	"species"	"Primula veris"	"GCA_963682145.1"	3347	3347		35		"Contig"	372754072	381294	381294	
"644184"	"species"	"Potentilla sterilis"	"GCA_963682155.1"	1689	1688		40.5		"Scaffold"	172372255	349962	351661	
"55501"	"species"	"Triglochin maritima"	"GCA_963682175.1"	358	193	24	40.1		"Chromosome"	1062879311	20942340	44071572	88.5
"988016"	"species"	"Pelosia muscerda"	"GCA_963691645.1"	77	35	30	37.31		"Chromosome"	500493878	11354741	18061030	98.60000000000001
"2725530"	"species"	"Toxonevra muliebris"	"GCA_963691655.1"	341	97	6	32.7		"Chromosome"	491416689	3471243	109563727	98.7
"2561093"	"species"	"Clepsis dumicolana"	"GCA_963691665.1"	1384	364	30	39		"Chromosome"	459690492	684644	15793661	97.60000000000001
"2725530"	"species"	"Toxonevra muliebris"	"GCA_963691675.1"	2407	2407		32.5		"Contig"	471701885	464989	464989	
"2561093"	"species"	"Clepsis dumicolana"	"GCA_963691695.1"	6789	6789		39		"Contig"	249194841	41419	41419	
"97441"	"species"	"Viola odorata"	"GCA_963691705.1"	509	25	10	39.980000000000004		"Chromosome"	698621013	2779843	70509786	98.30000000000001
"988016"	"species"	"Pelosia muscerda"	"GCA_963691735.1"	817	817		37		"Contig"	484236932	1283864	1283864	
"572840"	"species"	"Ditula angustiorana"	"GCA_963691745.1"	131	48	31	38.33		"Chromosome"	468362281	6611999	16189863	98.4
"94984"	"species"	"Echiichthys vipera"	"GCA_963691805.1"	3242	3240		42		"Scaffold"	738382560	623936	623936	
"94984"	"species"	"Echiichthys vipera"	"GCA_963691815.1"	738	132	25	41.82		"Chromosome"	800381326	2579157	33039917	98.10000000000001
"97441"	"species"	"Viola odorata"	"GCA_963691845.1"	419	419		43.5		"Contig"	11487983	28711	28711	
"572840"	"species"	"Ditula angustiorana"	"GCA_963691855.1"	3157	3152		38		"Scaffold"	387647121	218039	218039	
"2881093"	"species"	"Nephrotoma guestfalica"	"GCA_963691895.1"	981	981		34		"Contig"	921574193	2104124	2104124	
"190337"	"species"	"Chloroclystis v-ata"	"GCA_963691915.1"	132	132		36		"Contig"	256755324	5311430	5311430	
"13677"	"species"	"Scomber scombrus"	"GCA_963691925.1"	2154	665	24	39.78		"Chromosome"	764141294	1496448	31095048	98.2
"2881093"	"species"	"Nephrotoma guestfalica"	"GCA_963691935.1"	1019	135	4	34.14		"Chromosome"	916045370	2123086	307551131	94.9
"13677"	"species"	"Scomber scombrus"	"GCA_963691945.1"	4917	4905		39.5		"Scaffold"	731363837	369227	369227	
"190337"	"species"	"Chloroclystis v-ata"	"GCA_963691955.1"	28	20	17	35.82		"Chromosome"	275352430	18396937	18396937	98
"29151"	"species"	"Osmerus eperlanus"	"GCA_963692335.1"	3469	1007	28	45.410000000000004		"Chromosome"	508721272	396237	18633437	95.2
"29151"	"species"	"Osmerus eperlanus"	"GCA_963692645.1"	5998	5995		45		"Scaffold"	420609216	109201	109274	
"15000"	"species"	"Alisma plantago-aquatica"	"GCA_963693085.1"	485	236	7	38.09		"Chromosome"	9377969683	87675000	1499997841	85.5
"2715158"	"species"	"Diogma glabrata"	"GCA_963693295.1"	16598	16556		31		"Scaffold"	1062999653	94696	94861	
"2715158"	"species"	"Diogma glabrata"	"GCA_963693315.1"	8150	1867	4	30.76		"Chromosome"	1328682309	282781	427865198	92.7
"1073575"	"species"	"Agonopterix heracliana"	"GCA_963693445.1"	60	47	30	38		"Chromosome"	539113803	17914572	19568409	
"1073575"	"species"	"Agonopterix heracliana"	"GCA_963693455.1"	238	237		38		"Scaffold"	544440339	4823114	4823114	
"572747"	"species"	"Ectropis crepuscularia"	"GCA_963693465.1"	1086	1085		38		"Scaffold"	853093602	1651496	1651496	
"572747"	"species"	"Ectropis crepuscularia"	"GCA_963693475.1"	123	90	32	38.24		"Chromosome"	878531996	29166000	29702803	98.30000000000001
"7098"	"species"	"Malacosoma neustria"	"GCA_963693485.1"	1591	1591		37		"Contig"	486537523	1193184	1193184	
"7098"	"species"	"Malacosoma neustria"	"GCA_963693495.1"	98	36	31	37.37		"Chromosome"	567718570	10905316	21044201	98.4
"133487"	"species"	"Marvania coccoides"	"GCA_963694935.1"	43	43		55		"Contig"	1728979	44850	44850	
"290657"	"species"	"Hololepta plana"	"GCA_963695495.2"	145	45	12	37		"Chromosome"	139506490	2199103	14286131	
"290657"	"species"	"Hololepta plana"	"GCA_963700325.2"	1303	1303		37.5		"Contig"	99675759	153025	153025	
"29159"	"species"	"Magallana gigas"	"GCA_963853765.1"	184	29	10	33.5		"Chromosome"	563985803	7289204	57274926	
"997532"	"species"	"Xanthia togata"	"GCA_963853775.1"	100	46	31	38.5		"Chromosome"	799506577	15867659	27016469	
"997532"	"species"	"Xanthia togata"	"GCA_963853785.1"	415	415		38		"Contig"	794352172	5224476	5224476	
"987439"	"species"	"Xestia rhomboidea"	"GCA_963853795.1"	136	61	31	38.6		"Chromosome"	604977608	9866268	20670239	99
"29159"	"species"	"Magallana gigas"	"GCA_963853805.1"	1341	1316		33.5		"Scaffold"	603547686	920600	960930	
"987439"	"species"	"Xestia rhomboidea"	"GCA_963853815.1"	1043	1043		38.5		"Contig"	512250635	1289793	1289793	
"41496"	"species"	"Calendula officinalis"	"GCA_963853825.1"	4857	4857		37		"Contig"	328389665	103188	103188	
"41496"	"species"	"Calendula officinalis"	"GCA_963853835.1"	472	186	16	36		"Chromosome"	1215170828	6396392	82723592	
"1552766"	"species"	"Sylvicola cinctus"	"GCA_963854165.1"	87	6	3	33.04		"Chromosome"	179135169	6712941	61724780	93
"27697"	"species"	"Sardina pilchardus"	"GCA_963854175.1"	7438	4089		44.5		"Scaffold"	935120696	427866	33020121	
"27697"	"species"	"Sardina pilchardus"	"GCA_963854185.1"	1894	240	24	44.44		"Chromosome"	869396467	1117303	34617450	95.9
"1552766"	"species"	"Sylvicola cinctus"	"GCA_963854195.2"	486	485		33		"Scaffold"	184185318	2041457	2041457	
"378274"	"species"	"Hygrocybe coccinea"	"GCA_963854205.1"	1453	1251		46.5		"Scaffold"	83300430	303391	4295707	
"65948"	"species"	"Nasturtium officinale"	"GCA_963854345.1"	621	621		36.5		"Contig"	40556083	114800	114800	
"2566568"	"species"	"Epinotia brunnichana"	"GCA_963854355.1"	211	112	29	39.1		"Chromosome"	943098519	11907979	34107155	98.4
"192191"	"species"	"Pandemis heparana"	"GCA_963854515.1"	212	38	30	38.31		"Chromosome"	459973974	3511077	16008471	98.4
"1660634"	"species"	"Ethmia dodecea"	"GCA_963854545.1"	2020	2020		37		"Contig"	356923238	544405	544405	
"133487"	"species"	"Marvania coccoides"	"GCA_963854735.1"	18	13	13	54.85		"Chromosome"	22315660	1491320	1767042	98.4
"52904"	"species"	"Scophthalmus maximus"	"GCA_963854745.1"	912	107	22	43.4		"Chromosome"	550279360	1410686	26138615	99
"52904"	"species"	"Scophthalmus maximus"	"GCA_963854755.1"	2723	2723		43.5		"Contig"	540345941	435753	435753	
"934889"	"species"	"Plagodis dolabraria"	"GCA_963854775.1"	1963	1963		37		"Contig"	928478139	1130389	1130389	
"180772"	"species"	"Vaccinium vitis-idaea"	"GCA_963854785.2"	988	224	12	39		"Chromosome"	513484293	1052000	41464896	
"934889"	"species"	"Plagodis dolabraria"	"GCA_963854805.1"	141	59	31	36.87		"Chromosome"	939073942	13266216	32423364	98.60000000000001
"3037404"	"species"	"Megamerina dolium"	"GCA_963854835.1"	163	7	6	34.53		"Chromosome"	500511240	4493370	74270313	98.7
"65948"	"species"	"Nasturtium officinale"	"GCA_963854855.1"	264	30	16	35.43		"Chromosome"	224952480	1424452	14505831	98.2
"180772"	"species"	"Vaccinium vitis-idaea"	"GCA_963855025.2"	6709	6705		39		"Scaffold"	473759497	148201	148368	
"2566568"	"species"	"Epinotia brunnichana"	"GCA_963855035.1"	2317	2313		39		"Scaffold"	837847029	815588	815588	
"3037404"	"species"	"Megamerina dolium"	"GCA_963855515.1"	2674	2674		34.5		"Contig"	524743969	974279	974279	
"192191"	"species"	"Pandemis heparana"	"GCA_963855535.1"	202	202		38.5		"Contig"	462455230	4350883	4350883	
"1660634"	"species"	"Ethmia dodecea"	"GCA_963855545.1"	72	42	29	36.92		"Chromosome"	457547265	12422804	16351113	98.5
"882792"	"species"	"Luperina nickerlii"	"GCA_963855935.1"	3605	3605		38		"Contig"	220694669	95649	95649	
"1774267"	"species"	"Thereva nobilitata"	"GCA_963855945.1"	480	70	6	37.11		"Chromosome"	829198642	7272000	196096102	96.2
"882792"	"species"	"Luperina nickerlii"	"GCA_963855955.1"	172	49	31	38.1		"Chromosome"	661959672	8052121	23242021	99
"1411665"	"species"	"Andrena chrysosceles"	"GCA_963855975.1"	963	813	4	40.29		"Chromosome"	520219004	3481507	55528949	96.9
"29057"	"species"	"Ostrinia nubilalis"	"GCA_963855985.1"	69	52	32	37.63		"Chromosome"	495500553	15546852	16461208	98.80000000000001
"29057"	"species"	"Ostrinia nubilalis"	"GCA_963856005.1"	250	249		37.5		"Scaffold"	446907882	5019510	5019510	
"987932"	"species"	"Euplagia quadripunctaria"	"GCA_963859945.1"	1943	187	31	35.59		"Chromosome"	668383554	734733	23196607	96
"987932"	"species"	"Euplagia quadripunctaria"	"GCA_963859955.1"	5616	5609		35.5		"Scaffold"	504452407	145066	145157	
"988087"	"species"	"Ceramica pisi"	"GCA_963859965.1"	112	66	31	38.2		"Chromosome"	732699946	13539627	24874717	98.9
"988087"	"species"	"Ceramica pisi"	"GCA_963859975.1"	634	634		38		"Contig"	736657865	4117670	4117670	
"1774267"	"species"	"Thereva nobilitata"	"GCA_963859995.1"	2911	2911		37		"Contig"	839704492	1122339	1122339	
"688490"	"species"	"Plagodis pulveraria"	"GCA_963890685.1"	148	47	31	37.25		"Chromosome"	931729964	11590665	32374275	98.60000000000001
"688490"	"species"	"Plagodis pulveraria"	"GCA_963891125.1"	1658	1658		37		"Contig"	873551457	1649474	1649474	
"753223"	"species"	"Pyrrhia umbra"	"GCA_963891745.1"	204	204		36.5		"Contig"	390296084	4642796	4642796	
"753223"	"species"	"Pyrrhia umbra"	"GCA_963891755.1"	60	32	32	36.68		"Chromosome"	433580075	11256701	14761759	98.9
"863834"	"species"	"Stenodema calcarata"	"GCA_963920205.1"	1166	248	18	39.28		"Chromosome"	575352090	1163907	34076137	97
"1504853"	"species"	"Nineta flava"	"GCA_963920215.1"	464	187	7	30.35		"Chromosome"	732337316	5799206	119373907	97.2
"863834"	"species"	"Stenodema calcarata"	"GCA_963920225.1"	1597	1597		39.5		"Contig"	594261772	1177963	1177963	
"1504853"	"species"	"Nineta flava"	"GCA_963920235.1"	364	364		30.5		"Contig"	724066029	6204644	6204644	
"1226583"	"species"	"Dichetophora obliterata"	"GCA_963920515.1"	7603	7603		32.5		"Contig"	1378798712	578320	578320	
"1226583"	"species"	"Dichetophora obliterata"	"GCA_963920525.1"	702	75	6	32.35		"Chromosome"	1312793690	5385265	266481161	98.10000000000001
"398450"	"species"	"Lepidium didymum"	"GCA_963920545.1"	704	438	16	36.06		"Chromosome"	345116760	2960142	20803385	98.4
"114204"	"species"	"Narthecium ossifragum"	"GCA_963920555.1"	2490	2490		43		"Contig"	73460779	28407	28407	
"398450"	"species"	"Lepidium didymum"	"GCA_963920565.1"	5	5		34.5		"Contig"	155969	30428	30428	
"114204"	"species"	"Narthecium ossifragum"	"GCA_963920575.1"	2843	156	13	42.5		"Chromosome"	378871027	213202	28566898	
"51316"	"species"	"Eimeria praecox"	"GCA_963920585.1"	366	366		45.5		"Contig"	67371608	349048	349048	
"51316"	"species"	"Eimeria praecox"	"GCA_963920595.1"	186	16	15	45.5		"Chromosome"	64251467	551927	5197822	
"144245"	"species"	"Dinocampus coccinellae"	"GCA_963920615.1"	662	662		33.5		"Contig"	21456074	37612	37612	
"144245"	"species"	"Dinocampus coccinellae"	"GCA_963920625.1"	81	9	8	29.59		"Chromosome"	110449871	3545159	17861796	94.80000000000001
"1586585"	"species"	"Pseudeuparius sepicola"	"GCA_963920635.1"	133	16	12	35.42		"Chromosome"	769058761	12710576	68511602	98.60000000000001
"1936067"	"species"	"Eutolmus rufibarbis"	"GCA_963920645.1"	2813	2813		34.5		"Contig"	254988207	157176	157176	
"379955"	"species"	"Geranium rotundifolium"	"GCA_963920655.1"	1194	496	13	38.97		"Chromosome"	496995860	1100351	39696837	94.80000000000001
"249548"	"species"	"Straminergon stramineum"	"GCA_963920665.1"	882	367	11	37.54		"Chromosome"	326253176	1122249	27619532	84.80000000000001
"1586585"	"species"	"Pseudeuparius sepicola"	"GCA_963920675.1"	5254	5254		35.5		"Contig"	327088271	69855	69855	
"1342093"	"species"	"Polydrusus tereticollis"	"GCA_963920685.1"	619	57	12	34.05		"Chromosome"	1396111627	4992693	146058287	99
"2803876"	"species"	"Odiellus spinosus"	"GCA_963920695.1"	3685	3684		34		"Scaffold"	313184809	141859	141859	
"2803876"	"species"	"Odiellus spinosus"	"GCA_963920705.1"	540	310	16	35		"Chromosome"	443671822	3575313	23904202	
"379955"	"species"	"Geranium rotundifolium"	"GCA_963920715.1"	2397	2397		41		"Contig"	35166720	15577	15577	
"2867109"	"species"	"Rhamphomyia laevipes"	"GCA_963920725.1"	1015	193	7	25.92		"Chromosome"	394510686	1144504	62624551	94.5
"2867109"	"species"	"Rhamphomyia laevipes"	"GCA_963920735.1"	2608	2608		26		"Contig"	383049668	369961	369961	
"1587142"	"species"	"Cartodere bifasciata"	"GCA_963920745.1"	2024	2023		32		"Scaffold"	178607907	417192	417475	
"1587142"	"species"	"Cartodere bifasciata"	"GCA_963920755.1"	116	23	10	31.94		"Chromosome"	178078183	3482428	20851529	98.4
"140636"	"species"	"Ulota crispa"	"GCA_963920765.1"	1150	408	11	37.44		"Chromosome"	274989404	587823	25686176	83
"175104"	"species"	"Primula vulgaris"	"GCA_963920775.1"	8485	8485		34.5		"Contig"	454121997	140532	140532	
"128191"	"species"	"Sphagnum contortum"	"GCA_963920785.2"	592	224	21	37.11		"Chromosome"	370554578	1711608	17941746	82
"1936067"	"species"	"Eutolmus rufibarbis"	"GCA_963920795.1"	74	8	7	34.72		"Chromosome"	285920159	10187593	49615980	96.4
"175104"	"species"	"Primula vulgaris"	"GCA_963920805.1"	464	83	11	34.08		"Chromosome"	417752201	1665012	36375910	95.5
"1342093"	"species"	"Polydrusus tereticollis"	"GCA_963920815.1"	11781	11781		34		"Contig"	1155280894	205641	205641	
"1244581"	"species"	"Dasysyrphus tricinctus"	"GCA_963921175.1"	2479	2378		34.5		"Scaffold"	948796236	760753	791775	
"1244581"	"species"	"Dasysyrphus tricinctus"	"GCA_963921185.1"	1055	224	5	34.49		"Chromosome"	1054864930	2415853	264795841	96.5
"559701"	"species"	"Pegoplata infirma"	"GCA_963921195.1"	2051	835	7	29.72		"Chromosome"	1384369787	2300000	241705591	98.7
"559701"	"species"	"Pegoplata infirma"	"GCA_963921205.1"	3746	3679		29.5		"Scaffold"	1192958546	641210	667195	
"1594341"	"species"	"Scoparia ambigualis"	"GCA_963921215.1"	576	91	28	38.230000000000004		"Chromosome"	1040830401	3538396	36664438	97.10000000000001
"1594341"	"species"	"Scoparia ambigualis"	"GCA_963921225.1"	6001	5998		38		"Scaffold"	1045820480	336728	337730	
"702255"	"species"	"Logfia minima"	"GCA_963921315.1"	240	240		42		"Contig"	5876633	24627	24627	
"702255"	"species"	"Logfia minima"	"GCA_963921325.1"	664	230	15	33.5		"Chromosome"	544901426	4097084	36772736	98.2
"988163"	"species"	"Tiliacea citrago"	"GCA_963921375.1"	384	112	32	38.65		"Chromosome"	800959641	12463310	27470468	99
"988163"	"species"	"Tiliacea citrago"	"GCA_963921385.1"	4285	4285		38.5		"Contig"	696645768	372287	372287	
"97200"	"species"	"Cepaea hortensis"	"GCA_963921395.1"	38832	38809		41.5		"Scaffold"	2795857011	132594	132661	
"97200"	"species"	"Cepaea hortensis"	"GCA_963921405.1"	4992	728	22	41.35		"Chromosome"	3168990361	1208264	127277824	89.9
"1281420"	"species"	"Pyrausta despicata"	"GCA_963921415.1"	96	67	31	37.89		"Chromosome"	481827300	11594260	16618000	98.7
"57948"	"species"	"Dryas octopetala"	"GCA_963921425.1"	463	25	9	36.62		"Chromosome"	229579301	842877	26579288	98
"57948"	"species"	"Dryas octopetala"	"GCA_963921435.1"	4131	4130		37		"Scaffold"	255959857	134855	134855	
"1281420"	"species"	"Pyrausta despicata"	"GCA_963921445.1"	420	420		38		"Contig"	469410013	4024841	4024841	
"337391"	"species"	"Erodium maritimum"	"GCA_963921785.1"	361	361		49.5		"Contig"	10277626	29603	29603	
"9209"	"species"	"Phalacrocorax carbo"	"GCA_963921805.1"	843	350	36	43.46		"Chromosome"	1283623959	4631399	84621172	97.10000000000001
"9209"	"species"	"Phalacrocorax carbo"	"GCA_963921815.1"	3116	3116		43.5		"Contig"	1164897548	1260484	1260484	
"337391"	"species"	"Erodium maritimum"	"GCA_963921825.1"	393	39	9	42.480000000000004		"Chromosome"	762646897	4402184	76557761	95.10000000000001
"2017130"	"species"	"Galeruca laticollis"	"GCA_963921905.1"	18408	18407		33.5		"Scaffold"	808193747	42924	42924	
"2884228"	"species"	"Hyposoter dolosus"	"GCA_963921915.1"	1145	795	12	39.57		"Chromosome"	222650269	1258108	18054839	95.2
"128247"	"species"	"Sphagnum tenellum"	"GCA_963921925.2"	1197	558	21	36.79		"Chromosome"	386159381	1033447	21216778	81.9
"2017130"	"species"	"Galeruca laticollis"	"GCA_963921935.1"	642	45	12	33.45		"Chromosome"	2154559696	6429013	231279273	98.80000000000001
"1588336"	"species"	"Oxystoma pomonae"	"GCA_963921945.1"	2382	2382		33.5		"Contig"	1132231043	1263678	1263678	
"144253"	"species"	"Aleiodes alternator"	"GCA_963921955.1"	91	20	19	34.38		"Chromosome"	234883295	4602618	12584262	96.4
"324823"	"species"	"Agrilus biguttatus"	"GCA_963921965.1"	1790	1790		32.5		"Contig"	355903648	1923156	1923156	
"144253"	"species"	"Aleiodes alternator"	"GCA_963921975.1"	824	824		34.5		"Contig"	246293904	1372867	1372867	
"324823"	"species"	"Agrilus biguttatus"	"GCA_963921985.1"	128	46	11	31.87		"Chromosome"	368112776	11522278	34530510	97.9
"1588336"	"species"	"Oxystoma pomonae"	"GCA_963921995.1"	183	18	11	33.59		"Chromosome"	1174344457	11698280	115244409	98.2
"164435"	"species"	"Cornus suecica"	"GCA_963922005.1"	593	89	11	35.7		"Chromosome"	849171379	2787649	78572207	98.7
"164435"	"species"	"Cornus suecica"	"GCA_963922015.1"	4680	4680		37		"Contig"	162974638	37073	37073	
"1905387"	"species"	"Amblyjoppa proteus"	"GCA_963922025.1"	896	895		43		"Scaffold"	202111927	741105	745015	
"1905387"	"species"	"Amblyjoppa proteus"	"GCA_963922035.1"	155	44	9	42.64		"Chromosome"	290107730	9747000	29483893	96.2
"457184"	"species"	"Persicaria maculosa"	"GCA_963922045.1"	217	171	21	38.86		"Chromosome"	1505165586	42945431	73414861	95.7
"457184"	"species"	"Persicaria maculosa"	"GCA_963922055.1"	2839	2839		39.5		"Contig"	72789535	26270	26270	
"1384895"	"species"	"Macrophya annulata"	"GCA_963924015.1"	272	28	8	35.5		"Chromosome"	236773339	2054876	38433985	
"904094"	"species"	"Ischnus inquisitorius"	"GCA_963924025.1"	161	22	13	43.79		"Chromosome"	232177784	3910738	18611977	96.30000000000001
"42028"	"species"	"Drosophila limbata"	"GCA_963924035.1"	1274	1274		37		"Contig"	168346941	361015	361015	
"42028"	"species"	"Drosophila limbata"	"GCA_963924055.1"	732	510	6	37.5		"Chromosome"	233522359	1019978	29161486	
"1101044"	"species"	"Pyrausta purpuralis"	"GCA_963924145.1"	1909	1600	31	36.86		"Chromosome"	837235214	3734651	27191282	98.5
"1101044"	"species"	"Pyrausta purpuralis"	"GCA_963924155.1"	325	104		36.5		"Scaffold"	774235855	4964138	25125361	
"1192867"	"species"	"Chroicocephalus ridibundus"	"GCA_963924245.1"	1190	728	33	44.65		"Chromosome"	1417554307	4003687	83755488	97.4
"1192867"	"species"	"Chroicocephalus ridibundus"	"GCA_963924255.1"	2754	2754		44		"Contig"	1350722057	1745487	1745487	
"468723"	"species"	"Dioctria rufipes"	"GCA_963924295.1"	2585	1456	6	35.31		"Chromosome"	1451570944	3623881	208745215	96.7
"512629"	"species"	"Polygonum maritimum"	"GCA_963924305.1"	725	20	10	39.28		"Chromosome"	428639199	1011000	43467259	94.2
"512629"	"species"	"Polygonum maritimum"	"GCA_963924315.1"	1063	1063		40.5		"Contig"	20643716	17853	17853	
"468723"	"species"	"Dioctria rufipes"	"GCA_963924325.1"	6953	6948		35.5		"Scaffold"	1336444334	682175	683431	
"873512"	"species"	"Philereme transversata"	"GCA_963924445.1"	125	57	20	37.58		"Chromosome"	591752649	9520689	29476098	98.4
"873512"	"species"	"Philereme transversata"	"GCA_963924475.1"	756	756		37.5		"Contig"	574794680	1658597	1658597	
"3003482"	"species"	"Nemapogon koenigi"	"GCA_963924495.1"	236	52	31	35.34		"Chromosome"	382948259	3425311	12956294	96
"1869417"	"species"	"Agonopterix alstromeriana"	"GCA_963924505.1"	302	89	30	37.19		"Chromosome"	491160810	4087000	18100968	98.2
"59485"	"species"	"Vespertilio murinus"	"GCA_963924515.2"	456	267	20	43.59		"Chromosome"	1963609431	48719070	187164881	97.80000000000001
"3003482"	"species"	"Nemapogon koenigi"	"GCA_963924535.1"	7555	7555		35.5		"Contig"	428013087	116053	116053	
"1143099"	"species"	"Pogonocherus hispidulus"	"GCA_963924545.1"	212	25	11	33		"Chromosome"	704437829	8036892	68278649	
"201961"	"species"	"Ascidiella aspersa"	"GCA_963924565.1"	467	74	9	37.02		"Chromosome"	308535308	6569131	34997643	92
"878397"	"species"	"Pycnomerus fuliginosus"	"GCA_963924575.1"	109	50	11	37.01		"Chromosome"	359220406	7625985	37944690	99.30000000000001
"1869417"	"species"	"Agonopterix alstromeriana"	"GCA_963924585.1"	2216	2215		37		"Scaffold"	508724917	763755	763755	
"201961"	"species"	"Ascidiella aspersa"	"GCA_963924595.1"	2641	2639		37		"Scaffold"	310140868	535390	535390	
"1588223"	"species"	"Malthinus seriepunctatus"	"GCA_963924605.1"	333	48	6	32.61		"Chromosome"	338810509	2081540	55191692	99
"1143099"	"species"	"Pogonocherus hispidulus"	"GCA_963924615.1"	4817	4817		33		"Contig"	630822876	296972	296972	
"878397"	"species"	"Pycnomerus fuliginosus"	"GCA_963924625.1"	291	291		37		"Contig"	317009513	2891086	2891086	
"1588223"	"species"	"Malthinus seriepunctatus"	"GCA_963924635.1"	6234	6223		32.5		"Scaffold"	379963187	146722	146766	
"13151"	"species"	"Micromys minutus"	"GCA_963924645.1"	5020	5020		39.5		"Contig"	476356972	505805	505805	
"13151"	"species"	"Micromys minutus"	"GCA_963924665.1"	2913	893	34	40.050000000000004		"Chromosome"	2651771171	1835000	59776753	93.30000000000001
"9742"	"species"	"Phocoena phocoena"	"GCA_963924675.1"	1405	439	22	41.72		"Chromosome"	2512713112	3726689	110192646	95.60000000000001
"1918232"	"species"	"Dexiosoma caninum"	"GCA_963924685.1"	112	10	6	32.17		"Chromosome"	517069627	8716042	95842443	98.9
"59485"	"species"	"Vespertilio murinus"	"GCA_963924695.2"	395	267		43.67		"Scaffold"	1850577867	42377883	186628349	92.60000000000001
"1918232"	"species"	"Dexiosoma caninum"	"GCA_963924705.1"	4951	4951		32		"Contig"	462151466	130978	130978	
"9742"	"species"	"Phocoena phocoena"	"GCA_963924725.1"	7636	7636		42		"Contig"	2673589998	1056847	1056847	
"152966"	"species"	"Russula olivacea"	"GCA_963926505.1"	34	11	11	50.230000000000004		"Chromosome"	38334703	1983509	3449110	94.10000000000001
"152966"	"species"	"Russula olivacea"	"GCA_963926515.1"	279	279		50		"Contig"	37782865	276169	276169	
"9886"	"species"	"Muntiacus reevesi"	"GCA_963930625.1"	949	267	23	41.88		"Chromosome"	2656168540	5780196	114544513	96.2
"29739"	"species"	"Myrica gale"	"GCA_963930635.1"	7232	7232		38		"Contig"	566967985	303770	303770	
"29739"	"species"	"Myrica gale"	"GCA_963930655.1"	155	25	24	38.21		"Chromosome"	643765905	21639016	26842264	99.4
"9886"	"species"	"Muntiacus reevesi"	"GCA_963930665.1"	8892	8892		42.5		"Contig"	2863788737	1272465	1272465	
"702247"	"species"	"Gnaphalium uliginosum"	"GCA_963930675.1"	220	117	7	34.11		"Chromosome"	354384338	8708755	47177712	97.60000000000001
"56723"	"species"	"Labrus bergylta"	"GCA_963930695.1"	946	131	24	40.59		"Chromosome"	720210020	2715806	31261685	99
"702247"	"species"	"Gnaphalium uliginosum"	"GCA_963930705.1"	511	511		40		"Contig"	14642887	28530	28530	
"1717392"	"species"	"Dioctria linearis"	"GCA_963930715.1"	18129	18125		35		"Scaffold"	1191100676	88419	88456	
"264050"	"species"	"Candelabrum cocksii"	"GCA_963930725.1"	134	17	15	38.5		"Chromosome"	232853447	2825545	16016071	
"1717392"	"species"	"Dioctria linearis"	"GCA_963930735.1"	6094	3127	5	34.65		"Chromosome"	1613167115	806677	263086104	96.4
"1643974"	"species"	"Eudasyphora cyanicolor"	"GCA_963930745.1"	2529	2525		35		"Scaffold"	1442978754	1645052	1645052	
"1643974"	"species"	"Eudasyphora cyanicolor"	"GCA_963930755.1"	444	74	5	35.11		"Chromosome"	1450416854	6949000	293424451	98.7
"56723"	"species"	"Labrus bergylta"	"GCA_963930765.1"	2804	2798		40.5		"Scaffold"	695444047	654451	654451	
"264050"	"species"	"Candelabrum cocksii"	"GCA_963930785.1"	1565	1565		36.5		"Contig"	74890731	58416	58416	
"295940"	"species"	"Silvanus unidentatus"	"GCA_963930795.1"	1202	1190		33		"Scaffold"	192612824	729864	738100	
"29058"	"species"	"Helicoverpa armigera"	"GCA_963930805.1"	1712	1712		36		"Contig"	389852129	4146042	4146042	
"29058"	"species"	"Helicoverpa armigera"	"GCA_963930815.1"	48	32	32	36.76		"Chromosome"	362178423	11178908	12359365	98.80000000000001
"295940"	"species"	"Silvanus unidentatus"	"GCA_963930825.1"	280	102	7	32.980000000000004		"Chromosome"	187153472	2207987	23657960	99.60000000000001
"2767528"	"species"	"Microdon myrmicae"	"GCA_963931795.1"	4372	4372		41		"Contig"	1185456999	554825	554825	
"2767528"	"species"	"Microdon myrmicae"	"GCA_963931805.1"	644	65	8	40.87		"Chromosome"	1366175401	4014998	194795503	94.80000000000001
"36933"	"species"	"Onchidella celtica"	"GCA_963931835.1"	19459	19457		40.5		"Scaffold"	627994076	36737	36737	
"323314"	"species"	"Chrysotoxum festivum"	"GCA_963931855.1"	740	216	5	34.08		"Chromosome"	870771862	3712000	254310297	96.60000000000001
"1720740"	"species"	"Pollenia griseotomentosa"	"GCA_963931875.1"	245	52	6	30.54		"Chromosome"	1046294141	9571469	194518302	99
"1720740"	"species"	"Pollenia griseotomentosa"	"GCA_963931885.1"	1186	1185		30.5		"Scaffold"	1020075211	2873682	2873682	
"986980"	"species"	"Eupithecia pulchellata"	"GCA_963931895.1"	1748	473	33	36.480000000000004		"Chromosome"	385423043	630654	13088875	94.60000000000001
"986980"	"species"	"Eupithecia pulchellata"	"GCA_963931905.1"	3989	3988		36.5		"Scaffold"	360029365	167754	167754	
"323314"	"species"	"Chrysotoxum festivum"	"GCA_963931915.1"	1838	1816		34		"Scaffold"	830693702	2066759	2066759	
"36933"	"species"	"Onchidella celtica"	"GCA_963931925.1"	1037	114	18	40.230000000000004		"Chromosome"	1141015970	1962700	61404578	93.60000000000001
"1594245"	"species"	"Cataclysta lemnata"	"GCA_963931965.1"	6164	6164		38.5		"Contig"	489901020	194713	194713	
"1594245"	"species"	"Cataclysta lemnata"	"GCA_963931975.1"	1011	137	28	38.050000000000004		"Chromosome"	432438547	989062	15946375	96.60000000000001
"2882611"	"species"	"Phaonia tiefii"	"GCA_963931985.1"	11868	11868		36		"Contig"	1556911568	408321	408321	
"2882611"	"species"	"Phaonia tiefii"	"GCA_963931995.1"	1094	107	5	35.85		"Chromosome"	1537951144	2644854	298339950	98.7
"28680"	"species"	"Anas acuta"	"GCA_963932015.1"	1025	394	39	42.56		"Chromosome"	1189296988	3416933	76435830	96.7
"242257"	"species"	"Erebia epiphron"	"GCA_963932025.1"	94	41	16	37.32		"Chromosome"	523373149	16267000	35217598	98.4
"242257"	"species"	"Erebia epiphron"	"GCA_963932065.1"	5458	5458		37.5		"Contig"	524883795	261131	261131	
"28680"	"species"	"Anas acuta"	"GCA_963932075.1"	1961	1960		42		"Scaffold"	1057303051	1313441	1313441	
"2184727"	"species"	"Pimpla rufipes"	"GCA_963932165.1"	358	65	14	43.58		"Chromosome"	322746055	2490355	24027985	95.60000000000001
"178772"	"species"	"Empis livida"	"GCA_963932195.1"	567	182	6	24.71		"Chromosome"	291246278	4318076	55110847	95.60000000000001
"1588496"	"species"	"Tachinus rufipes"	"GCA_963932205.1"	2911	2910		30.5		"Scaffold"	1030058587	1007446	1007446	
"8915"	"species"	"Larus fuscus"	"GCA_963932225.2"	2648	1973	32	45.5		"Chromosome"	1425657605	3007703	86173170	
"2025111"	"species"	"Tipula lateralis"	"GCA_963932235.1"	4678	4677		33		"Scaffold"	707464014	592506	593112	
"1588496"	"species"	"Tachinus rufipes"	"GCA_963932245.1"	352	110	11	30.51		"Chromosome"	1151978133	12054482	121182260	99.5
"1190803"	"species"	"Andrena praecox"	"GCA_963932255.1"	4728	4728		42.5		"Contig"	464629788	429898	429898	
"218773"	"species"	"Thymelicus lineola"	"GCA_963932265.1"	2067	485	30	35.910000000000004		"Chromosome"	511809164	466433	17791929	97.9
"1190803"	"species"	"Andrena praecox"	"GCA_963932275.1"	854	664	7	42.13		"Chromosome"	563050942	3320118	62442870	96.7
"2025111"	"species"	"Tipula lateralis"	"GCA_963932295.1"	1048	671	4	32.87		"Chromosome"	701319157	3514814	198680531	95
"178772"	"species"	"Empis livida"	"GCA_963932305.1"	983	983		24.5		"Contig"	272955518	898447	898447	
"1170485"	"species"	"Athalia cordata"	"GCA_963932315.1"	170	168		38.5		"Scaffold"	173501054	6160937	6160937	
"8915"	"species"	"Larus fuscus"	"GCA_963932325.2"	1259	613	32	44		"Chromosome"	1291628069	3559350	88510922	
"1542598"	"species"	"Andrena marginata"	"GCA_963932335.1"	599	522	6	42.71		"Chromosome"	373639974	5295853	45688936	96.80000000000001
"65146"	"species"	"Ophion ventricosus"	"GCA_963932345.1"	3059	621	16	38.75		"Chromosome"	436796015	314174	31043478	93.10000000000001
"65146"	"species"	"Ophion ventricosus"	"GCA_963932355.1"	5029	5015		39		"Scaffold"	418029848	154845	155130	
"1542598"	"species"	"Andrena marginata"	"GCA_963932365.1"	1452	1452		43		"Contig"	253618203	750524	750524	
"670618"	"species"	"Phania funesta"	"GCA_963932375.1"	313	238	6	32.6		"Chromosome"	557389986	11699856	95987737	98.9
"670618"	"species"	"Phania funesta"	"GCA_963932385.1"	3171	3171		32.5		"Contig"	538912437	1194675	1194675	
"218773"	"species"	"Thymelicus lineola"	"GCA_963932395.1"	3184	3109		36		"Scaffold"	444447164	207081	211277	
"2184727"	"species"	"Pimpla rufipes"	"GCA_963932415.1"	980	980		43.5		"Contig"	297507810	807925	807925	
"1170485"	"species"	"Athalia cordata"	"GCA_963932425.1"	23	4	4	38.38		"Chromosome"	169026174	25969748	43587809	95.80000000000001
"753421"	"species"	"Schoenobius gigantellus"	"GCA_963935585.1"	2834	2832		37.5		"Scaffold"	987685871	856550	856550	
"753421"	"species"	"Schoenobius gigantellus"	"GCA_963935595.1"	138	36	25	37.63		"Chromosome"	1030853876	14359119	42296276	98.4
"377538"	"species"	"Argyra leucocephala"	"GCA_963942445.1"	354	43	6	26.26		"Chromosome"	917377706	4990337	167536330	93
"878348"	"species"	"Pediacus dermestoides"	"GCA_963942455.1"	2880	2880		32		"Contig"	212653589	146810	146810	
"347394"	"species"	"Lordithon lunulatus"	"GCA_963942465.1"	3400	3400		38.5		"Contig"	606285830	495246	495246	
"1572538"	"species"	"Ptychoptera contaminata"	"GCA_963942475.1"	1290	1290		25		"Contig"	201456270	648750	648750	
"878348"	"species"	"Pediacus dermestoides"	"GCA_963942485.1"	186	107	10	31.93		"Chromosome"	235015170	5783852	31898251	99.5
"2998541"	"species"	"Oxycera nigricornis"	"GCA_963942495.1"	10533	10531		36.5		"Scaffold"	670398182	117765	117919	
"347394"	"species"	"Lordithon lunulatus"	"GCA_963942505.1"	859	655	10	39.39		"Chromosome"	674366605	4216376	56801317	99.30000000000001
"377538"	"species"	"Argyra leucocephala"	"GCA_963942515.1"	4740	4740		26.5		"Contig"	993709861	793802	793802	
"1572538"	"species"	"Ptychoptera contaminata"	"GCA_963942525.1"	488	335	6	25.1		"Chromosome"	204075021	2631978	36522127	93.30000000000001
"1747324"	"species"	"Priocnemis perturbator"	"GCA_963942535.1"	1629	1629		46		"Contig"	354351324	648945	648945	
"2998541"	"species"	"Oxycera nigricornis"	"GCA_963942545.1"	1618	271	6	36.11		"Chromosome"	604329885	903000	114368532	93.4
"1844523"	"species"	"Aleiodes leptofemur"	"GCA_963942555.1"	279	16	15	34.34		"Chromosome"	271203239	1776490	17287625	96.4
"1436028"	"species"	"Magelona johnstoni"	"GCA_963942565.1"	9985	1250	18	37.5		"Chromosome"	881606520	141581	46584540	95.30000000000001
"1747324"	"species"	"Priocnemis perturbator"	"GCA_963942575.1"	616	479	15	46.14		"Chromosome"	391615939	2392700	16133428	95.7
"1436028"	"species"	"Magelona johnstoni"	"GCA_963942585.1"	15900	15785		37.5		"Scaffold"	785480977	66477	67437	
"2881813"	"species"	"Cylloceria caligata"	"GCA_963942595.1"	2008	717	9	40.14		"Chromosome"	596249907	894446	72214643	94.2
"270614"	"species"	"Poecilus cupreus"	"GCA_963942605.1"	3006	2817	21	31.580000000000002		"Chromosome"	748476947	4481000	28467149	98.60000000000001
"270614"	"species"	"Poecilus cupreus"	"GCA_963942615.1"	2860	2859		31.5		"Scaffold"	624958837	1800667	1819077	
"1501862"	"species"	"Aphidecta obliterata"	"GCA_963965955.1"	1918	1918		36		"Contig"	292902842	530418	530418	
"3854"	"species"	"Lathyrus aphaca"	"GCA_963965995.1"	2307	2307		37.5		"Contig"	68815937	29153	29153	
"1501862"	"species"	"Aphidecta obliterata"	"GCA_963966015.1"	343	200	10	36.230000000000004		"Chromosome"	349557290	4463513	38804974	97.60000000000001
"758709"	"species"	"Acleris laterana"	"GCA_963966025.1"	12311	12305		37		"Scaffold"	574859760	65480	65517	
"758709"	"species"	"Acleris laterana"	"GCA_963966035.1"	2528	501	30	37.02		"Chromosome"	574757992	509580	18228262	94.4
"879067"	"species"	"Xestobium rufovillosum"	"GCA_963966045.2"	143	32	13	36.68		"Chromosome"	475543710	7346478	36916890	99.30000000000001
"3854"	"species"	"Lathyrus aphaca"	"GCA_963966055.1"	1344	286	7	37.47		"Chromosome"	4252398850	7094369	575512124	97.80000000000001
"879067"	"species"	"Xestobium rufovillosum"	"GCA_963966065.2"	5059	5059		37.5		"Contig"	439979203	539148	539148	
"207213"	"species"	"Aphodius sticticus"	"GCA_963966075.1"	360	77	11	34.61		"Chromosome"	628426238	4795419	79043068	99.4
"207213"	"species"	"Aphodius sticticus"	"GCA_963966085.1"	4863	4862		35		"Scaffold"	646341453	387746	388456	
"511121"	"species"	"Volucella zonaria"	"GCA_963966105.1"	1295	858	7	38.81		"Chromosome"	1262783537	3785188	201040152	90.60000000000001
"511121"	"species"	"Volucella zonaria"	"GCA_963966115.1"	1781	1753		38.5		"Scaffold"	1823234363	2888285	2924538	
"7067"	"species"	"Tenebrio molitor"	"GCA_963966125.1"	3660	3658		37.5		"Scaffold"	220326433	188840	188913	
"795047"	"species"	"Clivina fossor"	"GCA_963966135.1"	2179	2178		27.5		"Scaffold"	576524739	914385	914385	
"7067"	"species"	"Tenebrio molitor"	"GCA_963966145.1"	309	238	11	36.49		"Chromosome"	276955368	7033857	29772305	99.5
"795047"	"species"	"Clivina fossor"	"GCA_963966155.1"	755	554	22	27.66		"Chromosome"	612599023	4843297	24002212	99.10000000000001
"520940"	"species"	"Tenthredo amoena"	"GCA_963966555.1"	2377	2376		39		"Scaffold"	173349023	104288	104288	
"1219160"	"species"	"Physocephala rufipes"	"GCA_963966585.1"	2504	2504		33.5		"Contig"	234040095	243509	243509	
"1219160"	"species"	"Physocephala rufipes"	"GCA_963966595.1"	1416	287	5	33.11		"Chromosome"	243305359	765721	41882264	92.60000000000001
"520940"	"species"	"Tenthredo amoena"	"GCA_963966615.1"	119	20	18	39.06		"Chromosome"	199844038	3886311	12736242	96.10000000000001
"88504"	"species"	"Lasioglossum calceatum"	"GCA_963966675.1"	497	434	18	41.67		"Chromosome"	434770653	9645349	15366174	95.5
"88504"	"species"	"Lasioglossum calceatum"	"GCA_963966685.1"	161	161		42.5		"Contig"	41785740	1339225	1339225	
"3037408"	"species"	"Odontomyia ornata"	"GCA_963969255.1"	8016	8016		39		"Contig"	1929750414	1134175	1134175	
"3037408"	"species"	"Odontomyia ornata"	"GCA_963969285.1"	817	203	7	39.03		"Chromosome"	2045351806	7362578	357693088	93.60000000000001
"468783"	"species"	"Philonicus albiceps"	"GCA_963969375.1"	3276	3276		34.5		"Contig"	224959544	105088	105088	
"468783"	"species"	"Philonicus albiceps"	"GCA_963969385.1"	229	28	6	34.54		"Chromosome"	253917290	2495341	57530495	96.30000000000001
"80891"	"species"	"Pseudoscleropodium purum"	"GCA_963969395.1"	327	273	11	36.81		"Chromosome"	318261484	7662048	28084366	84.4
"1384777"	"species"	"Arge pagana"	"GCA_963969455.1"	766	221	8	43.63		"Chromosome"	204667820	890562	26513337	93.4
"1384777"	"species"	"Arge pagana"	"GCA_963969465.1"	4118	4118		44		"Contig"	154502377	50459	50459	
"2922061"	"species"	"Ceratothoa steindachneri"	"GCA_963969475.1"	29041	29041		40		"Contig"	3923267135	337409	337409	
"544954"	"species"	"Nomada goodeniana"	"GCA_963969485.1"	379	202	8	43.2		"Chromosome"	216362909	3222345	27135048	97.2
"2922061"	"species"	"Ceratothoa steindachneri"	"GCA_963969495.1"	3154	534	23	40.2		"Chromosome"	3927816710	2407688	204257349	92.4
"2567737"	"species"	"Yponomeuta evonymella"	"GCA_963969515.1"	196	56	32	39.27		"Chromosome"	572726220	8541679	19958162	96.80000000000001
"875675"	"species"	"Ontholestes murinus"	"GCA_963969525.1"	4107	1441	13	31.37		"Chromosome"	1023307446	662260	74692260	98.7
"875675"	"species"	"Ontholestes murinus"	"GCA_963969535.1"	13581	13271		31.5		"Scaffold"	973025924	165988	176930	
"2567737"	"species"	"Yponomeuta evonymella"	"GCA_963969545.1"	151	151		39.5		"Contig"	578550707	8502841	8502841	
"202138"	"species"	"Polydrusus pterygomalis"	"GCA_963969555.1"	128	29	11	32.47		"Chromosome"	1051549734	23161000	123839857	99
"202138"	"species"	"Polydrusus pterygomalis"	"GCA_963969565.1"	6005	6004		32.5		"Scaffold"	1124769055	799908	799908	
"77129"	"species"	"Drosophila helvetica"	"GCA_963969575.1"	1189	1189		43.5		"Contig"	152896262	304067	304067	
"77129"	"species"	"Drosophila helvetica"	"GCA_963969585.1"	531	45	6	43.95		"Chromosome"	224183749	813787	62130176	98.80000000000001
"860203"	"species"	"Neckera pumila"	"GCA_963969595.1"	165	44	11	37.24		"Chromosome"	339344350	3724133	31052031	84.2
"65333"	"species"	"Ephialtes manifestator"	"GCA_963970365.1"	2675	2674		36.5		"Scaffold"	563153529	529211	531652	
"65333"	"species"	"Ephialtes manifestator"	"GCA_963970395.1"	1037	466	15	36.99		"Chromosome"	577697262	2239317	36194901	95.9
"88504"	"species"	"Lasioglossum calceatum"	"GCA_963971085.1"	228	228		43.5		"Contig"	25756742	562473	562473	
"202117"	"species"	"Philopedon plagiatum"	"GCA_963971095.1"	9882	9880		34		"Scaffold"	930086230	154689	154689	
"1202164"	"species"	"Stenus bimaculatus"	"GCA_963971105.1"	4267	4267		29		"Contig"	412704493	403735	403735	
"2725500"	"species"	"Anthrax anthrax"	"GCA_963971115.1"	1174	1174		25.5		"Contig"	256677740	2622549	2622549	
"203813"	"species"	"Bombus muscorum"	"GCA_963971125.1"	792	792		37		"Contig"	286420129	872911	872911	
"1202164"	"species"	"Stenus bimaculatus"	"GCA_963971135.1"	1864	1588	8	28.68		"Chromosome"	450584990	3547562	51678104	99
"662494"	"species"	"Sussaba pulchella"	"GCA_963971145.1"	3018	1379	15	39.39		"Chromosome"	299905591	197855	14656329	92.5
"2725500"	"species"	"Anthrax anthrax"	"GCA_963971155.1"	477	363	9	25.66		"Chromosome"	334620656	5737487	30142857	95.60000000000001
"202117"	"species"	"Philopedon plagiatum"	"GCA_963971165.1"	1454	374	10	33.910000000000004		"Chromosome"	1080330423	1795000	132169332	98.4
"88504"	"species"	"Lasioglossum calceatum"	"GCA_963971175.1"	618	555	18	41.82		"Chromosome"	446611994	9359263	15042135	95.60000000000001
"203813"	"species"	"Bombus muscorum"	"GCA_963971185.1"	163	37	17	36.83		"Chromosome"	317676412	3445925	19019874	97.30000000000001
"1262360"	"species"	"Melieria omissa"	"GCA_963971195.1"	3376	3376		38.5		"Contig"	530622536	1055314	1055314	
"753148"	"species"	"Aethes cnicana"	"GCA_963971205.1"	3601	769	30	39.25		"Chromosome"	412259526	218407	13714348	90
"753148"	"species"	"Aethes cnicana"	"GCA_963971215.1"	3190	3182		39		"Scaffold"	408191142	232803	232803	
"1262360"	"species"	"Melieria omissa"	"GCA_963971225.1"	350	173	4	38.77		"Chromosome"	490542112	4091810	127743786	98.4
"494149"	"species"	"Cryptus armator"	"GCA_963971235.1"	483	357	11	44.28		"Chromosome"	366664426	2928000	18298735	96.2
"1954227"	"species"	"Arcuatula senhousia"	"GCA_963971255.1"	3229	2149		34		"Scaffold"	1690380275	1102992	7581255	
"207157"	"species"	"Aphodius granarius"	"GCA_963971265.1"	1283	1282		37		"Scaffold"	291659462	1086545	1086545	
"55651"	"species"	"Astropecten irregularis"	"GCA_963971285.1"	972	186	22	40.12		"Chromosome"	475821439	911583	21462565	97.60000000000001
"55651"	"species"	"Astropecten irregularis"	"GCA_963971295.1"	4235	4215		40		"Scaffold"	474972023	200371	201072	
"1954227"	"species"	"Arcuatula senhousia"	"GCA_963971305.1"	2750	1867	15	34.18		"Chromosome"	1036819019	2134782	61823605	87.30000000000001
"494149"	"species"	"Cryptus armator"	"GCA_963971315.1"	645	645		41.5		"Contig"	279880657	1510041	1510041	
"207157"	"species"	"Aphodius granarius"	"GCA_963971325.1"	659	590	10	37.61		"Chromosome"	397201765	4076730	24500248	99.60000000000001
"473392"	"species"	"Andrena flavipes"	"GCA_963971345.1"	163	8	4	42.84		"Chromosome"	307582644	6085677	82055284	97
"2882760"	"species"	"Psococerastis gibbosa"	"GCA_963971355.1"	7215	7215		38.5		"Contig"	416707353	116829	116829	
"88523"	"species"	"Lasioglossum villosulum"	"GCA_963971365.1"	368	191	11	40.75		"Chromosome"	458491679	3091471	40458598	95.80000000000001
"1352472"	"species"	"Platycheirus rosarum"	"GCA_963971375.1"	635	268	6	34.85		"Chromosome"	764050118	4627859	160868514	96
"473392"	"species"	"Andrena flavipes"	"GCA_963971385.1"	1490	1490		43		"Contig"	220963935	415598	415598	
"88523"	"species"	"Lasioglossum villosulum"	"GCA_963971395.1"	1587	1587		40.5		"Contig"	409378964	972332	972332	
"2882760"	"species"	"Psococerastis gibbosa"	"GCA_963971405.1"	427	69	10	38.28		"Chromosome"	409205223	1835334	49173895	97.9
"1352472"	"species"	"Platycheirus rosarum"	"GCA_963971415.1"	2170	2170		35		"Contig"	701368293	1620671	1620671	
"1988022"	"species"	"Bryoerythrophyllum caledonicum"	"GCA_963971425.1"	2868	1008	13	42		"Chromosome"	437454196	323187	31736312	83.60000000000001
"488582"	"species"	"Lasius platythorax"	"GCA_963971435.1"	1047	200	15	36.67		"Chromosome"	288673857	570517	20725720	95.9
"352856"	"species"	"Ornithomya chloropus"	"GCA_963971445.1"	124	8	5	33.51		"Chromosome"	193173666	2666834	56870124	96
"352856"	"species"	"Ornithomya chloropus"	"GCA_963971455.1"	167	167		33		"Contig"	98965935	1383117	1383117	
"256056"	"species"	"Lepidochitona cinerea"	"GCA_963971465.1"	220	86	15	37.74		"Chromosome"	705712942	8732403	46319931	78.10000000000001
"1547359"	"species"	"Chrysops caecutiens"	"GCA_963971475.1"	1152	990	4	31.32		"Chromosome"	333688536	2487246	81169324	92.80000000000001
"1547359"	"species"	"Chrysops caecutiens"	"GCA_963971495.1"	1802	1802		32.5		"Contig"	307317354	1592980	1592980	
"256056"	"species"	"Lepidochitona cinerea"	"GCA_963971505.1"	1104	1104		38		"Contig"	682368903	2275299	2275299	
"488582"	"species"	"Lasius platythorax"	"GCA_963971515.1"	3767	3756		37		"Scaffold"	286170405	139071	140728	
"1001278"	"species"	"Cephus spinipes"	"GCA_963971525.1"	451	95	10	42.27		"Chromosome"	238614314	2011847	24817667	96.80000000000001
"472889"	"species"	"Philophylla caesio"	"GCA_963971545.1"	525	80	6	35.14		"Chromosome"	777426834	3970328	124272521	98.60000000000001
"472889"	"species"	"Philophylla caesio"	"GCA_963971555.1"	5308	5308		35		"Contig"	690067236	491453	491453	
"107794"	"species"	"Liopterus haemorrhoidalis"	"GCA_963971565.1"	4897	4896		32.5		"Scaffold"	920546548	400796	401026	
"107794"	"species"	"Liopterus haemorrhoidalis"	"GCA_963971575.1"	852	94	16	32.77		"Chromosome"	1020114878	2239306	65667942	98.4
"131645"	"species"	"Galerucella nymphaeae"	"GCA_963978485.1"	780	780		33.5		"Contig"	282448210	1438123	1438123	
"362093"	"species"	"Athalia circularis"	"GCA_963978495.1"	77	15	6	39.910000000000004		"Chromosome"	201858720	7111698	36497960	95.9
"172425"	"species"	"Listrodromus nycthemerus"	"GCA_963978505.1"	425	11	10	43.300000000000004		"Chromosome"	190774361	1296412	21139540	95.80000000000001
"352855"	"species"	"Ornithomya fringillina"	"GCA_963978515.1"	510	510		32.5		"Contig"	127892960	721382	721382	
"352855"	"species"	"Ornithomya fringillina"	"GCA_963978525.1"	145	14	6	32.79		"Chromosome"	172795544	1968350	27564397	97.2
"94031"	"species"	"Linyphia triangularis"	"GCA_963978535.1"	3497	3491		31.5		"Scaffold"	1152707289	1111200	1112371	
"94031"	"species"	"Linyphia triangularis"	"GCA_963978545.1"	662	373	13	31.560000000000002		"Chromosome"	1349095385	6254512	96455727	96
"131645"	"species"	"Galerucella nymphaeae"	"GCA_963978555.1"	130	32	16	33.36		"Chromosome"	350166153	6699100	20508763	99.10000000000001
"135881"	"species"	"Aleochara curtula"	"GCA_963978815.1"	126	76	11	37.4		"Chromosome"	136965142	8903095	13180965	98.5
"520932"	"species"	"Tenthredo scrophulariae"	"GCA_963978835.1"	245	15	10	38.9		"Chromosome"	233125631	3069073	28768445	95.80000000000001
"39305"	"species"	"Erpobdella octoculata"	"GCA_963978845.1"	2559	2558		34		"Scaffold"	393887557	329100	329100	
"135881"	"species"	"Aleochara curtula"	"GCA_963978855.1"	206	206		37		"Contig"	133394842	2214126	2214126	
"2867254"	"species"	"Nemotelus pantherinus"	"GCA_963978865.1"	8100	8100		37		"Contig"	853748784	729466	729466	
"6319"	"species"	"Trichostrongylus colubriformis"	"GCA_963978875.1"	3548	3546		44		"Scaffold"	309743567	208096	208096	
"2867254"	"species"	"Nemotelus pantherinus"	"GCA_963978885.1"	685	149	6	36.83		"Chromosome"	804691354	7095600	241309138	93.9
"39305"	"species"	"Erpobdella octoculata"	"GCA_963978895.1"	705	101	10	34.24		"Chromosome"	386120679	1135949	39238523	86.7
"6319"	"species"	"Trichostrongylus colubriformis"	"GCA_963978905.1"	404	55	6	44.12		"Chromosome"	330945508	1511274	59633637	84.7
"212591"	"species"	"Hedychridium roseum"	"GCA_963989205.1"	858	858		43.5		"Contig"	88227443	194174	194174	
"212591"	"species"	"Hedychridium roseum"	"GCA_963989215.1"	66	20	19	42.63		"Chromosome"	174728637	5950676	10562532	96.2
"346772"	"species"	"Dromius quadrimaculatus"	"GCA_963989225.1"	617	425	14	33.1		"Chromosome"	778777306	25783000	60826853	99.2
"346772"	"species"	"Dromius quadrimaculatus"	"GCA_963989235.1"	4801	4796		33		"Scaffold"	876919357	2040953	2040953	
"655806"	"species"	"Ametastegia equiseti"	"GCA_963989285.1"	508	508		38.5		"Contig"	289480484	1759482	1759482	
"655806"	"species"	"Ametastegia equiseti"	"GCA_963989295.1"	114	22	15	38.43		"Chromosome"	292170321	5853595	21764476	96
"197941"	"species"	"Clangula hyemalis"	"GCA_963989315.1"	1868	1867		42		"Scaffold"	854027955	1599958	1599958	
"55710"	"species"	"Cerastoderma edule"	"GCA_963989325.1"	4335	4318		36		"Scaffold"	838916550	414643	417808	
"1889570"	"species"	"Trypoxylon attenuatum"	"GCA_963989335.1"	1553	1553		43		"Contig"	209288911	355463	355463	
"197941"	"species"	"Clangula hyemalis"	"GCA_963989345.1"	815	271	41	42.31		"Chromosome"	1206087415	3738964	78069974	97.10000000000001
"2922074"	"species"	"Rhimphoctona megacephalus"	"GCA_963989365.1"	1157	216	11	36.1		"Chromosome"	405998920	695103	31485267	94.9
"55710"	"species"	"Cerastoderma edule"	"GCA_963989375.1"	1666	710	19	35.94		"Chromosome"	856401531	1425749	42907757	79.5
"2494881"	"species"	"Cerceris ruficornis"	"GCA_963989395.1"	1411	1411		39.5		"Contig"	414947210	1417989	1417989	
"1889570"	"species"	"Trypoxylon attenuatum"	"GCA_963989405.1"	476	209	9	43.15		"Chromosome"	217802136	1329307	36403616	95.2
"2494881"	"species"	"Cerceris ruficornis"	"GCA_963989415.1"	685	559	14	38.93		"Chromosome"	566083233	3196449	20574862	96.5
"2922074"	"species"	"Rhimphoctona megacephalus"	"GCA_963989425.1"	3918	3918		36		"Contig"	342894884	133939	133939	
"397350"	"species"	"Barypeithes pellucidus"	"GCA_963991005.1"	177	81	11	33.87		"Chromosome"	743709433	12223848	67615637	99.2
"397350"	"species"	"Barypeithes pellucidus"	"GCA_963992275.1"	1562	1562		34		"Contig"	630708801	976313	976313	
"520905"	"species"	"Tenthredo livida"	"GCA_963992785.1"	144	53	10	38.78		"Chromosome"	348392907	6013175	38226633	95.9
"520905"	"species"	"Tenthredo livida"	"GCA_963992795.1"	1832	1832		39		"Contig"	326960434	485055	485055	
"38527"	"species"	"Abramis brama"	"GCA_963993115.1"	892	207	25	38.63		"Chromosome"	1108201685	3478172	42794514	97.80000000000001
"38527"	"species"	"Abramis brama"	"GCA_963993125.1"	7767	7764		38.5		"Scaffold"	1090103032	465033	465966	
"140968"	"species"	"Hypericum androsaemum"	"GCA_963995505.1"	252	24	20	39.49		"Chromosome"	384544957	2899722	19806264	95.10000000000001
"140968"	"species"	"Hypericum androsaemum"	"GCA_963995535.1"	279	132		39.5		"Scaffold"	358179309	2951407	18350458	
"273764"	"species"	"Cryptus viduatorius"	"GCA_964006125.1"	104	15	10	40.78		"Chromosome"	225366130	3577539	22804738	96.2
"295696"	"species"	"Tillus elongatus"	"GCA_964006135.1"	31359	31356		35		"Scaffold"	1769389177	89543	89546	
"295696"	"species"	"Tillus elongatus"	"GCA_964006375.1"	743	41	10	35.34		"Chromosome"	1719077469	4001000	190090450	98.5
"446425"	"species"	"Brachyptera risi"	"GCA_964006585.1"	6919	6907		36.5		"Scaffold"	546644839	140107	140299	
"273764"	"species"	"Cryptus viduatorius"	"GCA_964007205.1"	305	305		41		"Contig"	224227616	1848688	1848688	
"2876618"	"species"	"Hypomecis atomaria"	"GCA_964007245.1"	230	43	32	37.67		"Chromosome"	690013573	6703302	22772177	98.30000000000001
"2922079"	"species"	"Netelia melanura"	"GCA_964007305.1"	2147	631	7	40.29		"Chromosome"	253866627	237000	39449259	94.9
"2876618"	"species"	"Hypomecis atomaria"	"GCA_964007335.1"	491	305		37.5		"Scaffold"	645418085	5216480	22649141	
"1262239"	"species"	"Hybos culiciformis"	"GCA_964007365.1"	4475	4475		25		"Contig"	333247448	136112	136112	
"65147"	"species"	"Ophion obscuratus"	"GCA_964007375.1"	2894	328	13	38.65		"Chromosome"	742596220	505137	57779928	94.10000000000001
"1262239"	"species"	"Hybos culiciformis"	"GCA_964007475.1"	1723	568	5	25.35		"Chromosome"	342558751	431149	106415713	94.10000000000001
"446425"	"species"	"Brachyptera risi"	"GCA_964007535.1"	3644	690	14	36.45		"Chromosome"	680162462	483172	48056918	97.4
"76029"	"species"	"Fallopia convolvulus"	"GCA_964016875.1"	631	138	20	38.51		"Chromosome"	1241754740	3912347	60473102	96
"102876"	"species"	"Eledone cirrhosa"	"GCA_964016885.1"	6682	1795	27	36.36		"Chromosome"	2995825281	818412	378849418	82.60000000000001
"76029"	"species"	"Fallopia convolvulus"	"GCA_964016895.1"	539	126		38.5		"Scaffold"	1182443773	4065992	58480293	
"2998544"	"species"	"Perithous albicinctus"	"GCA_964016905.1"	444	49	17	37.39		"Chromosome"	383457593	1860279	24661369	96.2
"102876"	"species"	"Eledone cirrhosa"	"GCA_964016925.1"	22484	22479		36.5		"Scaffold"	2824803392	242758	243094	
"2964682"	"species"	"Microplitis deprimator"	"GCA_964016935.1"	3534	3534		31		"Contig"	209516149	114605	114605	
"2964682"	"species"	"Microplitis deprimator"	"GCA_964016945.1"	1427	135	11	30.89		"Chromosome"	233219686	406183	21403585	94.4
"2998544"	"species"	"Perithous albicinctus"	"GCA_964016955.1"	2317	2317		37		"Contig"	297536276	274632	274632	
"274346"	"species"	"Stenichneumon culpator"	"GCA_964017005.1"	728	728		43.5		"Contig"	267970134	1224330	1224330	
"161078"	"species"	"Omphiscola glabra"	"GCA_964017015.1"	17623	17622		39		"Scaffold"	456169825	27930	27930	
"274346"	"species"	"Stenichneumon culpator"	"GCA_964017025.1"	238	101	14	43.300000000000004		"Chromosome"	284623394	4269547	19696322	96.2
"343672"	"species"	"Chloromyia formosa"	"GCA_964017035.1"	11615	11614		41.5		"Scaffold"	879553080	181462	181462	
"161078"	"species"	"Omphiscola glabra"	"GCA_964017045.1"	325	36	18	37.94		"Chromosome"	744783700	3669713	41458688	93.2
"343672"	"species"	"Chloromyia formosa"	"GCA_964017055.1"	377	113	7	41.03		"Chromosome"	790811816	5533357	156030387	95
"71668"	"species"	"Agrocybe praecox"	"GCA_964017115.1"	396	377		45.5		"Scaffold"	50628530	349293	350557	
"71668"	"species"	"Agrocybe praecox"	"GCA_964017145.1"	507	374	13	45.42		"Chromosome"	59234987	522667	3782526	95.30000000000001
"2884248"	"species"	"Netelia thomsonii"	"GCA_964017215.1"	2178	2178		44		"Contig"	336155640	453698	453698	
"2884248"	"species"	"Netelia thomsonii"	"GCA_964017225.1"	822	525	6	44.57		"Chromosome"	403611192	1389800	36331929	95.5
"6344"	"species"	"Arenicola marina"	"GCA_964019125.1"	12751	12734		47.5		"Scaffold"	823646607	114837	115088	
"6344"	"species"	"Arenicola marina"	"GCA_964019135.1"	5597	1442	18	47.980000000000004		"Chromosome"	869392476	360722	44407051	94
"27933"	"species"	"Sycon ciliatum"	"GCA_964019385.1"	2391	618	13	47.35		"Chromosome"	539574681	620096	38951906	68.60000000000001
"27933"	"species"	"Sycon ciliatum"	"GCA_964019395.1"	20478	20410		47		"Scaffold"	870470336	67325	67761	
"34465"	"species"	"Ganoderma resinaceum"	"GCA_964023155.1"	17	13	13	55.53		"Chromosome"	41015703	3018067	3159634	95.80000000000001
"457845"	"species"	"Lutraria lutraria"	"GCA_964023165.1"	3188	3186		34.5		"Scaffold"	720761690	499862	501961	
"934879"	"species"	"Macaria liturata"	"GCA_964023175.2"	7208	7199		36		"Scaffold"	418445167	158362	158730	
"934879"	"species"	"Macaria liturata"	"GCA_964023185.2"	1706	367	27	35.86		"Chromosome"	370318431	518060	12764109	94.10000000000001
"34465"	"species"	"Ganoderma resinaceum"	"GCA_964023195.1"	46	46		55.5		"Contig"	40696137	2198308	2198308	
"457845"	"species"	"Lutraria lutraria"	"GCA_964023205.1"	2201	1143	19	35.85		"Chromosome"	815452058	1075722	38914382	80.30000000000001
"347340"	"species"	"Eledona agricola"	"GCA_964023215.2"	245	145	10	35.43		"Chromosome"	358828599	4218407	22633678	99.5
"347340"	"species"	"Eledona agricola"	"GCA_964023225.2"	8220	8218		35.5		"Scaffold"	677318247	264109	264109	
"7282"	"species"	"Drosophila obscura"	"GCA_964023925.1"	242	58	6	43.96		"Chromosome"	180726816	1841984	36451097	98.4
"1971315"	"species"	"Melinopterus prodromus"	"GCA_964023935.1"	4175	4162		35.5		"Scaffold"	652425407	368429	370065	
"1518028"	"species"	"Ectemnius cavifrons"	"GCA_964023945.1"	576	271	14	43.95		"Chromosome"	225310263	1300186	14987736	95.7
"7282"	"species"	"Drosophila obscura"	"GCA_964023955.2"	597	597		43.5		"Contig"	66218251	461617	461617	
"1971315"	"species"	"Melinopterus prodromus"	"GCA_964023965.1"	1264	710	10	35.730000000000004		"Chromosome"	645613547	1982000	66599450	98.80000000000001
"346691"	"species"	"Altica lythri"	"GCA_964028145.1"	1785	521		31.5		"Scaffold"	1786856003	1915886	18345038	
"346691"	"species"	"Altica lythri"	"GCA_964028335.1"	2023	1578	12	31.490000000000002		"Chromosome"	1003506841	2893756	77927963	97.5
"81636"	"species"	"Micromesistius poutassou"	"GCA_964030755.1"	13768	9852		46		"Scaffold"	984462869	118878	252240	
"81636"	"species"	"Micromesistius poutassou"	"GCA_964030765.1"	6886	3831	25	45.81		"Chromosome"	520620001	238748	19932791	85.7
"559660"	"species"	"Muscina levida"	"GCA_964034835.1"	1471	380	5	35.160000000000004		"Chromosome"	805167402	1877730	153495895	99.10000000000001
"132585"	"species"	"Anser brachyrhynchus"	"GCA_964034845.1"	5114	5114		43.5		"Contig"	1147454305	775240	775240	
"132585"	"species"	"Anser brachyrhynchus"	"GCA_964034855.1"	1851	714	41	43.67		"Chromosome"	1287320976	2049950	79251119	96.80000000000001
"1859540"	"species"	"Eristalis intricaria"	"GCA_964034865.1"	534	326	6	41.89		"Chromosome"	586385591	3879833	91593691	96.60000000000001
"2776046"	"species"	"Itoplectis maculator"	"GCA_964034875.1"	2122	2122		45.5		"Contig"	233827706	277226	277226	
"559660"	"species"	"Muscina levida"	"GCA_964034885.1"	3314	3216		35.5		"Scaffold"	782410243	644290	658720	
"1859540"	"species"	"Eristalis intricaria"	"GCA_964034895.1"	1425	1425		42		"Contig"	565996034	1546113	1546113	
"2776046"	"species"	"Itoplectis maculator"	"GCA_964034905.1"	518	271	20	45.43		"Chromosome"	223131394	1347257	10580486	95.60000000000001
"47428"	"species"	"Armillaria ostoyae"	"GCA_964034915.1"	499	439	11	48.08		"Chromosome"	66148026	1316069	4706541	94.80000000000001
"1779456"	"species"	"Tricholoma hemisulphureum"	"GCA_964034925.1"	86	25	12	47.12		"Chromosome"	128910457	5205231	10683071	93.60000000000001
"47428"	"species"	"Armillaria ostoyae"	"GCA_964034935.1"	561	560		48		"Scaffold"	62435115	333237	333237	
"1822507"	"species"	"Chrysopilus asiliformis"	"GCA_964034945.1"	179	41	5	35.04		"Chromosome"	429048661	6560707	116070134	95.30000000000001
"48711"	"species"	"Orchesella flavescens"	"GCA_964034955.1"	249	13	6	36.06		"Chromosome"	273689038	2415455	51764802	96.2
"1779456"	"species"	"Tricholoma hemisulphureum"	"GCA_964034965.1"	1133	1133		47		"Contig"	132262808	320106	320106	
"48711"	"species"	"Orchesella flavescens"	"GCA_964034975.1"	3869	3868		36		"Scaffold"	240557461	93136	93136	
"1822507"	"species"	"Chrysopilus asiliformis"	"GCA_964035425.1"	1716	1716		35		"Contig"	428222770	726967	726967	
"10212"	"species"	"Bugula neritina"	"GCA_964035465.1"	1245	1245		34.5		"Contig"	186182971	605287	605287	
"172267"	"species"	"Salix caprea"	"GCA_964035475.1"	248	77	19	36.160000000000004		"Chromosome"	389070326	4558916	19611398	97.60000000000001
"172267"	"species"	"Salix caprea"	"GCA_964035485.1"	1277	1275		36.5		"Scaffold"	373453066	1517619	1517619	
"721166"	"species"	"Watsonalla cultraria"	"GCA_964035505.1"	92	36	31	37.28		"Chromosome"	319382117	6829000	11404046	98.7
"721166"	"species"	"Watsonalla cultraria"	"GCA_964035515.1"	4329	4329		37.5		"Contig"	324091416	120598	120598	
"30387"	"species"	"Netta rufina"	"GCA_964035535.1"	3207	3206		42		"Scaffold"	968137862	1084822	1084822	
"10212"	"species"	"Bugula neritina"	"GCA_964035545.1"	430	320	9	34.14		"Chromosome"	215994306	3968814	24795343	84.80000000000001
"30387"	"species"	"Netta rufina"	"GCA_964035555.1"	854	140	42	42.08		"Chromosome"	1166961997	3347974	77261329	96.80000000000001
"41836"	"species"	"Polytrichum formosum"	"GCA_964035585.2"	572	327	7	41.550000000000004		"Chromosome"	487538104	5745311	72514192	83.4
"383678"	"species"	"Fomitopsis pulvina"	"GCA_964035665.1"	331	331		53.5		"Contig"	36999778	230153	230153	
"383678"	"species"	"Fomitopsis pulvina"	"GCA_964035675.1"	94	13	13	53.5		"Chromosome"	37428316	825065	2925245	
"284366"	"species"	"Oxyria digyna"	"GCA_964035995.1"	307	30	7	38.54		"Chromosome"	552120928	4351411	77668887	93.80000000000001
"284366"	"species"	"Oxyria digyna"	"GCA_964036005.1"	897	696		38.5		"Scaffold"	583590125	4172252	76726383	
"468750"	"species"	"Leptarthrus brevirostris"	"GCA_964036015.1"	467	161	6	37.06		"Chromosome"	850813615	5289418	155120804	96.9
"468750"	"species"	"Leptarthrus brevirostris"	"GCA_964036025.1"	437	134		37		"Scaffold"	851459105	4710239	155984377	
"987860"	"species"	"Acronicta alni"	"GCA_964056265.1"	221	131		37		"Scaffold"	472856285	7054084	16161304	
"987860"	"species"	"Acronicta alni"	"GCA_964056405.1"	339	252	31	36.79		"Chromosome"	470370600	6536681	16190090	98.80000000000001
"78191"	"species"	"Arabis hirsuta"	"GCA_964056645.1"	554	257		37		"Scaffold"	576854027	2635385	37102171	
"78191"	"species"	"Arabis hirsuta"	"GCA_964056655.1"	430	22	16	37.26		"Chromosome"	582665844	2628000	37603756	99.30000000000001
"362093"	"species"	"Athalia circularis"	"GCA_964056665.1"	1213	585		39		"Scaffold"	362784177	1793703	14105000	
"3037405"	"species"	"Melieria picta"	"GCA_964056685.1"	566	141		38		"Scaffold"	429483664	1550078	132260928	
"3037405"	"species"	"Melieria picta"	"GCA_964056695.1"	629	142	4	38.04		"Chromosome"	423818532	1577180	134711152	98.60000000000001
"1545368"	"species"	"Troilus luridus"	"GCA_964056705.1"	459	263	6	34		"Chromosome"	842577471	6436184	130503845	
"1545368"	"species"	"Troilus luridus"	"GCA_964056715.1"	807	521	8	33.89		"Chromosome"	1044498619	5466433	126177453	98.80000000000001
"988158"	"species"	"Standfussiana lucernea"	"GCA_964057015.1"	786	240		38		"Scaffold"	491009638	1398991	17167720	
"988158"	"species"	"Standfussiana lucernea"	"GCA_964057025.1"	1213	479	32	38.15		"Chromosome"	553508831	1209454	17102160	98.30000000000001
"988010"	"species"	"Orthosia cruda"	"GCA_964057195.1"	816	196	33	38.5		"Chromosome"	1229938701	3185382	42845720	
"988010"	"species"	"Orthosia cruda"	"GCA_964057205.1"	900	289	33	38.47		"Chromosome"	1254152034	3609102	41738721	98.60000000000001
"2691756"	"species"	"Campiglossa producta"	"GCA_964058745.1"	4679	1218	6	36.02		"Chromosome"	865955795	392000	137559907	96.2
"2691756"	"species"	"Campiglossa producta"	"GCA_964058755.1"	3761	795		36		"Scaffold"	842998023	423568	126999115	
"234466"	"species"	"Carex arenaria"	"GCA_964058765.1"	202	34	27	34.58		"Chromosome"	352283283	3129000	12259953	75.60000000000001
"256650"	"species"	"Tetropium fuscum"	"GCA_964058775.1"	331	16	13	33.59		"Chromosome"	555633467	3916055	43086128	99.4
"240680"	"species"	"Carex divulsa"	"GCA_964058785.1"	240	35	27	34.35		"Chromosome"	388301220	2899343	13437251	75.5
"316510"	"species"	"Schoenoplectus triqueter"	"GCA_964058795.1"	362	89	21	36.17		"Chromosome"	580257001	3478779	27800309	75.60000000000001
"316510"	"species"	"Schoenoplectus triqueter"	"GCA_964058805.1"	2174	2174		35.5		"Contig"	84621132	34653	34653	
"241234"	"species"	"Carex sylvatica"	"GCA_964058815.1"	251	50	29	33.83		"Chromosome"	363239751	2566127	13811235	75.2
"234466"	"species"	"Carex arenaria"	"GCA_964058825.1"	1735	1734		34.5		"Scaffold"	313565395	488588	488588	
"241230"	"species"	"Carex rostrata"	"GCA_964058835.2"	119	73	35	34.36		"Chromosome"	380999594	6594078	12529801	76.2
"241234"	"species"	"Carex sylvatica"	"GCA_964058845.1"	951	951		34		"Contig"	64072641	143635	143635	
"312760"	"species"	"Carex pendula"	"GCA_964058855.1"	93	93		38.5		"Contig"	2653880	26299	26299	
"46325"	"species"	"Eleocharis quinqueflora"	"GCA_964058865.1"	5259	5259		35		"Contig"	371494470	141721	141721	
"241230"	"species"	"Carex rostrata"	"GCA_964058875.1"	569	569		34.5		"Contig"	378280700	1729806	1729806	
"312760"	"species"	"Carex pendula"	"GCA_964058885.1"	63	33	31	33.9		"Chromosome"	362260125	9853000	12567026	75.60000000000001
"240680"	"species"	"Carex divulsa"	"GCA_964058895.1"	56	56		40		"Contig"	1730602	27826	27826	
"46325"	"species"	"Eleocharis quinqueflora"	"GCA_964058905.1"	697	101	67	34.85		"Chromosome"	497056880	1205812	7447985	75.3
"256650"	"species"	"Tetropium fuscum"	"GCA_964058915.1"	18651	18651		33		"Contig"	704795631	48991	48991	
"406638"	"species"	"Ectobius pallidus"	"GCA_964059185.1"	1268	478	11	35.38		"Chromosome"	2087550345	4566910	194849782	99.60000000000001
"406638"	"species"	"Ectobius pallidus"	"GCA_964059195.1"	1053	414		35.5		"Scaffold"	2124672973	4647957	179404569	
"195145"	"species"	"Veronica verna"	"GCA_964059225.1"	319	155	8	38.660000000000004		"Chromosome"	463883710	4818980	56820964	95.7
"195145"	"species"	"Veronica verna"	"GCA_964059245.1"	423	423		40		"Contig"	9123382	22438	22438	
"41653"	"species"	"Tragopogon pratensis"	"GCA_964059265.1"	987	398		37		"Scaffold"	2042831631	5400675	703469785	
"31919"	"species"	"Numenius arquata"	"GCA_964059295.1"	1504	811		43.5		"Scaffold"	1198356613	2824112	63779631	
"172265"	"species"	"Ulmus glabra"	"GCA_964059305.1"	1254	319		35.5		"Scaffold"	1860203247	2907458	120386338	
"97307"	"species"	"Prunus padus"	"GCA_964059315.1"	506	299	16	38.08		"Chromosome"	454487192	3503698	27204657	99.10000000000001
"97307"	"species"	"Prunus padus"	"GCA_964059325.1"	358	143		38		"Scaffold"	449669538	3100215	27799582	
"57485"	"species"	"Rhizosphaera kalkhoffii"	"GCA_964059335.1"	59	54		50.5		"Scaffold"	25656601	1693284	1766275	
"40816"	"species"	"Grus grus"	"GCA_964059345.1"	885	326		43.5		"Scaffold"	1291076428	3591816	84073833	
"753308"	"species"	"Diurnea fagella"	"GCA_964059355.1"	96	23	15	38.44		"Chromosome"	662696560	11042170	41524682	98.80000000000001
"1101143"	"species"	"Phycita roborella"	"GCA_964059365.1"	379	51	33	36.45		"Chromosome"	710474598	3621216	24323256	98.4
"2163653"	"species"	"Gelis areator"	"GCA_964059375.1"	479	139	12	39.08		"Chromosome"	228146745	1260444	19395723	95.80000000000001
"2163653"	"species"	"Gelis areator"	"GCA_964059385.1"	379	117		39		"Scaffold"	229563896	1351395	19112766	
"1101143"	"species"	"Phycita roborella"	"GCA_964059395.1"	875	541		36.5		"Scaffold"	703150317	3746338	24456391	
"1980407"	"species"	"Macomangulus tenuis"	"GCA_964059405.1"	657	404	19	37.5		"Chromosome"	1912188862	11832636	98597062	
"1980407"	"species"	"Macomangulus tenuis"	"GCA_964059415.1"	525	255	19	37.36		"Chromosome"	1906560001	10971308	100244879	80.60000000000001
"1100907"	"species"	"Agriphila inquinatella"	"GCA_964059425.1"	319	36	20	36.65		"Chromosome"	794588780	5695902	52942082	98.5
"1100907"	"species"	"Agriphila inquinatella"	"GCA_964059435.1"	1694	855		36.5		"Scaffold"	783200409	1537526	40599378	
"753308"	"species"	"Diurnea fagella"	"GCA_964059445.1"	2431	1480		38.5		"Scaffold"	690124808	976496	35946844	
"721158"	"species"	"Sabra harpagula"	"GCA_964059455.1"	1657	817		38		"Scaffold"	284040711	462969	7615598	
"721158"	"species"	"Sabra harpagula"	"GCA_964059465.1"	115	34	31	38.13		"Chromosome"	377239391	5447578	13211089	98.7
"753150"	"species"	"Alucita hexadactyla"	"GCA_964059475.1"	157	58	30	38.22		"Chromosome"	878530053	11547540	31031745	98.10000000000001
"1907000"	"species"	"Gibbaranea gibbosa"	"GCA_964059485.1"	435	227	13	31.82		"Chromosome"	2816880905	50821000	226107600	98.30000000000001
"753150"	"species"	"Alucita hexadactyla"	"GCA_964059515.1"	1789	1042		38.5		"Scaffold"	871847116	1898425	29766225	
"1907000"	"species"	"Gibbaranea gibbosa"	"GCA_964059525.1"	11119	7656		32		"Scaffold"	2863513795	1752784	196305752	
"41653"	"species"	"Tragopogon pratensis"	"GCA_964059535.1"	1226	499	6	37		"Chromosome"	2070495301	5368523	383411168	97.4
"74524"	"species"	"Trifolium occidentale"	"GCA_964059555.1"	423	68	8	33.96		"Chromosome"	577810552	3009643	73078136	98.9
"53160"	"species"	"Lamium amplexicaule"	"GCA_964059565.1"	414	261	9	35.36		"Chromosome"	521588801	5129000	53956053	97.2
"419956"	"species"	"Calvia quattuordecimguttata"	"GCA_964059575.1"	3068	2129		36		"Scaffold"	1731694051	3599899	40346767	
"1280429"	"species"	"Bryotropha terrella"	"GCA_964059585.1"	2278	1786		37.5		"Scaffold"	756715824	2312469	23189717	
"107022"	"species"	"Bucephala clangula"	"GCA_964059595.1"	991	537	40	42		"Chromosome"	1190922165	4272793	66356865	
"107022"	"species"	"Bucephala clangula"	"GCA_964059605.1"	4146	4146		42		"Contig"	965992559	1493867	1493867	
"74524"	"species"	"Trifolium occidentale"	"GCA_964059615.1"	531	242		34		"Scaffold"	621992097	2926951	67506180	
"239452"	"species"	"Jasione montana"	"GCA_964059625.1"	701	448	6	36.54		"Chromosome"	1282032516	9322708	211226737	97
"1280429"	"species"	"Bryotropha terrella"	"GCA_964059635.1"	151	53	31	37.32		"Chromosome"	756351918	10892363	24165216	97.80000000000001
"419956"	"species"	"Calvia quattuordecimguttata"	"GCA_964059645.1"	170	58	10	36.230000000000004		"Chromosome"	844399382	13501844	92850860	97.80000000000001
"53160"	"species"	"Lamium amplexicaule"	"GCA_964059915.1"	249	116		35		"Scaffold"	499720593	5500229	53638997	
"97043"	"species"	"Trifolium striatum"	"GCA_964059935.1"	285	30	7	33.43		"Chromosome"	372172512	2686173	48478819	98.9
"109479"	"species"	"Myotis mystacinus"	"GCA_964094495.3"	507	240	23	43		"Chromosome"	2081615551	28343623	100246715	
"38865"	"species"	"Quercus petraea"	"GCA_964102825.1"	777	158	12	35.93		"Chromosome"	823572903	2919378	69921773	98.60000000000001
"38865"	"species"	"Quercus petraea"	"GCA_964103055.1"	726	240		35.5		"Scaffold"	815088531	2622680	71724638	
"113636"	"species"	"Populus tremula"	"GCA_964106015.1"	275	162	19	35.47		"Chromosome"	408644056	6609440	20998327	98.4
"113636"	"species"	"Populus tremula"	"GCA_964106075.1"	224	160		35.5		"Scaffold"	415454593	6781908	21331606	
"452646"	"species"	"Neogale vison"	"GCA_964106205.1"	3200	351	15	42.5		"Chromosome"	2662777898	1455681	217713070	
"452646"	"species"	"Neogale vison"	"GCA_964106545.1"	3391	434	15	42.39		"Chromosome"	2697130894	1439238	221119109	94.9
"97043"	"species"	"Trifolium striatum"	"GCA_964106565.1"	402	151		33.5		"Scaffold"	379662616	2291999	47906532	
"673928"	"species"	"Hypericum hirsutum"	"GCA_964106595.1"	273	121		38		"Scaffold"	342848173	2885923	68035595	
"57485"	"species"	"Rhizosphaera kalkhoffii"	"GCA_964106605.1"	38	14	14	50.45		"Chromosome"	24808958	1640363	1841781	95.30000000000001
"106677"	"species"	"Frangula alnus"	"GCA_964106655.1"	135	18	10	35.5		"Chromosome"	281245521	7035169	25059742	
"673928"	"species"	"Hypericum hirsutum"	"GCA_964106675.1"	296	116	9	38.43		"Chromosome"	338108656	3008396	37814175	93.60000000000001
"29788"	"species"	"Galium aparine"	"GCA_964106685.1"	146	115		38		"Scaffold"	853304968	20900471	27159287	
"626748"	"species"	"Hypericum pulchrum"	"GCA_964106755.1"	538	317	9	38.71		"Chromosome"	373143241	3499187	38876907	94.2
"169227"	"species"	"Moehringia trinervia"	"GCA_964106765.1"	454	252	12	36.44		"Chromosome"	1244268398	10545392	103006838	96
"626748"	"species"	"Hypericum pulchrum"	"GCA_964106795.1"	387	215		38.5		"Scaffold"	367878709	3459738	38253528	
"1920014"	"species"	"Mysia undata"	"GCA_964106805.1"	1563	311	19	37.550000000000004		"Chromosome"	1613701415	1923934	85061451	79.7
"9627"	"species"	"Vulpes vulpes"	"GCA_964106825.2"	2305	460	17	41.34		"Chromosome"	2411710590	2040520	139235879	95
"29788"	"species"	"Galium aparine"	"GCA_964106835.1"	188	149	32	37.94		"Chromosome"	857556159	21629994	26842566	96.2
"169227"	"species"	"Moehringia trinervia"	"GCA_964106845.1"	407	212		36.5		"Scaffold"	1242419094	10356940	104089438	
"40816"	"species"	"Grus grus"	"GCA_964106855.1"	1346	753	40	44.25		"Chromosome"	1352263658	3365458	83713171	97.5
"1920014"	"species"	"Mysia undata"	"GCA_964106865.1"	1421	127		37.5		"Scaffold"	1617548918	1874835	86720194	
"197009"	"species"	"Platystomos albinus"	"GCA_964106875.1"	261	11	11	36.38		"Chromosome"	555311420	4331580	69355648	98.80000000000001
"31919"	"species"	"Numenius arquata"	"GCA_964106895.1"	2603	1818	41	43.980000000000004		"Chromosome"	1348859203	2605715	63363742	97.30000000000001
"172265"	"species"	"Ulmus glabra"	"GCA_964106905.1"	1276	305	14	35.88		"Chromosome"	1788200723	2995083	123199894	97.5
"9627"	"species"	"Vulpes vulpes"	"GCA_964106925.2"	2169	350	17	41.5		"Chromosome"	2398532178	2052204	139452099	
"82091"	"species"	"Hydrocotyle vulgaris"	"GCA_964106935.1"	592	331	48	33.71		"Chromosome"	870397211	5330539	17802367	98.60000000000001
"239452"	"species"	"Jasione montana"	"GCA_964106945.1"	485	292		36.5		"Scaffold"	1294555905	9849994	393422835	
"197009"	"species"	"Platystomos albinus"	"GCA_964106955.1"	302	123		36.5		"Scaffold"	554552616	4813988	68519913	
"106677"	"species"	"Frangula alnus"	"GCA_964106965.1"	148	21	10	35.47		"Chromosome"	279056038	7335378	24617535	98.2
"82091"	"species"	"Hydrocotyle vulgaris"	"GCA_964107055.1"	521	256		33.5		"Scaffold"	862856931	5496645	17760431	
"9433"	"species"	"Miniopterus schreibersii"	"GCA_964145185.2"	254	168		42.63		"Scaffold"	1699631453	31768015	87054363	96.7
"13385"	"species"	"Calluna vulgaris"	"GCA_964145215.1"	433	152	8	41		"Chromosome"	520423034	2555587	65464334	
"13385"	"species"	"Calluna vulgaris"	"GCA_964145725.1"	605	344	8	41.300000000000004		"Chromosome"	521826740	2806661	64340872	96
"9433"	"species"	"Miniopterus schreibersii"	"GCA_964146895.2"	325	185	24	42.52		"Chromosome"	1850573702	28014000	87795433	99.30000000000001
"57918"	"species"	"Fragaria vesca"	"GCA_964146915.1"	108	59	7	39		"Chromosome"	219169897	7181683	34099791	
"28835"	"species"	"Cepaea nemoralis"	"GCA_964147875.1"	12463	4669	22	41.26		"Chromosome"	3246617753	625181	116559590	88.9
"57918"	"species"	"Fragaria vesca"	"GCA_964165485.1"	76	23	7	38.67		"Chromosome"	219727621	6989948	33798323	98.2
"28835"	"species"	"Cepaea nemoralis"	"GCA_964166675.2"	10605	2975	22	41		"Chromosome"	3270717112	651301	119686223	
"30192"	"species"	"Bombus lapidarius"	"GCA_964186655.1"	410	289	18	37.47		"Chromosome"	368463147	2964708	16231933	97.2
"30192"	"species"	"Bombus lapidarius"	"GCA_964186665.1"	1659	1659		38		"Contig"	344570775	1051285	1051285	
"214965"	"species"	"Dendrogyra cylindrus"	"GCA_964187805.1"	7933	7933		39.5		"Contig"	671447591	545789	545789	
"214965"	"species"	"Dendrogyra cylindrus"	"GCA_964187815.1"	488	362	15	39.42		"Chromosome"	560006297	9063966	40517759	96.10000000000001
"7769"	"species"	"Myxine glutinosa"	"GCA_964187825.1"	24878	24876		44.5		"Scaffold"	2754027477	187206	187206	
"7769"	"species"	"Myxine glutinosa"	"GCA_964187855.1"	8415	4003	14	44.33		"Chromosome"	3057504053	739991	192170830	57
"6535"	"species"	"Cornu aspersum"	"GCA_964187865.1"	25581	21949		41		"Scaffold"	2332749150	234360	726887	
"6535"	"species"	"Cornu aspersum"	"GCA_964187895.1"	4447	603	27	40.9		"Chromosome"	2908448789	1303995	110296109	89.4
"934903"	"species"	"Xanthorhoe montanata"	"GCA_964187945.1"	302	106	31	36.81		"Chromosome"	381093872	7164157	12870628	98.60000000000001
"989733"	"species"	"Agapeta zoegana"	"GCA_964187955.1"	330	68		38		"Scaffold"	577740170	3607070	48099919	
"7740"	"species"	"Branchiostoma lanceolatum"	"GCA_964187965.1"	332	121	19	41.59		"Chromosome"	468402880	3232360	24105225	97.9
"702235"	"species"	"Filago lutescens"	"GCA_964187975.1"	239	53		33.5		"Scaffold"	646216717	5689079	43618463	
"190335"	"species"	"Abraxas sylvata"	"GCA_964187985.1"	260	59	30	36.84		"Chromosome"	475200814	5655000	16612082	98.2
"230827"	"species"	"Ripartites tricholoma"	"GCA_964187995.1"	194	60	11	46.6		"Chromosome"	59827961	605554	5378089	95.2
"195143"	"species"	"Veronica triphyllos"	"GCA_964188005.1"	381	381		41.5		"Contig"	10108290	24877	24877	
"195143"	"species"	"Veronica triphyllos"	"GCA_964188015.1"	335	172	7	37.61		"Chromosome"	506445966	4583274	73444829	96
"934818"	"species"	"Perizoma blandiatum"	"GCA_964188025.1"	550	268		38		"Scaffold"	417644884	2491222	14526875	
"326957"	"species"	"Thera firmata"	"GCA_964188035.1"	398	114		38		"Scaffold"	300342383	1966682	16301815	
"988039"	"species"	"Spilosoma urticae"	"GCA_964188045.1"	235	128	30	35.71		"Chromosome"	567063690	7521215	19625217	98.7
"7740"	"species"	"Branchiostoma lanceolatum"	"GCA_964188055.1"	288	100		41.5		"Scaffold"	465808481	3631927	23574829	
"185876"	"species"	"Anisosticta novemdecimpunctata"	"GCA_964188085.1"	1277	1276		36		"Scaffold"	425451196	4253225	4253225	
"185876"	"species"	"Anisosticta novemdecimpunctata"	"GCA_964188095.1"	127	54	11	35.63		"Chromosome"	438673765	16069806	38308147	97.60000000000001
"230827"	"species"	"Ripartites tricholoma"	"GCA_964188105.1"	405	405		46.5		"Contig"	52697456	258169	258169	
"20403"	"species"	"Astragalus alpinus"	"GCA_964188115.1"	898	117	8	38.02		"Chromosome"	749425639	1614554	93827337	96.80000000000001
"3501"	"species"	"Urtica dioica"	"GCA_964188125.1"	785	778		40		"Scaffold"	474737913	5106531	5106531	
"3501"	"species"	"Urtica dioica"	"GCA_964188135.1"	3688	3280	13	41.35		"Chromosome"	618025273	2081532	37327017	91.9
"988039"	"species"	"Spilosoma urticae"	"GCA_964188145.1"	205	94		35.5		"Scaffold"	564956504	6869202	19826953	
"326957"	"species"	"Thera firmata"	"GCA_964188155.1"	486	172	19	38.01		"Chromosome"	301469345	1739776	16263279	97.9
"1594445"	"species"	"Aspilapteryx tringipennella"	"GCA_964188165.1"	467	143	30	37.46		"Chromosome"	261710030	1434113	9501776	96.2
"934903"	"species"	"Xanthorhoe montanata"	"GCA_964188185.1"	141	92		36.5		"Scaffold"	323532574	6605354	12444147	
"702235"	"species"	"Filago lutescens"	"GCA_964188195.1"	344	146	14	33.56		"Chromosome"	648445603	5242467	43620274	98.4
"190335"	"species"	"Abraxas sylvata"	"GCA_964188205.1"	174	75		37		"Scaffold"	428863778	6791315	16037942	
"64940"	"species"	"Fragaria moschata"	"GCA_964188215.1"	129	59	7	38.96		"Chromosome"	223967537	5862020	29624753	98.30000000000001
"1100998"	"species"	"Glyphipterix thrasonella"	"GCA_964188235.1"	216	73		37.5		"Scaffold"	737492039	7951894	26923061	
"20403"	"species"	"Astragalus alpinus"	"GCA_964188245.1"	950	207	8	38.11		"Chromosome"	766579426	1776683	95356091	96.80000000000001
"934818"	"species"	"Perizoma blandiatum"	"GCA_964188255.1"	736	421	30	38.15		"Chromosome"	421435018	2364298	14651724	98.30000000000001
"989733"	"species"	"Agapeta zoegana"	"GCA_964188265.1"	374	99	13	38.25		"Chromosome"	578357251	3441016	47315000	98.5
"1100998"	"species"	"Glyphipterix thrasonella"	"GCA_964188275.1"	293	130	31	37.550000000000004		"Chromosome"	741248399	6497035	26905062	97.7
"64940"	"species"	"Fragaria moschata"	"GCA_964188285.1"	134	43		39		"Scaffold"	223522808	4473096	32952714	
"64176"	"species"	"Podarcis muralis"	"GCA_964188315.1"	1011	184	20	44.230000000000004		"Chromosome"	1522624192	3229453	91987695	95.10000000000001
"8839"	"species"	"Anas platyrhynchos"	"GCA_964188335.1"	972	487		42.5		"Scaffold"	1136573142	3674340	79761371	
"8839"	"species"	"Anas platyrhynchos"	"GCA_964188345.1"	1506	935	41	42.87		"Chromosome"	1300232380	3518761	69288905	97.10000000000001
"30397"	"species"	"Buteo buteo"	"GCA_964188355.1"	1014	543	34	43.160000000000004		"Chromosome"	1303682556	4249591	46961128	97.30000000000001
"64176"	"species"	"Podarcis muralis"	"GCA_964188365.1"	825	91		44.160000000000004		"Scaffold"	1433931530	3330575	92433681	92.2
"30397"	"species"	"Buteo buteo"	"GCA_964188375.1"	929	458		43.5		"Scaffold"	1330554072	4094128	44778580	
"689108"	"species"	"Thera juniperata"	"GCA_964194115.1"	170	46	30	38.02		"Chromosome"	357521540	3718748	12826322	98.10000000000001
"9375"	"species"	"Talpa europaea"	"GCA_964194135.1"	1519	463	17	42.07		"Chromosome"	2060984045	3421604	136888642	95.4
"57982"	"species"	"Cetorhinus maximus"	"GCA_964194155.1"	7865	5087	39	44.5		"Chromosome"	3993849873	1961965	126028485	
"57982"	"species"	"Cetorhinus maximus"	"GCA_964194165.1"	6569	3829		44.5		"Scaffold"	3817333378	2087228	127927789	
"77218"	"species"	"Rhinolophus hipposideros"	"GCA_964194185.1"	2349	722	29	40.82		"Chromosome"	2171311786	2014157	88364482	95.9
"9375"	"species"	"Talpa europaea"	"GCA_964194205.1"	1396	356		42		"Scaffold"	2056471431	3507589	136515677	
"77218"	"species"	"Rhinolophus hipposideros"	"GCA_964194215.2"	1036	980	29	41		"Chromosome"	2240898699	44946000	89071765	
"31155"	"species"	"Vipera berus"	"GCA_964194405.1"	1256	348		41		"Scaffold"	1476666783	4761684	216582812	
"31155"	"species"	"Vipera berus"	"GCA_964194415.1"	1535	478	19	41.11		"Chromosome"	1694999861	4688414	218396773	93.10000000000001
"292387"	"species"	"Nemopoda nitidula"	"GCA_964194425.1"	198	29	6	38.38		"Chromosome"	178447113	1669000	29829044	98
"214030"	"species"	"Anaplectoides prasina"	"GCA_964194435.1"	172	138	31	37.83		"Chromosome"	513691458	15472000	17239861	98.80000000000001
"1594445"	"species"	"Aspilapteryx tringipennella"	"GCA_964194445.1"	5286	3936		37.5		"Scaffold"	328580677	200503	7689031	
"292387"	"species"	"Nemopoda nitidula"	"GCA_964194455.1"	1644	1230		38		"Scaffold"	208334657	550105	27688354	
"1323832"	"species"	"Calonectris borealis"	"GCA_964195595.2"	879	354	41	43.300000000000004		"Chromosome"	1366185058	4142416	86023716	97.30000000000001
"109479"	"species"	"Myotis mystacinus"	"GCA_964195625.1"	1741	327	21	43		"Chromosome"	1943289057	2254345	98765083	
"1323832"	"species"	"Calonectris borealis"	"GCA_964196065.2"	759	281	39	43.5		"Chromosome"	1211470109	4109000	86671854	
"3908"	"species"	"Vicia sativa"	"GCA_964197575.1"	301	255	6	36.21		"Chromosome"	1748915206	55950344	346554540	98.2
"3908"	"species"	"Vicia sativa"	"GCA_964197585.1"	179	143		36		"Scaffold"	1751131175	72199141	347189331	
"102642"	"species"	"Abax parallelepipedus"	"GCA_964197635.1"	8558	8551		33.5		"Scaffold"	511223944	99981	100215	
"102642"	"species"	"Abax parallelepipedus"	"GCA_964197645.1"	868	315	18	33.4		"Chromosome"	596994654	3250000	35806512	98.9
"85663"	"species"	"Bombus jonellus"	"GCA_964197655.1"	783	783		36		"Contig"	341283758	1581912	1581912	
"85663"	"species"	"Bombus jonellus"	"GCA_964197665.1"	368	250	18	36.03		"Chromosome"	357895888	2756576	14150879	97.60000000000001
"1045619"	"species"	"Pimpla contemplator"	"GCA_964197675.1"	489	267	18	45.37		"Chromosome"	270253431	1861481	15691722	95.80000000000001
"176009"	"species"	"Tricholoma cingulatum"	"GCA_964197685.1"	231	103	14	48.45		"Chromosome"	47866656	505339	3145815	93.60000000000001
"176009"	"species"	"Tricholoma cingulatum"	"GCA_964197695.1"	369	365		48.5		"Scaffold"	45356807	307478	307478	
"234461"	"species"	"Carex depauperata"	"GCA_964197715.1"	353	70	22	35.6		"Chromosome"	702595164	3879681	32579503	75.60000000000001
"234461"	"species"	"Carex depauperata"	"GCA_964197725.1"	314	314		36		"Contig"	13510833	41118	41118	
"403040"	"species"	"Triglochin palustris"	"GCA_964197735.1"	1314	760		38.5		"Scaffold"	405557890	1826473	33244874	
"403040"	"species"	"Triglochin palustris"	"GCA_964197745.1"	301	65	12	38.47		"Chromosome"	437486790	4409272	38339048	86
"685373"	"species"	"Macaria brunneata"	"GCA_964197755.1"	423	114		36.5		"Scaffold"	364469264	1991565	12767717	
"111401"	"species"	"Chrysolina graminis"	"GCA_964197765.1"	1150	350		36		"Scaffold"	1455424460	3004824	129356550	
"685373"	"species"	"Macaria brunneata"	"GCA_964197775.1"	443	156	31	36.68		"Chromosome"	363291535	1930802	12675615	98.30000000000001
"111401"	"species"	"Chrysolina graminis"	"GCA_964197785.1"	1498	650	12	36.27		"Chromosome"	1467195049	2842487	131681018	99
"281872"	"species"	"Acaena ovalifolia"	"GCA_964197805.1"	344	73	21	38.7		"Chromosome"	687115516	3865283	32598947	99.2
"203760"	"species"	"Pentaglottis sempervirens"	"GCA_964197815.1"	330	236		36		"Scaffold"	955528988	14352502	75667231	
"281872"	"species"	"Acaena ovalifolia"	"GCA_964197845.1"	451	156	21	39		"Chromosome"	687192732	3658805	32614310	
"203760"	"species"	"Pentaglottis sempervirens"	"GCA_964197855.1"	427	341	10	36.51		"Chromosome"	850059384	15004067	76165603	92.7
"1594309"	"species"	"Hedya pruniana"	"GCA_964197955.1"	159	85	28	38.14		"Chromosome"	521052055	7873000	19170578	98.2
"164258"	"species"	"Veronica serpyllifolia"	"GCA_964197965.1"	204	30	7	36.47		"Chromosome"	368141821	6490913	58544098	96
"1594309"	"species"	"Hedya pruniana"	"GCA_964197975.1"	2782	2781		38		"Scaffold"	545095368	494459	494459	
"164258"	"species"	"Veronica serpyllifolia"	"GCA_964197985.1"	129	54		36		"Scaffold"	347490694	6239185	51255371	
"58319"	"species"	"Scardinius erythrophthalmus"	"GCA_964197995.1"	1590	754	25	39.03		"Chromosome"	1229649543	2291051	44954600	97.7
"58319"	"species"	"Scardinius erythrophthalmus"	"GCA_964198005.1"	1359	449		39		"Scaffold"	1189974144	2185350	44611761	
"197176"	"species"	"Sympetrum sanguineum"	"GCA_964198025.1"	2015	1387	13	35.160000000000004		"Chromosome"	1500531068	2520621	95997588	96
"197176"	"species"	"Sympetrum sanguineum"	"GCA_964198035.1"	1242	672	12	35		"Chromosome"	1304051207	2618371	96021296	
"7748"	"species"	"Lampetra fluviatilis"	"GCA_964198585.1"	5726	5717		49		"Scaffold"	939632249	460300	460300	
"7748"	"species"	"Lampetra fluviatilis"	"GCA_964198595.1"	3291	1496	82	49.25		"Chromosome"	1042458987	1289502	13159252	62.6
"3163303"	"species"	"Russula aff. farinipes"	"GCA_964199335.1"	32	11	11	51.85		"Chromosome"	38985979	2549700	3734652	93.30000000000001
"3163303"	"species"	"Russula aff. farinipes"	"GCA_964199345.1"	375	375		49		"Contig"	7009317	19591	19591	
"119627"	"species"	"Larus michahellis"	"GCA_964199725.2"	1029	499	34	44		"Chromosome"	1224408023	3730653	98331555	
"119627"	"species"	"Larus michahellis"	"GCA_964199755.1"	1117	617	35	44.65		"Chromosome"	1405564706	4216312	87713602	97.4
"119627"	"species"	"Larus michahellis"	"GCA_964199755.2"	1573	919	36	45		"Chromosome"	1466224372	3360787	86639822	
"934877"	"species"	"Lomographa temerata"	"GCA_964199915.1"	193	67	32	36.07		"Chromosome"	682884362	8235691	22720523	98.7
"4123"	"species"	"Convolvulus arvensis"	"GCA_964199925.1"	1171	924		36		"Scaffold"	1289621842	7904404	54107067	
"934877"	"species"	"Lomographa temerata"	"GCA_964199935.1"	177	71		36		"Scaffold"	684222198	7883694	22752310	
"4123"	"species"	"Convolvulus arvensis"	"GCA_964199945.1"	1671	1341	24	36.26		"Chromosome"	1327610284	8536703	52215319	92.7
"57917"	"species"	"Filipendula ulmaria"	"GCA_964200655.1"	131	34	7	39.13		"Chromosome"	274991720	6900330	44838700	96.9
"76502"	"species"	"Schoenoplectus lacustris"	"GCA_964200675.1"	318	42	20	33.24		"Chromosome"	480864828	2291339	23938866	76
"76502"	"species"	"Schoenoplectus lacustris"	"GCA_964200685.1"	1382	1379		33.5		"Scaffold"	484984831	763241	764456	
"38846"	"species"	"Euphorbia peplus"	"GCA_964200815.1"	19	14	8	35.52		"Chromosome"	277122259	27114682	33771862	97.60000000000001
"212759"	"species"	"Adonis annua"	"GCA_964200825.2"	10720	7365	16	38.82		"Chromosome"	14092464277	6106646	817723161	99.4
"38846"	"species"	"Euphorbia peplus"	"GCA_964200835.1"	21	21		41.5		"Contig"	6464237	5508906	5508906	
"8323"	"species"	"Triturus cristatus"	"GCA_964204655.1"	6001	1303	17	45.53		"Chromosome"	22324616549	8497210	1248769876	92.7
"8323"	"species"	"Triturus cristatus"	"GCA_964204665.1"	179794	179456		45.5		"Scaffold"	11940595809	72982	73009	
"934834"	"species"	"Epione repandaria"	"GCA_964204675.1"	171	86	29	35.34		"Chromosome"	848246538	13520806	29722874	98.7
"1655869"	"species"	"Arthaldeus pascuellus"	"GCA_964204695.1"	506	72	9	36.03		"Chromosome"	1275436852	5406509	192120997	97.2
"346699"	"species"	"Anaspis regimbarti"	"GCA_964204705.1"	1605	650		38.5		"Scaffold"	467926291	765541	56224633	
"346699"	"species"	"Anaspis regimbarti"	"GCA_964204715.1"	124	20	8	38.49		"Chromosome"	457613942	6911245	64257360	98.4
"934834"	"species"	"Epione repandaria"	"GCA_964204735.1"	2803	2319		35.5		"Scaffold"	836885335	2678281	29349843	
"256828"	"species"	"Bruchidius varius"	"GCA_964204745.1"	775	146	10	37.04		"Chromosome"	1210033933	3151950	128549679	98.4
"377571"	"species"	"Sciapus platypterus"	"GCA_964204755.1"	1026	308	6	28.39		"Chromosome"	1000090144	2881579	190239623	93
"127999"	"species"	"Tanacetum parthenium"	"GCA_964204775.1"	1438	456	9	34.94		"Chromosome"	2124182004	3296756	246493322	97.60000000000001
"1655869"	"species"	"Arthaldeus pascuellus"	"GCA_964204785.1"	4340	2146		36		"Scaffold"	1344982391	1086510	122972321	
"127999"	"species"	"Tanacetum parthenium"	"GCA_964204795.1"	1348	351		35		"Scaffold"	2116488610	3245031	246356531	
"2998547"	"species"	"Scellus notatus"	"GCA_964204855.1"	163	83	5	26.04		"Chromosome"	446826208	10240475	121741210	92.5
"7725"	"species"	"Styela clava"	"GCA_964204865.2"	414	380	15	36		"Chromosome"	376784849	17108000	24297679	
"377571"	"species"	"Sciapus platypterus"	"GCA_964204875.1"	13169	9584		28.5		"Scaffold"	1071221045	252516	165116072	
"1869911"	"species"	"Eupithecia phoeniceata"	"GCA_964204885.1"	92	41	31	37.21		"Chromosome"	406443191	9850443	14620822	97.9
"1869911"	"species"	"Eupithecia phoeniceata"	"GCA_964204895.1"	103	48		37		"Scaffold"	404766818	7903370	14357744	
"585813"	"species"	"Iris foetidissima"	"GCA_964204905.1"	3221	1368	20	40.74		"Chromosome"	6994326806	6530302	330135341	94.2
"2998547"	"species"	"Scellus notatus"	"GCA_964204915.1"	1926	1531		26		"Scaffold"	463918780	1773918	115171567	
"987030"	"species"	"Pterapherapteryx sexalata"	"GCA_964204925.1"	1104	575		37		"Scaffold"	306724435	844319	9260057	
"585813"	"species"	"Iris foetidissima"	"GCA_964204935.1"	3982	1650		40.5		"Scaffold"	6884123664	5051614	316385812	
"987030"	"species"	"Pterapherapteryx sexalata"	"GCA_964204945.1"	888	272	32	36.800000000000004		"Chromosome"	289117120	910992	10112218	96
"7725"	"species"	"Styela clava"	"GCA_964204955.2"	269	243		36.5		"Scaffold"	381580332	18712975	24302354	
"256828"	"species"	"Bruchidius varius"	"GCA_964204965.1"	840	286		37		"Scaffold"	1143235552	3251757	128828166	
"36150"	"species"	"Cicadella viridis"	"GCA_964205145.1"	11708	8358		35.5		"Scaffold"	1584427334	684303	113603802	
"59985"	"species"	"Samolus valerandi"	"GCA_964205155.1"	2380	2380		36		"Contig"	58973378	26633	26633	
"59985"	"species"	"Samolus valerandi"	"GCA_964205165.1"	356	124	13	35.1		"Chromosome"	503532062	3300872	42053491	96.2
"333879"	"species"	"Denticollis linearis"	"GCA_964205195.1"	5887	5857		34		"Scaffold"	1392351926	699147	709200	
"36150"	"species"	"Cicadella viridis"	"GCA_964205205.1"	448	99	11	35.15		"Chromosome"	1425453996	7802928	139266619	96.9
"333879"	"species"	"Denticollis linearis"	"GCA_964205235.1"	4536	3712	10	33.85		"Chromosome"	1601175470	8081841	141621488	99.2
"148897"	"species"	"Geum rivale"	"GCA_964205265.1"	523	473	21	39.96		"Chromosome"	1047505177	24393502	48934121	98.60000000000001
"125585"	"species"	"Tamarix gallica"	"GCA_964205275.1"	2468	1471		34		"Scaffold"	1536145329	2970641	119604253	
"148897"	"species"	"Geum rivale"	"GCA_964205285.1"	268	215		40		"Scaffold"	1031235461	22430035	48844578	
"125585"	"species"	"Tamarix gallica"	"GCA_964205315.1"	1330	648	12	33.76		"Chromosome"	1404817697	3411257	117264569	96.10000000000001
"93593"	"species"	"Simplicillium lamellicola"	"GCA_964211775.1"	178	178		48.5		"Contig"	5719628	31957	31957	
"8843"	"species"	"Anser anser"	"GCA_964211785.1"	1135	381	39	43.5		"Chromosome"	1168290161	2662746	67215310	
"219593"	"species"	"Aythya ferina"	"GCA_964211795.1"	767	362		42		"Scaffold"	1103588439	4452486	77419955	
"1822558"	"species"	"Rhagio lineola"	"GCA_964211805.1"	11481	6065		32.5		"Scaffold"	1688989909	453853	362092676	
"93593"	"species"	"Simplicillium lamellicola"	"GCA_964211815.1"	14	7	7	48.4		"Chromosome"	28706920	4149641	4686602	96.5
"219593"	"species"	"Aythya ferina"	"GCA_964211825.1"	1335	861	41	42.18		"Chromosome"	1252302973	4150808	79844515	96.9
"8843"	"species"	"Anser anser"	"GCA_964211835.1"	1748	818	41	43.53		"Chromosome"	1313438308	2674135	78965412	96.9
"1822558"	"species"	"Rhagio lineola"	"GCA_964211845.1"	763	310	5	32.59		"Chromosome"	1654958868	6661105	398369368	95.30000000000001
"207148"	"species"	"Aphodius fimetarius"	"GCA_964211865.1"	3552	3057	11	32.3		"Chromosome"	1343376671	2803677	78759060	99.10000000000001
"207148"	"species"	"Aphodius fimetarius"	"GCA_964211875.1"	8824	8820		33		"Scaffold"	1158838271	387017	387216	
"46032"	"species"	"Veronica arvensis"	"GCA_964211885.1"	248	128		37.31		"Scaffold"	369139995	5014061	44318579	95.10000000000001
"46032"	"species"	"Veronica arvensis"	"GCA_964211895.1"	145	44	8	37.160000000000004		"Chromosome"	368788744	5692998	45190452	95.5
"501664"	"species"	"Kyklioacalles roboris"	"GCA_964211925.1"	1431	964	20	34.03		"Chromosome"	698932826	2967359	30383510	98.7
"1553746"	"species"	"Staphylinus erythropterus"	"GCA_964211955.1"	2110	1743	22	33.62		"Chromosome"	1412478977	6140586	75443792	99.2
"28930"	"species"	"Fagus sylvatica"	"GCA_964211965.1"	443	156		36.550000000000004		"Scaffold"	486262079	2551574	37493471	98.80000000000001
"501664"	"species"	"Kyklioacalles roboris"	"GCA_964211975.1"	689	424		34.43		"Scaffold"	609021335	4107426	30513364	93.80000000000001
"1553746"	"species"	"Staphylinus erythropterus"	"GCA_964211985.1"	1713	1382		34.03		"Scaffold"	1331787217	6719939	77489434	99.10000000000001
"28930"	"species"	"Fagus sylvatica"	"GCA_964211995.1"	444	155	12	36.54		"Chromosome"	484186010	2707873	37596142	98.80000000000001
"879004"	"species"	"Stictoleptura scutellata"	"GCA_964212005.1"	502	230	10	33.55		"Chromosome"	1471092725	10870000	172532277	99.2
"879004"	"species"	"Stictoleptura scutellata"	"GCA_964212015.1"	438	201		33.55		"Scaffold"	1480097039	10125014	170599067	99.2
"109481"	"species"	"Myotis nattereri"	"GCA_964212025.2"	309	173		43.5		"Scaffold"	1932610702	47439000	99187516	
"109481"	"species"	"Myotis nattereri"	"GCA_964212035.2"	436	211	23	43		"Chromosome"	2138575456	44226636	99996439	
"362089"	"species"	"Abia candens"	"GCA_964212075.1"	633	371	16	37.14		"Chromosome"	261029975	1223977	14120421	96
"92525"	"species"	"Asellus aquaticus"	"GCA_964212115.1"	3069	1243	8	32.19		"Chromosome"	1977804001	1766274	253564817	88.4
"92525"	"species"	"Asellus aquaticus"	"GCA_964212135.1"	17317	16818		32		"Scaffold"	1974964246	471310	551200	
"121769"	"species"	"Digitaria sanguinalis"	"GCA_964212565.1"	696	385	18	45.92		"Chromosome"	913098568	5075307	51531180	99.2
"50463"	"species"	"Cardamine hirsuta"	"GCA_964212585.1"	180	124	8	35.65		"Chromosome"	204548907	5957966	25581028	98.30000000000001
"57917"	"species"	"Filipendula ulmaria"	"GCA_964212595.1"	673	672		39.5		"Scaffold"	275359150	1337468	1337468	
"121769"	"species"	"Digitaria sanguinalis"	"GCA_964212605.1"	479	213		45.84		"Scaffold"	896319243	5029576	54191248	99.10000000000001
"50463"	"species"	"Cardamine hirsuta"	"GCA_964212615.1"	85	33		35.39		"Scaffold"	201353655	5957966	26547138	98.4
"195879"	"species"	"Asterina phylactica"	"GCA_964213145.1"	2958	2958		40		"Contig"	33082654	11135	11135	
"195879"	"species"	"Asterina phylactica"	"GCA_964213155.1"	1550	52	22	40.72		"Chromosome"	389087614	436166	18474187	99.30000000000001
"857007"	"species"	"Butyriboletus subappendiculatus"	"GCA_964213175.1"	1374	1374		48.5		"Contig"	51207903	74713	74713	
"857007"	"species"	"Butyriboletus subappendiculatus"	"GCA_964213195.1"	26	13	13	49.480000000000004		"Chromosome"	31639639	2123623	2939387	92.2
"256647"	"species"	"Arhopalus rusticus"	"GCA_964213945.2"	1215	821	9	32.5		"Chromosome"	1246209545	7305804	158070591	
"256647"	"species"	"Arhopalus rusticus"	"GCA_964213965.2"	1908	1551	8	32.5		"Chromosome"	1275118530	8726949	159240323	
"112232"	"species"	"Mustelus asterias"	"GCA_964213995.1"	8903	5313	34	45.69		"Chromosome"	3679774521	1197343	109010392	93.5
"1869464"	"species"	"Ancylis achatana"	"GCA_964214005.1"	178	111	28	38.61		"Chromosome"	547270124	9225000	20348079	98.4
"1869464"	"species"	"Ancylis achatana"	"GCA_964214015.1"	3131	2048		39		"Scaffold"	582221732	623052	18451355	
"112232"	"species"	"Mustelus asterias"	"GCA_964214025.1"	7908	4403		45.49		"Scaffold"	3476679425	1258905	109776729	92.60000000000001
"3710"	"species"	"Brassica nigra"	"GCA_964214035.1"	3128	980	8	36.65		"Chromosome"	449197311	333628	46127338	98.10000000000001
"1126404"	"species"	"Andrena nitida"	"GCA_964214045.1"	1770	910	4	42.980000000000004		"Chromosome"	341153005	875871	81780399	96.5
"372271"	"species"	"Carex laevigata"	"GCA_964214055.1"	5464	5464		34		"Contig"	217593215	63508	63508	
"372271"	"species"	"Carex laevigata"	"GCA_964214065.1"	1140	82	36	34		"Chromosome"	376542772	545336	10577923	75.2
"3710"	"species"	"Brassica nigra"	"GCA_964214075.1"	5861	5850		36.5		"Scaffold"	332570608	104808	105570	
"1126404"	"species"	"Andrena nitida"	"GCA_964214085.1"	4368	4368		43		"Contig"	201032821	90463	90463	
"212759"	"species"	"Adonis annua"	"GCA_964214385.2"	6875	3569		38.81		"Scaffold"	14120810051	6164044	840041918	99.5
"269367"	"species"	"Poa chaixii"	"GCA_964215645.1"	1015	428		46.43		"Scaffold"	1442224531	3497797	176321716	97.5
"269367"	"species"	"Poa chaixii"	"GCA_964215705.1"	1065	436	8	46.47		"Chromosome"	1422738331	3586441	184506871	97.60000000000001
"869165"	"species"	"Actenicerus siaelandicus"	"GCA_964234755.1"	560	373	10	34.83		"Chromosome"	854914269	6386061	83355646	99.60000000000001
"722671"	"species"	"Chiasmia clathrata"	"GCA_964234795.1"	2168	802	31	36.38		"Chromosome"	334860271	380118	10985752	94.60000000000001
"941989"	"species"	"Ampedus sanguinolentus"	"GCA_964234815.1"	741	346	10	33.13		"Chromosome"	1574761029	6816912	146597239	99.30000000000001
"941989"	"species"	"Ampedus sanguinolentus"	"GCA_964234845.1"	689	253		33.1		"Scaffold"	1572874748	5398259	143644008	99.60000000000001
"345913"	"species"	"Polypogon viridis"	"GCA_964234865.1"	303	233		45.44		"Scaffold"	2840248297	69603968	204968298	98.5
"345913"	"species"	"Polypogon viridis"	"GCA_964234905.1"	252	176	14	45.45		"Chromosome"	2853299628	68392590	206348452	98.60000000000001
"1190801"	"species"	"Andrena helvola"	"GCA_964234915.1"	3888	3888		43.5		"Contig"	369996461	148121	148121	
"1190801"	"species"	"Andrena helvola"	"GCA_964234935.1"	127	35	7	43.45		"Chromosome"	442474548	10793538	66870952	96.7
"161951"	"species"	"Draba verna"	"GCA_964234985.1"	1950	404	26	36.77		"Chromosome"	1017944964	1067757	38032269	98.30000000000001
"98504"	"species"	"Matricaria chamomilla"	"GCA_964234995.1"	659	59	9	36.61		"Chromosome"	2461509348	6422802	291094366	97.60000000000001
"758720"	"species"	"Aleimma loeflingiana"	"GCA_964235015.1"	3060	2443		38		"Scaffold"	509117835	1017902	13939248	
"758720"	"species"	"Aleimma loeflingiana"	"GCA_964235035.1"	85	49	30	37.84		"Chromosome"	462553733	11520667	15327439	98.60000000000001
"254029"	"species"	"Arenaria serpyllifolia"	"GCA_964235045.1"	659	476	20	35.85		"Chromosome"	726254524	6177080	36610341	96.10000000000001
"75065"	"species"	"Rubus caesius"	"GCA_964235055.1"	841	428	14	37.76		"Chromosome"	628597231	2300282	42941820	98.60000000000001
"75065"	"species"	"Rubus caesius"	"GCA_964235075.1"	665	295		37.62		"Scaffold"	633303376	2218852	76238158	98.9
"1070333"	"species"	"Ectoedemia decentella"	"GCA_964235105.1"	11	11		35		"Contig"	1354939	167250	167250	
"136204"	"species"	"Calystegia soldanella"	"GCA_964235135.1"	2437	694	11	35.77		"Chromosome"	634946867	554720	58450293	90.80000000000001
"136204"	"species"	"Calystegia soldanella"	"GCA_964235145.1"	2059	514		35.64		"Scaffold"	620390866	567187	43080366	90.60000000000001
"98504"	"species"	"Matricaria chamomilla"	"GCA_964235185.1"	1243	630		36.78		"Scaffold"	2569815633	6703000	292655454	96.60000000000001
"722671"	"species"	"Chiasmia clathrata"	"GCA_964235205.1"	1970	602		36.410000000000004		"Scaffold"	333747627	383974	11176165	94.9
"123925"	"species"	"Collybia sordida"	"GCA_964235245.1"	106	19	12	48.97		"Chromosome"	53677910	1049597	4473676	95.2
"161951"	"species"	"Draba verna"	"GCA_964235265.1"	1428	303		36.52		"Scaffold"	877726590	1105763	32816023	98.2
"869165"	"species"	"Actenicerus siaelandicus"	"GCA_964235275.1"	28470	28469		35.5		"Scaffold"	1430368415	89605	89605	
"89055"	"species"	"Thermobia domestica"	"GCA_964235295.1"	5983	1918		35.800000000000004		"Scaffold"	5134616953	1998276	295238709	98.60000000000001
"123925"	"species"	"Collybia sordida"	"GCA_964235315.1"	117	36		49.03		"Scaffold"	50423314	1056858	4218126	93.30000000000001
"89055"	"species"	"Thermobia domestica"	"GCA_964235325.1"	6492	2360	18	35.78		"Chromosome"	5131587495	2041157	297651706	98.80000000000001
"152933"	"species"	"Lactarius blennius"	"GCA_964235335.1"	181	11	11	50.86		"Chromosome"	68853849	799744	6962671	94.10000000000001
"572890"	"species"	"Rheumaptera undulata"	"GCA_964235345.1"	303	107	32	37.77		"Chromosome"	676495510	7544584	22692804	98.4
"572890"	"species"	"Rheumaptera undulata"	"GCA_964235355.1"	372	275		37.77		"Scaffold"	632154082	8300810	22143513	94.2
"324239"	"species"	"Hyocomium armoricum"	"GCA_964235365.1"	509	297	11	37		"Chromosome"	333597675	2681466	28971754	84.10000000000001
"1643962"	"species"	"Azelia nebulosa"	"GCA_964235375.1"	828	530		32.31		"Scaffold"	706265052	4810730	129013168	98.9
"152933"	"species"	"Lactarius blennius"	"GCA_964235385.1"	181	11		50.96		"Scaffold"	67629417	724156	6692255	93.9
"1178097"	"species"	"Epermenia chaerophyllella"	"GCA_964235415.1"	787	209	31	36.32		"Chromosome"	382136644	1183130	12653984	97.5
"1643962"	"species"	"Azelia nebulosa"	"GCA_964235425.1"	987	673	5	32.02		"Chromosome"	704790744	4708137	128685118	98.9
"1178097"	"species"	"Epermenia chaerophyllella"	"GCA_964235455.1"	4023	2269		36.5		"Scaffold"	429265306	285044	11664313	
"1070333"	"species"	"Ectoedemia decentella"	"GCA_964235475.1"	495	146	31	34.910000000000004		"Chromosome"	418141872	1777307	14114092	83.7
"9123"	"species"	"Gallinula chloropus"	"GCA_964237395.1"	931	395		43.92		"Scaffold"	1208559276	4021985	87261367	96
"2776077"	"species"	"Paraperithous gnathaulax"	"GCA_964237415.1"	510	36	15	37.31		"Chromosome"	500925094	2315000	32596936	96.10000000000001
"2655036"	"species"	"Archips podanus"	"GCA_964237425.1"	23	22		37.5		"Scaffold"	8881958	987875	987875	
"90295"	"species"	"Plagiothecium denticulatum"	"GCA_964237465.1"	1119	420	11	39.47		"Chromosome"	405784620	922281	36360634	84.80000000000001
"2776077"	"species"	"Paraperithous gnathaulax"	"GCA_964237505.1"	2273	2273		37		"Contig"	468656572	646468	646468	
"2655036"	"species"	"Archips podanus"	"GCA_964237515.1"	86	43	30	37.74		"Chromosome"	549002426	13577294	19639228	98.4
"753154"	"species"	"Aphelia paleana"	"GCA_964237545.1"	165	45	30	38.2		"Chromosome"	485008233	4998295	17776054	98.5
"9986"	"species"	"Oryctolagus cuniculus"	"GCA_964237555.1"	2497	221	22	44.02		"Chromosome"	2804657419	2030165	144279705	94.7
"753154"	"species"	"Aphelia paleana"	"GCA_964237565.1"	215	116		38.24		"Scaffold"	488146582	7224000	17801456	98.4
"9986"	"species"	"Oryctolagus cuniculus"	"GCA_964237575.1"	10111	10111		44		"Contig"	1513142213	396164	396164	
"9123"	"species"	"Gallinula chloropus"	"GCA_964237585.1"	1420	817	38	44.7		"Chromosome"	1282394494	3673000	90336355	96.9
"1594247"	"species"	"Celypha lacunana"	"GCA_964237625.1"	1782	1429		38.5		"Scaffold"	626146656	2667085	21582914	
"1594247"	"species"	"Celypha lacunana"	"GCA_964237635.1"	134	49	27	38.49		"Chromosome"	591825041	10719000	21540359	98.2
"4112"	"species"	"Solanum nigrum"	"GCA_964243065.1"	940	321	36	36.44		"Chromosome"	2975022173	9514797	85061814	99
"433021"	"species"	"Anaspis frontalis"	"GCA_964243875.1"	2161	453		38.82		"Scaffold"	802047191	671465	100455230	98.5
"433021"	"species"	"Anaspis frontalis"	"GCA_964243895.1"	2594	858	8	38.86		"Chromosome"	808551625	663525	99753807	98.30000000000001
"191314"	"species"	"Anthocoris nemoralis"	"GCA_964246475.1"	4021	2717		32		"Scaffold"	363115505	284696	15767634	
"1169566"	"species"	"Inocybe tigrina"	"GCA_964247835.1"	1297	1294		48.5		"Scaffold"	92286864	121614	121614	
"49828"	"species"	"Laburnum anagyroides"	"GCA_964248375.1"	2494	382		34.4		"Scaffold"	1123660043	806564	43902265	98.5
"4112"	"species"	"Solanum nigrum"	"GCA_964248385.1"	799	249		36.35		"Scaffold"	2885421000	9209633	82763963	98.9
"49828"	"species"	"Laburnum anagyroides"	"GCA_964248395.1"	2699	457	25	34.4		"Chromosome"	1137254848	793577	44864785	98.60000000000001
"1169566"	"species"	"Inocybe tigrina"	"GCA_964248975.1"	115	35	14	47.08		"Chromosome"	42009716	864382	3141663	90.2
"240896"	"species"	"Neurigona quadrifasciata"	"GCA_964248995.1"	6861	3308		26.5		"Scaffold"	586444636	202041	83593507	
"191314"	"species"	"Anthocoris nemoralis"	"GCA_964249955.1"	279	80	15	30.79		"Chromosome"	301188006	2846292	19499578	98
"240896"	"species"	"Neurigona quadrifasciata"	"GCA_964251855.1"	602	99	6	26.52		"Chromosome"	582530976	2424071	135253407	93.4
"538890"	"species"	"Coccus hesperidum"	"GCA_964256765.1"	7412	6006		35		"Scaffold"	484566906	399496	44350661	
"538890"	"species"	"Coccus hesperidum"	"GCA_964257065.1"	118	41	7	35.15		"Chromosome"	405400678	8466229	54289485	90.4
"104470"	"species"	"Colotois pennaria"	"GCA_964258755.1"	69	59		37.06		"Scaffold"	449256993	15022420	16455555	98.5
"878065"	"species"	"Longitarsus flavicornis"	"GCA_964258775.1"	1463	450		33		"Scaffold"	1045436462	1524663	69508136	98.2
"878065"	"species"	"Longitarsus flavicornis"	"GCA_964258785.1"	2717	1601	16	32.72		"Chromosome"	1128248677	1366323	68774571	98.60000000000001
"1594279"	"species"	"Diurnea lipsiella"	"GCA_964258805.1"	274	86		39.1		"Scaffold"	711811656	5578318	31699866	98.60000000000001
"346704"	"species"	"Anthocomus fasciatus"	"GCA_964258815.1"	192	48	10	35.44		"Chromosome"	528592997	8206270	54688950	98.2
"346704"	"species"	"Anthocomus fasciatus"	"GCA_964258825.1"	200	91		35.480000000000004		"Scaffold"	530746698	8314020	54529162	98.2
"1594279"	"species"	"Diurnea lipsiella"	"GCA_964258865.1"	222	35	22	39.11		"Chromosome"	709063898	6468737	31271192	98.5
"104470"	"species"	"Colotois pennaria"	"GCA_964258875.1"	61	42	28	37.02		"Chromosome"	449441475	15529983	16539408	98.5
"256425"	"species"	"Lissotriton helveticus"	"GCA_964258895.1"	233911	233788		45		"Scaffold"	20161647536	514085	517027	
"254029"	"species"	"Arenaria serpyllifolia"	"GCA_964258985.1"	248	113		35.69		"Scaffold"	713024767	8014000	36794845	96.10000000000001
"938192"	"species"	"Hoplodrina octogenaria"	"GCA_964261365.1"	360	277		37		"Scaffold"	485590707	6792219	16602327	
"938192"	"species"	"Hoplodrina octogenaria"	"GCA_964261375.1"	43	33	31	37		"Chromosome"	476651163	15860712	16834973	98.9
"8324"	"species"	"Lissotriton vulgaris"	"GCA_964261385.1"	191352	191290		45		"Scaffold"	20825862529	591068	591068	
"231984"	"species"	"Lasius brunneus"	"GCA_964261575.1"	6646	4759		37		"Scaffold"	287490311	100292	12919559	
"231984"	"species"	"Lasius brunneus"	"GCA_964261615.1"	817	150	15	36.93		"Chromosome"	264940360	657111	18611562	96
"256425"	"species"	"Lissotriton helveticus"	"GCA_964261635.1"	5693	448	17	45.09		"Chromosome"	23170028842	7795245	2132484007	93
"209941"	"species"	"Loensia variegata"	"GCA_964261695.1"	2022	263		39.11		"Scaffold"	488897174	378386	62706476	94.80000000000001
"209941"	"species"	"Loensia variegata"	"GCA_964261705.1"	2350	403	9	39.1		"Chromosome"	531423583	398410	62967081	96.7
"2979191"	"species"	"Polytribax perspicillator"	"GCA_964261855.1"	257	17	8	40.86		"Chromosome"	314208093	3831000	39896785	96
"32260"	"species"	"Venturia canescens"	"GCA_964261885.1"	425	104	11	40		"Chromosome"	299958596	2847696	24934724	95.30000000000001
"32260"	"species"	"Venturia canescens"	"GCA_964261905.1"	3942	3941		39		"Scaffold"	156466455	38305	38305	
"265994"	"species"	"Monacha cantiana"	"GCA_964261915.1"	4691	1910		39.69		"Scaffold"	2119786589	947287	81945023	89.30000000000001
"265994"	"species"	"Monacha cantiana"	"GCA_964261925.1"	4867	1407	23	39.69		"Chromosome"	2063343632	941584	85311451	88.9
"1594367"	"species"	"Nemophora metallica"	"GCA_964261955.1"	259	61		37.54		"Scaffold"	709716839	4625653	25063856	92
"1594367"	"species"	"Nemophora metallica"	"GCA_964261965.1"	271	61	31	37.550000000000004		"Chromosome"	710838061	4782677	25217423	91.9
"202195"	"species"	"Sitona lineatus"	"GCA_964263185.1"	24341	22586		32.5		"Scaffold"	1207714599	400587	17325095	
"202195"	"species"	"Sitona lineatus"	"GCA_964263205.1"	204	27	12	32.46		"Chromosome"	835399322	8906263	87745720	98.30000000000001
"8324"	"species"	"Lissotriton vulgaris"	"GCA_964263255.1"	19295	15265	16	45.06		"Chromosome"	24226223864	6568731	1925992481	91.80000000000001
"878135"	"species"	"Malthodes minimus"	"GCA_964263265.1"	7530	4477		34.5		"Scaffold"	523480354	164693	64858852	
"878135"	"species"	"Malthodes minimus"	"GCA_964263285.1"	691	190	7	34.72		"Chromosome"	583601290	1842732	89909434	99.10000000000001
"2793148"	"species"	"Heteranomia squamula"	"GCA_964263295.1"	1686	1685		34		"Scaffold"	735422901	2467220	2467220	
"2793148"	"species"	"Heteranomia squamula"	"GCA_964263325.1"	236	115	6	33.77		"Chromosome"	738610251	10165414	137916506	87.7
"59291"	"species"	"Coregonus lavaretus"	"GCA_964263835.1"	8669	3980		43.68		"Scaffold"	2352365286	662137	46148767	91.9
"261773"	"species"	"Omalotheca supina"	"GCA_964263845.1"	423	217	14	35.54		"Chromosome"	1062158553	9096303	74789679	98.4
"500284"	"species"	"Anthomyza gracilis"	"GCA_964263875.1"	1499	461	6	41.17		"Chromosome"	576401750	912725	103229015	97.4
"987887"	"species"	"Apamea sublustris"	"GCA_964263905.1"	202	88	31	39.35		"Chromosome"	646440770	7704466	21838228	98.9
"500284"	"species"	"Anthomyza gracilis"	"GCA_964263915.1"	1586	529		41.2		"Scaffold"	595665748	807682	103327803	97.9
"59291"	"species"	"Coregonus lavaretus"	"GCA_964263955.1"	17144	11149	40	43.87		"Chromosome"	2842845857	476628	47422375	96.10000000000001
"261773"	"species"	"Omalotheca supina"	"GCA_964263965.1"	386	170		35.53		"Scaffold"	1054330278	8974234	74063681	98.2
"987887"	"species"	"Apamea sublustris"	"GCA_964264035.1"	181	86		39.31		"Scaffold"	646565989	8467635	21540822	98.9
"689108"	"species"	"Thera juniperata"	"GCA_964264265.1"	628	361		38		"Scaffold"	364392730	2017549	12218622	
"128002"	"species"	"Tanacetum vulgare"	"GCA_964264305.1"	9043	5726		35.94		"Scaffold"	4806391546	3657962	503990007	97.7
"128002"	"species"	"Tanacetum vulgare"	"GCA_964264315.1"	4751	2270	9	35.95		"Chromosome"	4610354873	3650889	509053465	97.5
"100756"	"species"	"Hericium coralloides"	"GCA_964264405.1"	247	70		54		"Scaffold"	40365154	447965	3755102	
"1676147"	"species"	"Sericomyia silentis"	"GCA_964264455.1"	3792	3792		40.5		"Contig"	717683186	595166	595166	
"100756"	"species"	"Hericium coralloides"	"GCA_964264465.1"	190	21	12	53.79		"Chromosome"	40595920	470893	3651577	95.9
"1676147"	"species"	"Sericomyia silentis"	"GCA_964264485.1"	958	196	7	40.71		"Chromosome"	759389911	2215895	191407063	97.2
"2578561"	"species"	"Lestiphorus bicinctus"	"GCA_964264815.1"	2753	2753		46		"Contig"	316406494	235746	235746	
"2578561"	"species"	"Lestiphorus bicinctus"	"GCA_964264825.1"	603	490	13	46.18		"Chromosome"	381759947	2845185	19089312	96
"59465"	"species"	"Nyctalus leisleri"	"GCA_964264875.2"	886	584	23	43.04		"Chromosome"	2226320811	26125689	95320580	97.7
"59465"	"species"	"Nyctalus leisleri"	"GCA_964264895.2"	920	673		43.11		"Scaffold"	2021249169	28373864	91354900	95.4
"106175"	"species"	"Microstomus kitt"	"GCA_964266705.1"	7487	7487		42		"Contig"	928207996	622647	622647	
"106175"	"species"	"Microstomus kitt"	"GCA_964266715.1"	1989	1580	24	41.57		"Chromosome"	752315288	2288625	25769083	98.60000000000001
"3433878"	"species"	"Hebata decipiens"	"GCA_964267455.1"	3151	1611	11	38		"Chromosome"	1421956716	1439878	142125485	
"3433878"	"species"	"Hebata decipiens"	"GCA_964267535.1"	19237	14230		38		"Scaffold"	1430090033	213040	89486834	
"1660574"	"species"	"Aethes tesserana"	"GCA_964270635.1"	138	53		39.38		"Scaffold"	482915396	8282453	17154816	98.5
"1660574"	"species"	"Aethes tesserana"	"GCA_964270645.1"	155	69	30	39.38		"Chromosome"	486122479	10338047	17543827	98.5
"254782"	"species"	"Rhinanthus minor"	"GCA_964270725.1"	489	325		41.88		"Scaffold"	1111095030	11968436	137986561	93.60000000000001
"254782"	"species"	"Rhinanthus minor"	"GCA_964270735.1"	688	508	11	42.050000000000004		"Chromosome"	1178428141	12437200	143937428	95.9
"287198"	"species"	"Cacoecimorpha pronubana"	"GCA_964270745.1"	171	43		37.07		"Scaffold"	517677609	7737083	19440171	89.10000000000001
"3371109"	"species"	"Leucopleurus acutus"	"GCA_964270905.1"	1932	898	23	42		"Chromosome"	2676193030	3493168	109653882	
"3371109"	"species"	"Leucopleurus acutus"	"GCA_964270935.1"	1796	879		42		"Scaffold"	2422718875	3587343	105937634	
"287198"	"species"	"Cacoecimorpha pronubana"	"GCA_964271255.1"	187	40	30	37.01		"Chromosome"	558403756	6468795	19525734	98.4
"516509"	"species"	"Harpocera thoracica"	"GCA_964273425.1"	8479	3689		43.5		"Scaffold"	1013841358	299525	48646959	
"177147"	"species"	"Streptopelia decaocto"	"GCA_964273445.1"	3146	2450	33	41.79		"Chromosome"	1290939990	2425281	78754139	96.9
"335759"	"species"	"Tricolia pullus"	"GCA_964273465.1"	313	129	8	36.45		"Chromosome"	769492681	6492662	96795429	85.9
"335759"	"species"	"Tricolia pullus"	"GCA_964273485.1"	93	91		37		"Scaffold"	49689700	933821	933821	
"516509"	"species"	"Harpocera thoracica"	"GCA_964273525.1"	525	101	16	43.7		"Chromosome"	998730269	3928050	62077711	97.10000000000001
"2881873"	"species"	"Dolichomitus mesocentrus"	"GCA_964273565.1"	3991	3991		36.5		"Contig"	834016195	1205689	1205689	
"2881873"	"species"	"Dolichomitus mesocentrus"	"GCA_964273575.1"	1013	756	15	36.410000000000004		"Chromosome"	1144959873	6369210	57103708	95.9
"177147"	"species"	"Streptopelia decaocto"	"GCA_964273585.1"	1267	584	32	42.33		"Chromosome"	1200501445	2790637	78428900	96.9
"2025560"	"species"	"Natrix helvetica"	"GCA_964273705.1"	2496	486	18	41.7		"Chromosome"	1777495310	1870695	172830377	92.7
"2025560"	"species"	"Natrix helvetica"	"GCA_964273795.1"	2176	502		41.43		"Scaffold"	1513526581	1998865	174922612	87.10000000000001
"1411927"	"species"	"Thracia phaseolina"	"GCA_964274215.1"	166	29	19	40.230000000000004		"Chromosome"	793706609	11776032	41064924	83.30000000000001
"1411927"	"species"	"Thracia phaseolina"	"GCA_964274265.1"	946	347		40.28		"Scaffold"	783224779	2726064	40366229	82.7
"630110"	"species"	"Luzula pallescens"	"GCA_964274305.1"	595	595		38.5		"Contig"	14976776	26339	26339	
"630110"	"species"	"Luzula pallescens"	"GCA_964274315.1"	226	7	6	33.35		"Chromosome"	337670911	2513555	59578150	71.8
"798133"	"species"	"Chrysops viduatus"	"GCA_964274935.1"	226	150	5	30.7		"Chromosome"	312354284	6301467	55789465	93.2
"798133"	"species"	"Chrysops viduatus"	"GCA_964274965.1"	1240	1240		32		"Contig"	274723539	1694992	1694992	
"1220549"	"species"	"Amphibalanus improvisus"	"GCA_964274985.1"	2725	758	18	49.61		"Chromosome"	763269968	701491	42088570	94.30000000000001
"1220549"	"species"	"Amphibalanus improvisus"	"GCA_964274995.1"	3271	3063		50		"Scaffold"	592387177	330476	341585	
"3231874"	"species"	"Kudoa sp. trachurus"	"GCA_964275015.1"	71	71		26		"Contig"	35373497	2825898	2825898	
"287208"	"species"	"Adscita geryon"	"GCA_964275185.1"	387	114	32	35.92		"Chromosome"	764633620	9271846	24941042	98
"287208"	"species"	"Adscita geryon"	"GCA_964275195.1"	177	82		35.5		"Scaffold"	670149289	10378127	24707593	93.9
"69293"	"species"	"Gasterosteus aculeatus"	"GCA_964276385.1"	479	170		44.74		"Scaffold"	457351142	2417549	21729606	91.7
"69293"	"species"	"Gasterosteus aculeatus"	"GCA_964276395.1"	460	129	22	44.72		"Chromosome"	511138727	2544530	21933526	98.2
"1116892"	"species"	"Cnephasia stephensiana"	"GCA_964276465.1"	240	105	30	38.31		"Chromosome"	465142608	5917537	16171933	98.7
"1116892"	"species"	"Cnephasia stephensiana"	"GCA_964276495.1"	244	110		38.31		"Scaffold"	465688300	6802361	16270332	98.7
"258706"	"species"	"Formica rufa"	"GCA_964276525.2"	2492	1669	26	37		"Chromosome"	342955072	505556	9821072	
"258706"	"species"	"Formica rufa"	"GCA_964276535.2"	4536	4531		36.5		"Scaffold"	269816263	107508	107508	
"699847"	"species"	"Triaenodes bicolor"	"GCA_964276555.1"	1637	152		31.720000000000002		"Scaffold"	613855191	672512	30652015	95.30000000000001
"1178261"	"species"	"Earophila badiata"	"GCA_964276565.1"	151	75	27	38.68		"Chromosome"	417799980	9224799	16459854	98.5
"214073"	"species"	"Calophasia lunula"	"GCA_964276575.1"	192	69	32	37.13		"Chromosome"	585347038	7320139	19887536	99
"1441566"	"species"	"Idaea trigeminata"	"GCA_964276605.1"	149	36	27	37.03		"Chromosome"	505848301	5436304	19518638	98.4
"1178261"	"species"	"Earophila badiata"	"GCA_964276615.1"	117	70		38.64		"Scaffold"	415505095	9266904	15767725	98.5
"707887"	"species"	"Lepidocyrtus curvicollis"	"GCA_964276625.1"	2485	2485		37.5		"Contig"	154084742	152252	152252	
"707887"	"species"	"Lepidocyrtus curvicollis"	"GCA_964276635.1"	129	6	6	37.4		"Chromosome"	200247165	3275031	32682370	96.30000000000001
"214073"	"species"	"Calophasia lunula"	"GCA_964276645.1"	178	107		37.11		"Scaffold"	580995609	8692549	19949790	99
"934885"	"species"	"Parectropis similaria"	"GCA_964276655.1"	105	36	31	37.94		"Chromosome"	574792218	10625851	20845176	98.5
"883867"	"species"	"Matricaria discoidea"	"GCA_964276665.1"	678	215	9	35.86		"Chromosome"	2091659722	7407913	256210049	97.2
"934885"	"species"	"Parectropis similaria"	"GCA_964276675.1"	1144	497		38		"Scaffold"	531460578	1209617	18400339	
"699847"	"species"	"Triaenodes bicolor"	"GCA_964276685.1"	1638	182	21	31.71		"Chromosome"	615751069	706590	29501011	96.10000000000001
"883867"	"species"	"Matricaria discoidea"	"GCA_964276695.1"	620	171		35.85		"Scaffold"	2094891078	7550432	257166835	97.30000000000001
"1441566"	"species"	"Idaea trigeminata"	"GCA_964276715.1"	2900	1220		37		"Scaffold"	501237351	375375	17134924	
"987900"	"species"	"Cerura vinula"	"GCA_964276795.1"	367	69	19	38.4		"Chromosome"	690591562	3735087	39487613	98.80000000000001
"3231874"	"species"	"Kudoa sp. trachurus"	"GCA_964276805.1"	111	111		26		"Contig"	1590152	18176	18176	
"987900"	"species"	"Cerura vinula"	"GCA_964276825.1"	328	59		38.38		"Scaffold"	688274020	3890622	39600789	98.9
"988145"	"species"	"Parastichtis suspecta"	"GCA_964277095.1"	164	59	30	37.58		"Chromosome"	868842739	9768837	29413663	99
"988145"	"species"	"Parastichtis suspecta"	"GCA_964277165.1"	192	92		37.62		"Scaffold"	869517933	11151241	29642624	99
"1660718"	"species"	"Platyedra subcinerea"	"GCA_964277215.1"	115	33		38.32		"Scaffold"	555310665	9267724	20325782	98.80000000000001
"1660718"	"species"	"Platyedra subcinerea"	"GCA_964277305.1"	109	35	30	38.36		"Chromosome"	555697355	10050948	20486398	98.80000000000001
"753407"	"species"	"Phragmataecia castaneae"	"GCA_964277415.1"	228	56		35.13		"Scaffold"	591654070	5864076	20849406	98.5
"753407"	"species"	"Phragmataecia castaneae"	"GCA_964277475.1"	217	65	30	35.11		"Chromosome"	590719550	6047718	20817006	98.4
"37045"	"species"	"Phaethon aethereus"	"GCA_964289735.1"	1925	656	40	43.160000000000004		"Chromosome"	1321007257	2122569	85546101	95.80000000000001
"37045"	"species"	"Phaethon aethereus"	"GCA_964289755.1"	1572	500		43.18		"Scaffold"	1165860358	2173000	84904544	88.80000000000001
"326962"	"species"	"Scotopteryx chenopodiata"	"GCA_964290915.1"	820	540		39		"Scaffold"	330729341	1469305	10490252	
"687094"	"species"	"Gillmeria pallidactyla"	"GCA_964290945.1"	519	247		37.06		"Scaffold"	1324050520	7396598	47177714	98.10000000000001
"1869850"	"species"	"Epiblema costipunctana"	"GCA_964290975.1"	338	107		38.85		"Scaffold"	903826812	6434269	74534839	98.10000000000001
"1870146"	"species"	"Pachythelia villosella"	"GCA_964290995.1"	524	291		36.28		"Scaffold"	865006459	5880571	29514986	91.7
"687094"	"species"	"Gillmeria pallidactyla"	"GCA_964291005.1"	581	298	30	37.09		"Chromosome"	1323969034	7297479	48039670	98.10000000000001
"1869850"	"species"	"Epiblema costipunctana"	"GCA_964291015.1"	382	105	18	38.84		"Chromosome"	896909293	5348852	76061989	98.2
"1870146"	"species"	"Pachythelia villosella"	"GCA_964291025.1"	467	172	31	36.22		"Chromosome"	897821403	5022700	30683753	95.2
"326962"	"species"	"Scotopteryx chenopodiata"	"GCA_964291035.1"	159	78	31	38.660000000000004		"Chromosome"	337856556	4182218	12068378	98.5
"934850"	"species"	"Eupithecia haworthiata"	"GCA_964291785.1"	1979	807	31	36.87		"Chromosome"	451176536	655018	14861624	96.60000000000001
"1666820"	"species"	"Anerastia lotella"	"GCA_964291795.1"	712	269		37.29		"Scaffold"	957243538	3235719	36018095	91.5
"3451"	"species"	"Aquilegia vulgaris"	"GCA_964291825.1"	854	483	7	37.480000000000004		"Chromosome"	289223514	1171413	37742948	94.5
"434553"	"species"	"Myriophyllum alterniflorum"	"GCA_964291835.1"	215	76	7	36.72		"Chromosome"	244224204	5546270	32916660	96.60000000000001
"934850"	"species"	"Eupithecia haworthiata"	"GCA_964291855.1"	1501	354		36.76		"Scaffold"	398939273	640466	14642109	92.4
"1666820"	"species"	"Anerastia lotella"	"GCA_964291865.1"	692	169	32	37.32		"Chromosome"	1079716894	3439864	36750076	98.60000000000001
"3451"	"species"	"Aquilegia vulgaris"	"GCA_964291885.1"	567	134	7	37.18		"Chromosome"	296097868	1168573	42720153	97.4
"434553"	"species"	"Myriophyllum alterniflorum"	"GCA_964291905.1"	229	219		36.5		"Scaffold"	220084375	4798813	4798813	
"1266492"	"species"	"Pollenia pediculata"	"GCA_964300415.1"	201	49	6	30.91		"Chromosome"	1156857512	12399402	221330053	99
"1266492"	"species"	"Pollenia pediculata"	"GCA_964300425.1"	1891	1187		30.900000000000002		"Scaffold"	1222483053	3309272	216635870	99.10000000000001
"988179"	"species"	"Ptilophora plumigera"	"GCA_964304635.1"	170	59		38.38		"Scaffold"	345795263	3784026	13421552	98.80000000000001
"988179"	"species"	"Ptilophora plumigera"	"GCA_964304645.1"	208	90	26	38.42		"Chromosome"	347814659	3723184	13550312	98.9
"90364"	"species"	"Verbascum nigrum"	"GCA_964305475.2"	203	21	15	34		"Chromosome"	335794948	5425003	22845101	
"119269"	"species"	"Endromis versicolora"	"GCA_964306285.1"	97	49	26	38.59		"Chromosome"	391897325	10287512	16119690	98.9
"90364"	"species"	"Verbascum nigrum"	"GCA_964306325.2"	142	65		34		"Scaffold"	334012802	6949417	25153153	
"119269"	"species"	"Endromis versicolora"	"GCA_964306385.1"	82	47		38.57		"Scaffold"	391443228	9617513	16098608	98.80000000000001
"758718"	"species"	"Acleris umbrana"	"GCA_964330255.1"	219	123	30	37.09		"Chromosome"	605000663	8050712	19534768	98.2
"753433"	"species"	"Taleporia tubulosa"	"GCA_964330275.1"	178	61	30	37.800000000000004		"Chromosome"	394582894	6980348	14429320	95.60000000000001
"31216"	"species"	"Littorina littorea"	"GCA_964330285.1"	8871	2661		42.11		"Scaffold"	847122692	172378	41982923	77.10000000000001
"1033783"	"species"	"Russula faginea"	"GCA_964330295.1"	76	12	11	50.01		"Chromosome"	41716408	1084761	4016879	94
"2866284"	"species"	"Bimastos rubidus"	"GCA_964330305.1"	2154	414	17	40.22		"Chromosome"	812738357	774310	49714926	91.7
"753433"	"species"	"Taleporia tubulosa"	"GCA_964330315.1"	225	90		37.800000000000004		"Scaffold"	397581164	6356605	14625317	95.9
"2866284"	"species"	"Bimastos rubidus"	"GCA_964330325.1"	10508	5798		40.5		"Scaffold"	779158720	175292	30821888	
"31216"	"species"	"Littorina littorea"	"GCA_964330335.1"	9561	3223	17	42.1		"Chromosome"	849613989	169519	44265885	77.9
"1033783"	"species"	"Russula faginea"	"GCA_964330345.1"	500	499		50		"Scaffold"	37165973	108607	108607	
"758718"	"species"	"Acleris umbrana"	"GCA_964330395.1"	156	75		37.08		"Scaffold"	585628061	11045803	19974826	95.10000000000001
"1869957"	"species"	"Glyphipterix fuscoviridella"	"GCA_964331985.1"	378	228		37.14		"Scaffold"	918018525	9138948	30762266	97.7
"351486"	"species"	"Grammoptera ruficornis"	"GCA_964332075.1"	148	62		34.08		"Scaffold"	431824144	7197351	37222247	99.30000000000001
"1869957"	"species"	"Glyphipterix fuscoviridella"	"GCA_964332205.1"	456	311	31	37.14		"Chromosome"	918882696	10139861	30999181	97.60000000000001
"351486"	"species"	"Grammoptera ruficornis"	"GCA_964332215.1"	142	40	12	34.08		"Chromosome"	431585921	6863000	36796261	99.4
"1445684"	"species"	"Opilo mollis"	"GCA_964338625.1"	777	303		35.54		"Scaffold"	1591603829	5984000	171040891	97.60000000000001
"1445684"	"species"	"Opilo mollis"	"GCA_964338635.1"	931	412	9	35.550000000000004		"Chromosome"	1597794116	5501207	173272706	97.80000000000001
"502401"	"species"	"Carex caryophyllea"	"GCA_964338955.2"	430	70		35.5		"Scaffold"	529759104	2902506	15659750	
"337392"	"species"	"Erodium moschatum"	"GCA_964338975.1"	158	96		42.75		"Scaffold"	753139276	20871368	74306109	95.30000000000001
"878401"	"species"	"Quedius lateralis"	"GCA_964338995.1"	612	431	17	35.59		"Chromosome"	753013635	6014424	45398306	99.4
"502401"	"species"	"Carex caryophyllea"	"GCA_964339005.2"	412	93	34	35.5		"Chromosome"	528340720	2627632	15297501	
"337392"	"species"	"Erodium moschatum"	"GCA_964339025.1"	254	199	10	42.83		"Chromosome"	760610945	20603906	74791483	95.30000000000001
"878401"	"species"	"Quedius lateralis"	"GCA_964339035.1"	5114	4945		34.660000000000004		"Scaffold"	835794516	3644730	39431557	94.80000000000001
"758711"	"species"	"Acleris logiana"	"GCA_964340435.1"	170	82		37.28		"Scaffold"	528546177	7334555	17469330	98.4
"758711"	"species"	"Acleris logiana"	"GCA_964340485.1"	174	73	30	37.300000000000004		"Chromosome"	530365732	6509157	17175596	98.5
"934927"	"species"	"Cidaria fulvata"	"GCA_964340525.1"	229	132	26	37.730000000000004		"Chromosome"	503966230	7741162	18911483	98.30000000000001
"873508"	"species"	"Eupithecia linariata"	"GCA_964340535.1"	108	53		36.57		"Scaffold"	364019420	6707188	13017390	98
"326946"	"species"	"Perizoma didymatum"	"GCA_964340545.1"	128	57		38.86		"Scaffold"	455631589	9595189	17003443	98.5
"934826"	"species"	"Cabera exanthemata"	"GCA_964340555.1"	178	95	31	36.13		"Chromosome"	525763328	10272138	18520975	98.4
"99398"	"species"	"Cratoneuron filicinum"	"GCA_964340565.2"	538	40	10	38.5		"Chromosome"	272861983	966577	36480959	
"873508"	"species"	"Eupithecia linariata"	"GCA_964340575.1"	132	66	31	36.58		"Chromosome"	364443040	6435883	12993854	98.10000000000001
"87276"	"species"	"Umbilicaria deusta"	"GCA_964340595.1"	248	248		48.5		"Contig"	4463521	19299	19299	
"685404"	"species"	"Carsia sororiata"	"GCA_964340605.1"	177	65		37.72		"Scaffold"	315601774	3340677	11349488	98.30000000000001
"2561392"	"species"	"Homoeosoma sinuella"	"GCA_964340625.1"	431	105	32	36.36		"Chromosome"	657417211	3492498	22663479	99
"685404"	"species"	"Carsia sororiata"	"GCA_964340635.1"	235	117	31	37.74		"Chromosome"	317734248	2931340	11307448	98.4
"2561392"	"species"	"Homoeosoma sinuella"	"GCA_964340645.1"	363	119		36.33		"Scaffold"	599003337	3891857	21777789	94.7
"170457"	"species"	"Rhynchostegiella tenella"	"GCA_964340665.2"	495	23	10	36.5		"Chromosome"	317076584	1085708	41588678	
"934826"	"species"	"Cabera exanthemata"	"GCA_964340675.1"	136	52		36.12		"Scaffold"	522268428	9335341	18132259	98.4
"934927"	"species"	"Cidaria fulvata"	"GCA_964340715.1"	193	89		37.71		"Scaffold"	501607332	6845506	19133220	98.4
"326946"	"species"	"Perizoma didymatum"	"GCA_964340725.1"	195	79	27	38.88		"Chromosome"	456282446	8314002	17079568	98.5
"1073593"	"species"	"Scythris empetrella"	"GCA_964340735.1"	1145	350		36.18		"Scaffold"	488815701	962467	17683829	89.10000000000001
"1073593"	"species"	"Scythris empetrella"	"GCA_964340755.1"	1346	375	31	36.25		"Chromosome"	553358549	822448	18198405	95.10000000000001
"87276"	"species"	"Umbilicaria deusta"	"GCA_964340765.1"	125	97	24	47.5		"Chromosome"	40755763	1351649	1688060	95.80000000000001
"1869947"	"species"	"Gillmeria ochrodactyla"	"GCA_964340845.1"	480	239	28	37.15		"Chromosome"	1201511801	8315176	45121613	88.2
"1594322"	"species"	"Paratalanta hyalinalis"	"GCA_964340875.1"	145	44	30	36.910000000000004		"Chromosome"	529451359	8511923	19942251	94.10000000000001
"1660724"	"species"	"Eudonia pallida"	"GCA_964340885.1"	331	153	18	37.78		"Chromosome"	921615619	7967000	59233015	98.30000000000001
"336591"	"species"	"Larinioides cornutus"	"GCA_964340895.1"	1233	501	13	30.47		"Chromosome"	2304582433	5573773	175460346	98.2
"336591"	"species"	"Larinioides cornutus"	"GCA_964340905.1"	1568	871		30.46		"Scaffold"	2295323425	5228686	171802563	98.10000000000001
"1660724"	"species"	"Eudonia pallida"	"GCA_964340915.1"	256	65	18	37.75		"Chromosome"	921554482	8259000	59476022	98.80000000000001
"1594322"	"species"	"Paratalanta hyalinalis"	"GCA_964340925.1"	163	67	29	36.92		"Chromosome"	506053921	7222936	19833946	92
"1869947"	"species"	"Gillmeria ochrodactyla"	"GCA_964340935.1"	450	172	30	37.07		"Chromosome"	1336217827	7507398	47576086	98.10000000000001
"161101"	"species"	"Lemna minuta"	"GCA_964340985.1"	3278	974		38.96		"Scaffold"	313088917	170344	15835906	78.9
"881521"	"species"	"Alydus calcaratus"	"GCA_964341005.1"	1147	248	7	33.4		"Chromosome"	1007279909	2349951	152522568	98.4
"881521"	"species"	"Alydus calcaratus"	"GCA_964341015.1"	1330	467		33.35		"Scaffold"	1001778347	2347551	149531628	97.7
"161101"	"species"	"Lemna minuta"	"GCA_964341035.1"	3193	995	21	38.87		"Chromosome"	306894355	172818	14917234	77.60000000000001
"749444"	"species"	"Ramariopsis corniculata"	"GCA_964341185.1"	683	516		47		"Scaffold"	51547288	392383	3007327	
"749444"	"species"	"Ramariopsis corniculata"	"GCA_964341195.1"	227	69	14	47.17		"Chromosome"	47619182	466762	3293648	90.4
"988044"	"species"	"Xestia baja"	"GCA_964341255.1"	148	70	30	38.08		"Chromosome"	524334717	9312715	18946780	94.60000000000001
"988044"	"species"	"Xestia baja"	"GCA_964341265.1"	185	52	32	38.14		"Chromosome"	584393306	8078656	19157355	98.80000000000001
"2979185"	"species"	"Argyresthia cupressella"	"GCA_964341315.1"	383	91	45	40.02		"Chromosome"	768396222	4117459	16193131	97.60000000000001
"58334"	"species"	"Quercus ilex"	"GCA_964341325.1"	625	99	12	36.28		"Chromosome"	847446887	3098746	72024377	98.5
"753175"	"species"	"Earias clorana"	"GCA_964341335.1"	124	52	32	36.08		"Chromosome"	385833847	7449542	12993232	98.7
"753175"	"species"	"Earias clorana"	"GCA_964341345.1"	159	76		35.95		"Scaffold"	346655295	7109769	12840255	94.2
"58334"	"species"	"Quercus ilex"	"GCA_964341355.1"	817	295	12	36.29		"Chromosome"	855785827	2802517	72620000	98.30000000000001
"934923"	"species"	"Catarhoe cuculata"	"GCA_964341365.1"	114	80	31	37.300000000000004		"Chromosome"	297559853	7063799	10625795	98.4
"2979185"	"species"	"Argyresthia cupressella"	"GCA_964341375.1"	357	70		40.03		"Scaffold"	764966787	4282790	16218475	97.4
"934923"	"species"	"Catarhoe cuculata"	"GCA_964341385.1"	101	67		37.28		"Scaffold"	297168724	7146600	10598422	98.4
"94722"	"species"	"Cerastoderma glaucum"	"GCA_964341395.1"	2731	780	19	35.82		"Chromosome"	1003242564	844920	50951717	78.80000000000001
"94722"	"species"	"Cerastoderma glaucum"	"GCA_964341405.1"	2324	313		35.81		"Scaffold"	1010763557	824566	52329088	78.80000000000001
"505408"	"species"	"Trichopteryx carpinata"	"GCA_964341415.1"	934	469	39	38.72		"Chromosome"	477014481	1520860	12574999	97.9
"505408"	"species"	"Trichopteryx carpinata"	"GCA_964341435.1"	663	222		38.7		"Scaffold"	476924318	1689983	12655097	98.2
"52113"	"species"	"Mesoplodon mirus"	"GCA_964341445.1"	3996	2756	21	42.49		"Chromosome"	3442403058	3298322	115717908	97.80000000000001
"52113"	"species"	"Mesoplodon mirus"	"GCA_964341485.1"	2457	1384		42		"Scaffold"	2956530355	3514308	107903203	
"989760"	"species"	"Crambus pascuella"	"GCA_964341515.1"	308	132	30	37.26		"Chromosome"	788209106	7883455	27973061	98.7
"989760"	"species"	"Crambus pascuella"	"GCA_964341525.1"	392	228	30	37.28		"Chromosome"	792173217	8279272	27653491	98.60000000000001
"3127293"	"species"	"Commophila aeneana"	"GCA_964341535.1"	218	40	25	38		"Chromosome"	429470125	7624073	15628076	98.4
"987910"	"species"	"Cryphia algae"	"GCA_964341545.1"	287	79	32	38.04		"Chromosome"	881987931	8443577	29458185	99
"147635"	"species"	"Ranunculus sceleratus"	"GCA_964341555.1"	844	316	16	40.76		"Chromosome"	2985354428	9723298	198107836	99.80000000000001
"987910"	"species"	"Cryphia algae"	"GCA_964341565.1"	291	130	30	38.01		"Chromosome"	818190721	6970323	29215057	94.7
"986989"	"species"	"Horisme tersata"	"GCA_964341575.1"	243	60	21	38.03		"Chromosome"	558116421	4574083	28016265	98.4
"3127293"	"species"	"Commophila aeneana"	"GCA_964341585.1"	126	57	23	38.32		"Chromosome"	322659160	7651263	14021759	84.9
"986989"	"species"	"Horisme tersata"	"GCA_964341595.1"	294	123		38.04		"Scaffold"	558959779	4400090	28067152	98.10000000000001
"241207"	"species"	"Carex extensa"	"GCA_964341605.1"	341	116	30	33.230000000000004		"Chromosome"	312151058	1956635	10670721	74.7
"147635"	"species"	"Ranunculus sceleratus"	"GCA_964341615.1"	671	192		40.67		"Scaffold"	3036673786	9908240	202304936	99.80000000000001
"241207"	"species"	"Carex extensa"	"GCA_964341625.1"	937	745		35.18		"Scaffold"	308422035	2018666	8276580	69.5
"313096"	"species"	"Lathyrus linifolius"	"GCA_964345755.1"	2743	1650	7	37.81		"Chromosome"	5159471692	7816247	697169871	98.30000000000001
"1869849"	"species"	"Epiblema cirsiana"	"GCA_964346505.1"	211	108		38.14		"Scaffold"	515197453	6531775	22321846	89
"1869849"	"species"	"Epiblema cirsiana"	"GCA_964346515.1"	171	30	27	38.12		"Chromosome"	592102068	7985705	23208825	98.30000000000001
"313096"	"species"	"Lathyrus linifolius"	"GCA_964346615.1"	1622	573		37.980000000000004		"Scaffold"	5050376427	8298423	696804025	98
"83653"	"species"	"Grampus griseus"	"GCA_964374135.1"	2283	1145	23	42.24		"Chromosome"	2667065542	3106000	107608252	95.5
"83653"	"species"	"Grampus griseus"	"GCA_964374185.1"	2135	1062		41.97		"Scaffold"	2403961738	3241223	105487727	92.80000000000001
"312765"	"species"	"Carex riparia"	"GCA_964374305.2"	374	175	36	34.5		"Chromosome"	418508304	2771306	11218380	
"1101047"	"species"	"Rhyacionia pinicolana"	"GCA_964374315.1"	168	88		38.24		"Scaffold"	579042779	9905000	24007467	86.30000000000001
"312765"	"species"	"Carex riparia"	"GCA_964374325.2"	315	148		34		"Scaffold"	411139965	3212005	11226657	
"1101047"	"species"	"Rhyacionia pinicolana"	"GCA_964374345.1"	337	227	29	38.26		"Chromosome"	740389360	9361241	23977579	98.5
"988167"	"species"	"Trichiura crataegi"	"GCA_964416535.1"	280	85	28	38.62		"Chromosome"	1112636323	9518138	35779109	98.60000000000001
"988167"	"species"	"Trichiura crataegi"	"GCA_964416835.1"	271	87		38.62		"Scaffold"	1115224364	10626359	35800584	98.7
"140783"	"species"	"Carex acutiformis"	"GCA_964417035.2"	595	385		35		"Scaffold"	421249982	2655608	9848006	
"35669"	"species"	"Larus argentatus"	"GCA_964417125.1"	989	533	33	44.52		"Chromosome"	1256866793	4497000	85940022	93.10000000000001
"140783"	"species"	"Carex acutiformis"	"GCA_964417155.2"	634	333	39	35		"Chromosome"	411490426	2180156	9783144	
"35669"	"species"	"Larus argentatus"	"GCA_964417175.1"	959	400	35	44.81		"Chromosome"	1417836755	3525167	88668981	97.4
"568243"	"species"	"Rhynchostegium megapolitanum"	"GCA_964467675.2"	589	21	11	35.5		"Chromosome"	315331462	970865	28564651	
"1594318"	"species"	"Orthotaenia undulana"	"GCA_964467725.1"	121	58		38.34		"Scaffold"	414510647	8670264	15055337	98.2
"1594318"	"species"	"Orthotaenia undulana"	"GCA_964468075.1"	172	93	28	38.300000000000004		"Chromosome"	415809771	7258786	15095000	98.30000000000001
"1594301"	"species"	"Eudonia murana"	"GCA_964468265.1"	661	460	28	37.67		"Chromosome"	550398201	3938866	20736617	89.10000000000001
"1594301"	"species"	"Eudonia murana"	"GCA_964468325.1"	821	210	31	37.54		"Chromosome"	729582000	3917269	22099841	98.60000000000001
"1569171"	"species"	"Prionocyphon serricornis"	"GCA_964468445.1"	1895	1029		34.5		"Scaffold"	704227371	1692592	22988916	
"1889767"	"species"	"Ribautiana ulmi"	"GCA_964468525.1"	489	148	9	35.64		"Chromosome"	1631340464	9296652	272323151	97.10000000000001
"1889767"	"species"	"Ribautiana ulmi"	"GCA_964468945.1"	5463	3377		36		"Scaffold"	1745274353	1547796	164165971	
"987984"	"species"	"Mythimna conigera"	"GCA_964503365.1"	160	62	31	38.980000000000004		"Chromosome"	850206511	10504398	28898610	99
"987984"	"species"	"Mythimna conigera"	"GCA_964503535.1"	188	74		38.99		"Scaffold"	849887922	10348218	29095264	98.80000000000001
"934841"	"species"	"Eupithecia absinthiata"	"GCA_964503905.1"	127	49	28	37.74		"Chromosome"	438661486	9149864	17506312	88.7
"934841"	"species"	"Eupithecia absinthiata"	"GCA_964503985.1"	203	73	32	37.77		"Chromosome"	513708529	9556070	17152143	98.10000000000001
"1858054"	"species"	"Pammene suspectana"	"GCA_964504545.2"	335	117	28	37.5		"Chromosome"	581279049	5777741	21528134	
"988156"	"species"	"Rhizedra lutosa"	"GCA_964504975.1"	163	68	32	38.03		"Chromosome"	651152838	9485839	21725978	99
"1858054"	"species"	"Pammene suspectana"	"GCA_964505205.1"	263	63	28	37.660000000000004		"Chromosome"	578926811	5497579	21237076	97.9
"988156"	"species"	"Rhizedra lutosa"	"GCA_964505675.1"	131	70		37.94		"Scaffold"	591376753	10294841	21779894	94.7
"988028"	"species"	"Ptilodon cucullina"	"GCA_964605245.1"	125	64		38.26		"Scaffold"	316730100	5587845	11352425	98.80000000000001
"118778"	"species"	"Tussilago farfara"	"GCA_964605395.1"	938	398	30	34.07		"Chromosome"	1596196676	4840604	51245651	97.9
"271739"	"species"	"Heterocladium heteropterum"	"GCA_964605405.2"	1361	796	11	38.5		"Chromosome"	332921871	1000725	26793777	
"122298"	"species"	"Blitum bonus-henricus"	"GCA_964605675.1"	512	139		36.47		"Scaffold"	1106397967	4951476	62616493	98
"122298"	"species"	"Blitum bonus-henricus"	"GCA_964605755.1"	569	184	18	36.5		"Chromosome"	1111067929	5396651	62979943	98.10000000000001
"988028"	"species"	"Ptilodon cucullina"	"GCA_964605925.1"	109	49	31	38.2		"Chromosome"	315328215	6932715	11278554	98.9
"118778"	"species"	"Tussilago farfara"	"GCA_964606135.1"	828	310		34.18		"Scaffold"	1580246002	4702953	51037759	97.80000000000001
"1471999"	"species"	"Gliophorus irrigatus"	"GCA_964638085.1"	68	45	16	49.5		"Chromosome"	28332183	1308741	1822071	
"1471999"	"species"	"Gliophorus irrigatus"	"GCA_964638125.1"	96	67	16	49.57		"Chromosome"	30515931	1226103	1691368	88
"326953"	"species"	"Euchoeca nebulata"	"GCA_964638615.1"	169	66	36	38.11		"Chromosome"	416701136	6147773	11100618	98.2
"326953"	"species"	"Euchoeca nebulata"	"GCA_964638805.1"	144	45		38.09		"Scaffold"	416059167	6898350	11241338	98.2
"671105"	"species"	"Calliergon cordifolium"	"GCA_964639475.2"	1825	1099	22	37		"Chromosome"	662055563	1440578	26779675	
"2925007"	"species"	"Anilocra frontalis"	"GCA_964640705.1"	3769	1021	8	39.4		"Chromosome"	8854037871	7490667	1160478065	92.2
"2925007"	"species"	"Anilocra frontalis"	"GCA_964640815.1"	43837	43835		38		"Scaffold"	11264305905	1399050	1399696	
"500837"	"species"	"Matthiola sinuata"	"GCA_964656065.1"	1463	134		40.160000000000004		"Scaffold"	2057219565	2418987	275147874	96.9
"59473"	"species"	"Pipistrellus nathusii"	"GCA_964656075.2"	759	453		42.300000000000004		"Scaffold"	1889000296	25749014	87695233	98.4
"1101045"	"species"	"Rhopobota ustomaculana"	"GCA_964656095.1"	274	109	28	38.47		"Chromosome"	666997142	6636414	24350980	98.2
"1101045"	"species"	"Rhopobota ustomaculana"	"GCA_964656135.1"	225	57	28	38.47		"Chromosome"	666918009	6638249	24815921	98.2
"59473"	"species"	"Pipistrellus nathusii"	"GCA_964656225.2"	703	396	22	42.19		"Chromosome"	1961706381	25164913	89973277	98.4
"347710"	"species"	"Batrachedra praeangusta"	"GCA_964656285.1"	4746	3684		37		"Scaffold"	520989634	634227	16474010	
"152964"	"species"	"Russula nigricans"	"GCA_964656295.1"	37	13	11	50.94		"Chromosome"	44205378	3314682	4165849	92.80000000000001
"500837"	"species"	"Matthiola sinuata"	"GCA_964656325.1"	1623	203	7	40.14		"Chromosome"	2066375029	2317000	276710281	97.30000000000001
"347710"	"species"	"Batrachedra praeangusta"	"GCA_964656335.1"	211	86	29	36.88		"Chromosome"	486926467	6777930	17625405	97.9
"152964"	"species"	"Russula nigricans"	"GCA_964656355.1"	31	11	11	50.96		"Chromosome"	45011098	3203228	4241509	92.80000000000001
"295817"	"species"	"Colydium elongatum"	"GCA_964656365.1"	8872	5373		35		"Scaffold"	382011446	76624	26196487	
"295817"	"species"	"Colydium elongatum"	"GCA_964656385.1"	484	162	10	35.09		"Chromosome"	450155504	2413158	52950275	99.7
"9711"	"species"	"Halichoerus grypus"	"GCA_964656455.1"	1300	170	16	41.56		"Chromosome"	2400061917	3750431	156124300	94.80000000000001
"9711"	"species"	"Halichoerus grypus"	"GCA_964656465.1"	1233	123		41.53		"Scaffold"	2387143391	3634403	180158780	94.5
"1448927"	"species"	"Triaxomera parasitella"	"GCA_964656495.1"	92	31		37.53		"Scaffold"	283825199	7159620	12503188	93.30000000000001
"997515"	"species"	"Polypogon plumigeralis"	"GCA_964656525.1"	253	125	31	35.88		"Chromosome"	639535507	9178940	21355528	98.60000000000001
"1448927"	"species"	"Triaxomera parasitella"	"GCA_964656535.1"	117	41	26	37.36		"Chromosome"	307860990	6745119	12858574	97.4
"997515"	"species"	"Polypogon plumigeralis"	"GCA_964656545.1"	204	109		35.88		"Scaffold"	639393410	8030254	21417694	98.60000000000001
"2769477"	"species"	"Neocochylis molliculana"	"GCA_964656565.1"	3606	1740		38		"Scaffold"	323728960	172033	8545762	
"758707"	"species"	"Acleris ferrugana"	"GCA_964656575.1"	340	205	31	37.5		"Chromosome"	480025470	4030766	13406671	98.2
"2769477"	"species"	"Neocochylis molliculana"	"GCA_964656585.1"	93	71	29	37.85		"Chromosome"	420540105	11514946	14428567	98.30000000000001
"346746"	"species"	"Bitoma crenata"	"GCA_964656825.2"	98	43	12	34		"Chromosome"	154473035	5672891	17562620	
"346746"	"species"	"Bitoma crenata"	"GCA_964656835.2"	802	454		34		"Scaffold"	145782354	622504	16633718	
"1553333"	"species"	"Grypus equiseti"	"GCA_964656865.1"	1592	228	12	32.230000000000004		"Chromosome"	779273440	968598	84483945	99.2
"1553333"	"species"	"Grypus equiseti"	"GCA_964656875.1"	13225	7620		32.5		"Scaffold"	746962496	129001	47448789	
"186693"	"species"	"Isopterygiella pulchella"	"GCA_964656885.2"	1830	348	22	39.5		"Chromosome"	641620782	762000	29568935	
"529431"	"species"	"Cyperus fuscus"	"GCA_964656925.2"	169	106	18	35		"Chromosome"	227451586	5024437	12755149	
"529431"	"species"	"Cyperus fuscus"	"GCA_964656935.2"	146	76		35		"Scaffold"	224746525	4820336	11810303	
"2725545"	"species"	"Trigonometopus frontalis"	"GCA_964659495.1"	1890	1072		33.21		"Scaffold"	650578040	1662224	119968068	95.9
"2725545"	"species"	"Trigonometopus frontalis"	"GCA_964659535.1"	192	28	6	33.29		"Chromosome"	671527859	7671391	122840103	98.10000000000001
"2882903"	"species"	"Suillia affinis"	"GCA_964659615.1"	217	21	6	32.25		"Chromosome"	380730153	3794944	70928149	99.10000000000001
"241205"	"species"	"Carex distans"	"GCA_964659625.2"	1470	319	35	34		"Chromosome"	356706902	439505	9926076	
"2882903"	"species"	"Suillia affinis"	"GCA_964659635.1"	2171	1401		32.28		"Scaffold"	399256616	861116	64393629	98.4
"53164"	"species"	"Lamium purpureum"	"GCA_964659645.2"	285	193		36.5		"Scaffold"	566709687	8919623	61649410	
"241205"	"species"	"Carex distans"	"GCA_964659655.2"	1506	387		34		"Scaffold"	363683705	438701	9769442	
"53164"	"species"	"Lamium purpureum"	"GCA_964659665.2"	303	203	9	36.5		"Chromosome"	581106170	10492197	61497587	
"36239"	"species"	"Mustela nivalis"	"GCA_964662095.1"	4948	2239		42.68		"Scaffold"	2835054152	1178999	121453323	91.10000000000001
"36239"	"species"	"Mustela nivalis"	"GCA_964662115.1"	6117	3179	22	43.54		"Chromosome"	3437857113	1161649	115392379	94.4
"1594282"	"species"	"Eana incanana"	"GCA_964662145.1"	122	52	30	37.18		"Chromosome"	372325737	6335641	12573430	98.60000000000001
"988148"	"species"	"Photedes minima"	"GCA_964662195.1"	47	39	31	38.730000000000004		"Chromosome"	694659110	24175547	24269339	99
"1594282"	"species"	"Eana incanana"	"GCA_964662215.1"	118	72		37.15		"Scaffold"	373403310	7934750	12585363	98.5
"1385253"	"species"	"Eutomostethus luteiventris"	"GCA_964662225.1"	236	58	6	38.410000000000004		"Chromosome"	272060923	4504252	44624808	95.9
"988148"	"species"	"Photedes minima"	"GCA_964662255.1"	995	507		38.5		"Scaffold"	694572550	2340182	23326503	
"267229"	"species"	"Rosa agrestis"	"GCA_964662835.1"	275	162	7	39.42		"Chromosome"	449997611	7043589	59677316	98.2
"267229"	"species"	"Rosa agrestis"	"GCA_964662855.1"	849	254	28	39.09		"Chromosome"	1939702862	5460888	71897752	98.9
"74787"	"species"	"Tripolium pannonicum"	"GCA_965111755.1"	10862	4029	9	36.29		"Chromosome"	8348753268	1979233	1019676980	97.30000000000001
"1107567"	"species"	"Anania coronata"	"GCA_965111815.1"	510	388	31	36.06		"Chromosome"	517281780	7458282	17182448	98.80000000000001
"74787"	"species"	"Tripolium pannonicum"	"GCA_965111825.1"	10143	3231		36.28		"Scaffold"	8399668565	1949114	1006957985	97.5
"1511665"	"species"	"Phaonia angelicae"	"GCA_965111845.1"	1563	926	5	35.03		"Chromosome"	1593878306	3922237	315025452	98.5
"1107567"	"species"	"Anania coronata"	"GCA_965111855.1"	185	114		36		"Scaffold"	442856584	7718513	16702271	91.60000000000001
"875886"	"species"	"Orthosia cerasi"	"GCA_965111865.1"	1185	463		38.5		"Scaffold"	1041410782	2922191	36717508	
"875886"	"species"	"Orthosia cerasi"	"GCA_965111875.1"	619	55	29	38.36		"Chromosome"	1022210785	3998917	35895517	98.2
"1511665"	"species"	"Phaonia angelicae"	"GCA_965111885.1"	1853	1287		34.980000000000004		"Scaffold"	1575571349	4352356	253905991	98.30000000000001
"15193"	"species"	"Carex hirta"	"GCA_965112195.1"	406	172		34.64		"Scaffold"	331113708	2443313	5938405	75.9
"15193"	"species"	"Carex hirta"	"GCA_965112215.1"	539	282	56	34.99		"Chromosome"	334500218	2215131	5741607	75.7
"457147"	"species"	"Melittis melissophyllum"	"GCA_965112265.1"	4470	4469		37.5		"Scaffold"	263155324	140989	140989	
"86092"	"species"	"Melampyrum sylvaticum"	"GCA_965112275.2"	2497	2496		40.5		"Scaffold"	137215946	81978	81978	
"457147"	"species"	"Melittis melissophyllum"	"GCA_965112285.1"	237	99	17	36.410000000000004		"Chromosome"	436704238	4481693	25553823	97.5
"86092"	"species"	"Melampyrum sylvaticum"	"GCA_965112295.1"	1107	36	9	40.75		"Chromosome"	4364701859	7117492	518619984	95.7
"191132"	"species"	"Impatiens parviflora"	"GCA_965112305.1"	1752	449	13	33.53		"Chromosome"	1754528848	2114818	123111817	95.4
"191132"	"species"	"Impatiens parviflora"	"GCA_965112315.1"	1446	448		33.160000000000004		"Scaffold"	1642216661	2331056	111357696	94.7
"1055714"	"species"	"Herbertus hutchinsiae"	"GCA_965112325.1"	1682	98	9	43.480000000000004		"Chromosome"	1091904923	1140822	118538448	78.60000000000001
"74630"	"species"	"Rosa spinosissima"	"GCA_965112335.1"	624	281	14	39.33		"Chromosome"	816103378	4051521	57400696	99
"934830"	"species"	"Cyclophora linearia"	"GCA_965112355.1"	464	238		36.99		"Scaffold"	284229923	2835998	10054570	98
"934830"	"species"	"Cyclophora linearia"	"GCA_965112375.1"	76	36	31	36.97		"Chromosome"	280217832	7520339	10109162	98.10000000000001
"758707"	"species"	"Acleris ferrugana"	"GCA_965112395.1"	1003	551		37.5		"Scaffold"	377112247	1318098	13545416	
"346868"	"species"	"Uleiota planata"	"GCA_965112435.1"	2013	2011		30		"Scaffold"	727345454	2218670	2218670	
"346868"	"species"	"Uleiota planata"	"GCA_965112455.1"	382	159	11	30.37		"Chromosome"	586491330	4820208	51641909	99.5
"347445"	"species"	"Prionychus ater"	"GCA_965112465.1"	667	234		36.64		"Scaffold"	347535631	1640624	31699122	94.10000000000001
"997535"	"species"	"Egira conspicillaris"	"GCA_965112475.1"	277	132		37.81		"Scaffold"	727864218	6919893	24651720	99
"997535"	"species"	"Egira conspicillaris"	"GCA_965112495.1"	403	257	30	37.81		"Chromosome"	724829187	7046615	24879582	99
"347445"	"species"	"Prionychus ater"	"GCA_965112505.1"	773	360	14	36.5		"Chromosome"	385219027	1817819	31509337	99.60000000000001
"74630"	"species"	"Rosa spinosissima"	"GCA_965112575.1"	451	153		39.31		"Scaffold"	796724610	4126100	55814085	98.9
"2561724"	"species"	"Scrobipalpa ocellatella"	"GCA_965112585.1"	781	199	30	38.24		"Chromosome"	968697622	2980521	32728062	98.2
"2561724"	"species"	"Scrobipalpa ocellatella"	"GCA_965112615.1"	547	116		38.27		"Scaffold"	840067506	3141789	32538423	90.5
"980960"	"species"	"Cerapteryx graminis"	"GCA_965112785.1"	5458	1405	30	38.81		"Chromosome"	1023388902	351168	34361239	98.10000000000001
"1553258"	"species"	"Dalopius marginatus"	"GCA_965112795.1"	5526	5526		35		"Contig"	686193690	659420	659420	
"142610"	"species"	"Orthothecium rufescens"	"GCA_965112805.2"	1122	348	11	39		"Chromosome"	313759311	622331	28669415	
"980960"	"species"	"Cerapteryx graminis"	"GCA_965112855.1"	5322	1220		38.78		"Scaffold"	1029197628	341787	34373719	97.80000000000001
"216479"	"species"	"Euphorbia maculata"	"GCA_965112875.1"	347	113		37.45		"Scaffold"	724523753	4295957	37560540	98.60000000000001
"111140"	"species"	"Russula delica"	"GCA_965112885.1"	261	94		52.83		"Scaffold"	47793101	501421	4211244	93.10000000000001
"1553258"	"species"	"Dalopius marginatus"	"GCA_965112895.1"	1716	1656	10	35.76		"Chromosome"	831207925	10236000	57945030	99.60000000000001
"111140"	"species"	"Russula delica"	"GCA_965112905.1"	312	159	11	52.72		"Chromosome"	49022622	530643	4150534	93.30000000000001
"216479"	"species"	"Euphorbia maculata"	"GCA_965112915.1"	408	148	20	37.51		"Chromosome"	753523765	4295425	37521981	98.7
"1104514"	"species"	"Nemapogon ruricolella"	"GCA_965113025.1"	1131	523	31	35.44		"Chromosome"	344244833	1001103	11399072	93.9
"1104514"	"species"	"Nemapogon ruricolella"	"GCA_965113035.1"	175	38	31	35.410000000000004		"Chromosome"	337264379	5868216	11627825	95.80000000000001
"13451"	"species"	"Corylus avellana"	"GCA_965113065.2"	504	236	11	36.5		"Chromosome"	361861227	2438761	31880159	
"388837"	"species"	"Aureoboletus gentilis"	"GCA_965113095.1"	79	11	11	48.29		"Chromosome"	40958937	957134	3762175	91.10000000000001
"1824969"	"species"	"Minettia fasciata"	"GCA_965113105.1"	1139	497		33.49		"Scaffold"	685899812	1972649	123032559	98.4
"988045"	"species"	"Xestia castanea"	"GCA_965113115.1"	318	77	32	38.53		"Chromosome"	721776094	7090254	24574882	98.9
"1824969"	"species"	"Minettia fasciata"	"GCA_965113145.1"	238	24	6	33.47		"Chromosome"	683088595	6643566	124064727	98.7
"388837"	"species"	"Aureoboletus gentilis"	"GCA_965113155.1"	213	213		47		"Contig"	3640335	17085	17085	
"13451"	"species"	"Corylus avellana"	"GCA_965113165.2"	315	82		36.5		"Scaffold"	354175660	2411135	46925725	
"988045"	"species"	"Xestia castanea"	"GCA_965113175.1"	339	135	32	38.46		"Chromosome"	685525249	6604235	23765450	94.60000000000001
"1384776"	"species"	"Arge ochropus"	"GCA_965113185.1"	896	46	9	41.62		"Chromosome"	239642833	786862	28668973	91.80000000000001
"2886949"	"species"	"Ephebe lanata"	"GCA_965113235.1"	87	87		48.5		"Contig"	3549224	50023	50023	
"2886949"	"species"	"Ephebe lanata"	"GCA_965113265.1"	335	311	7	48.18		"Chromosome"	38055185	1479018	4667345	95
"53011"	"species"	"Hypnum cupressiforme"	"GCA_965113285.1"	143	32	10	36.87		"Chromosome"	374411614	5679390	48124063	84.30000000000001
"58325"	"species"	"Leuciscus leuciscus"	"GCA_965113295.1"	2077	875	25	39.04		"Chromosome"	1198359543	1661817	43730789	97.60000000000001
"58325"	"species"	"Leuciscus leuciscus"	"GCA_965113325.1"	1677	530	25	38.99		"Chromosome"	1179019172	1833162	44626081	97.4
"109480"	"species"	"Myotis emarginatus"	"GCA_965115925.2"	531	305	22	42.54		"Chromosome"	2110521423	48680186	99609134	98.80000000000001
"109480"	"species"	"Myotis emarginatus"	"GCA_965115945.2"	682	418	22	42.31		"Chromosome"	2084877460	35846260	96701877	96.5
"198700"	"species"	"Orgyia recens"	"GCA_965115965.1"	334	84	31	34.19		"Chromosome"	533676160	7216682	18647209	98.80000000000001
"198700"	"species"	"Orgyia recens"	"GCA_965116105.1"	307	231		34.09		"Scaffold"	485535094	8520136	18135044	94.60000000000001
"988129"	"species"	"Mesapamea secalis"	"GCA_965117125.1"	573	446		38.980000000000004		"Scaffold"	1021207860	8703849	31845565	99.2
"1155256"	"species"	"Callitriche obtusangula"	"GCA_965117135.1"	482	164		34.47		"Scaffold"	1573677980	7335565	288439812	95.5
"753357"	"species"	"Larentia clavaria"	"GCA_965117145.1"	91	33		37.06		"Scaffold"	376658309	11067587	13760538	98.5
"987889"	"species"	"Atolmis rubricollis"	"GCA_965117165.1"	169	108		38.5		"Scaffold"	585853922	12355924	21035519	94.5
"988129"	"species"	"Mesapamea secalis"	"GCA_965117175.1"	669	549	31	38.97		"Chromosome"	1033822740	10472081	32267030	99.2
"753294"	"species"	"Cossus cossus"	"GCA_965117185.1"	217	67		34.79		"Scaffold"	519165716	4649548	18793154	98.5
"2795565"	"species"	"Maniola tithonus"	"GCA_965117195.1"	125	51		36.89		"Scaffold"	396385493	6126973	14920814	98.4
"753294"	"species"	"Cossus cossus"	"GCA_965117205.1"	254	89	30	34.77		"Chromosome"	518961920	4639560	18719714	98.7
"2795565"	"species"	"Maniola tithonus"	"GCA_965117215.1"	166	88	29	36.88		"Chromosome"	397656354	6786974	15039019	98.5
"987889"	"species"	"Atolmis rubricollis"	"GCA_965117225.1"	229	82	32	38.53		"Chromosome"	647875780	11608775	21147744	98.80000000000001
"753357"	"species"	"Larentia clavaria"	"GCA_965117235.1"	98	42	28	37.03		"Chromosome"	376488010	8963742	13733711	98.4
"1155256"	"species"	"Callitriche obtusangula"	"GCA_965117245.1"	792	418	5	34.46		"Chromosome"	1574495399	7269168	285762089	95.5
"857166"	"species"	"Pachyrhinus lethierryi"	"GCA_965118225.1"	2741	1379		31.68		"Scaffold"	512446012	649918	43772980	79.10000000000001
"857166"	"species"	"Pachyrhinus lethierryi"	"GCA_965118235.1"	181	20	11	31.67		"Chromosome"	619571432	8125853	55447666	98.9
"346798"	"species"	"Malthodes marginatus"	"GCA_965119225.1"	310	236		32.2		"Scaffold"	332933317	7903628	44168853	99.30000000000001
"346798"	"species"	"Malthodes marginatus"	"GCA_965119235.1"	511	400	6	32.19		"Chromosome"	343821388	7986321	44463143	99.30000000000001
"13044"	"species"	"Potentilla indica"	"GCA_965119295.1"	626	162		37.74		"Scaffold"	1436576254	4001603	34029893	99.2
"45623"	"species"	"Pelophylax lessonae"	"GCA_965119305.1"	4371	1327	13	43.76		"Chromosome"	5811227458	3786355	677924506	91.7
"45623"	"species"	"Pelophylax lessonae"	"GCA_965119315.1"	3680	977		43.730000000000004		"Scaffold"	5762139629	3827083	655532736	90.5
"74635"	"species"	"Rosa canina"	"GCA_965119325.1"	804	207	28	39.09		"Chromosome"	1925721015	6183938	70259056	99.10000000000001
"74635"	"species"	"Rosa canina"	"GCA_965119335.1"	302	182	7	39.14		"Chromosome"	516886968	6643055	71357145	95.80000000000001
"13044"	"species"	"Potentilla indica"	"GCA_965119345.1"	743	172	42	37.78		"Chromosome"	1525095436	3942825	35573808	99.30000000000001
"31218"	"species"	"Littorina obtusata"	"GCA_965119385.1"	75681	75619		42		"Scaffold"	1547053484	24148	24167	
"55617"	"species"	"Ophiocomina nigra"	"GCA_965119575.1"	4887	1987	25	37.14		"Chromosome"	1761190681	900404	68793918	96.4
"1588201"	"species"	"Limonius poneli"	"GCA_965119585.1"	575	260	9	34.45		"Chromosome"	1247439033	7740000	133651995	94.30000000000001
"1588201"	"species"	"Limonius poneli"	"GCA_965119595.1"	581	172	10	34.1		"Chromosome"	1351608197	6595346	136717598	99.2
"55617"	"species"	"Ophiocomina nigra"	"GCA_965119605.1"	4109	1235		37.22		"Scaffold"	1769098389	909102	67892843	96.4
"152972"	"species"	"Russula vesca"	"GCA_965121685.1"	124	11	11	49.93		"Chromosome"	55098841	1001079	5040368	93.80000000000001
"152972"	"species"	"Russula vesca"	"GCA_965121735.1"	164	77		49.910000000000004		"Scaffold"	56828736	1287834	4780932	93.9
"1587176"	"species"	"Chrysomela saliceti"	"GCA_965121785.1"	709	122	17	35.82		"Chromosome"	738629865	2151317	45385673	99
"60158"	"species"	"Lithobius variegatus"	"GCA_965122155.1"	2106	1056		40.08		"Scaffold"	1768000035	2653290	75835764	97.2
"1698855"	"species"	"Eratigena atrica"	"GCA_965122215.1"	1095	474	22	31.84		"Chromosome"	4947417122	21421710	231919006	98
"1587176"	"species"	"Chrysomela saliceti"	"GCA_965122525.1"	798	242		35.83		"Scaffold"	703317418	2044294	43772658	94.10000000000001
"1698855"	"species"	"Eratigena atrica"	"GCA_965122695.1"	21382	16106		32		"Scaffold"	2073313892	563779	3508480	
"3516"	"species"	"Alnus incana"	"GCA_965122795.1"	459	187	14	36.82		"Chromosome"	514978156	3766901	33257343	98.4
"278673"	"species"	"Petasites hybridus"	"GCA_965123105.1"	3622	2406	30	35.06		"Chromosome"	2802873612	4262117	90180561	98.10000000000001
"290518"	"species"	"Anseropoda placenta"	"GCA_965123965.1"	793	659		44.06		"Scaffold"	454266352	3305409	15657894	98.80000000000001
"290518"	"species"	"Anseropoda placenta"	"GCA_965124015.1"	1816	1675	22	44.09		"Chromosome"	533272402	2855574	14865178	98.7
"35930"	"species"	"Ranunculus sardous"	"GCA_965124125.1"	1824	830		41.34		"Scaffold"	2891875291	4409584	389804352	98.2
"3516"	"species"	"Alnus incana"	"GCA_965124665.1"	421	208		36.85		"Scaffold"	520084815	3474182	32724680	98.80000000000001
"35930"	"species"	"Ranunculus sardous"	"GCA_965125545.1"	1303	269	8	41.26		"Chromosome"	2812432190	4618000	337804797	98
"278673"	"species"	"Petasites hybridus"	"GCA_965125625.1"	2862	1776		35.1		"Scaffold"	2756822042	4495446	89124750	97.9
"61981"	"species"	"Cylindroiulus punctatus"	"GCA_965125795.1"	592	207	7	38.64		"Chromosome"	354088378	1367792	47054766	97
"61981"	"species"	"Cylindroiulus punctatus"	"GCA_965125805.1"	3935	3935		39		"Contig"	213661295	104810	104810	
"60158"	"species"	"Lithobius variegatus"	"GCA_965125955.1"	1715	623	23	40.04		"Chromosome"	1766494324	2691386	78175123	97.7
"752065"	"species"	"Polytrichastrum sexangulare"	"GCA_965127125.2"	920	610	14	41.5		"Chromosome"	804093771	4823889	56393046	
"214030"	"species"	"Anaplectoides prasina"	"GCA_965132145.1"	2332	2126		38		"Scaffold"	543820080	3288000	16587114	
"126797"	"species"	"Athene noctua"	"GCA_965140185.1"	1212	660		42.89		"Scaffold"	1302383638	3936840	86087203	97.30000000000001
"2998528"	"species"	"Dolichopus virgultorum"	"GCA_965140195.1"	823	167	7	25.69		"Chromosome"	817464019	2615359	135680635	92.80000000000001
"2998528"	"species"	"Dolichopus virgultorum"	"GCA_965140205.1"	913	349		25.72		"Scaffold"	806603628	2350433	121366718	91.9
"126797"	"species"	"Athene noctua"	"GCA_965140245.1"	1288	716	41	43.44		"Chromosome"	1355857592	4050372	86326089	97.30000000000001
"189534"	"species"	"Aythya marila"	"GCA_965140915.1"	1961	1268	40	42.160000000000004		"Chromosome"	1224516623	3182246	77037309	96.7
"189534"	"species"	"Aythya marila"	"GCA_965140925.1"	1031	459		41.92		"Scaffold"	1053096367	3347097	76458422	92.10000000000001
"434052"	"species"	"Scirpus sylvaticus"	"GCA_965151555.2"	225	36	31	35		"Chromosome"	320827370	2955856	10176075	
"2979192"	"species"	"Stilbops ruficornis"	"GCA_965151565.1"	4261	1935		38		"Scaffold"	306305836	119505	18353149	
"2979192"	"species"	"Stilbops ruficornis"	"GCA_965151575.1"	1237	114	12	38.21		"Chromosome"	334229720	563227	32327324	95.5
"110926"	"species"	"Cygnus columbianus"	"GCA_965151595.1"	1698	600		45.5		"Scaffold"	1147813669	1793818	65004887	
"110926"	"species"	"Cygnus columbianus"	"GCA_965151615.1"	1142	602	41	45.03		"Chromosome"	1293521421	3838603	78162771	97.10000000000001
"2719107"	"species"	"Tipula fascipennis"	"GCA_965151625.1"	807	453		32.06		"Scaffold"	1057377298	5025724	347450567	93.9
"2719107"	"species"	"Tipula fascipennis"	"GCA_965151645.1"	1345	960	5	32		"Chromosome"	1137007198	4457978	357015855	94.80000000000001
"434052"	"species"	"Scirpus sylvaticus"	"GCA_965151665.2"	215	79		35		"Scaffold"	314722181	2979780	10150604	
"987901"	"species"	"Charanyca trigrammica"	"GCA_965151675.1"	171	38	31	37.28		"Chromosome"	546429361	6003287	18956009	99
"987901"	"species"	"Charanyca trigrammica"	"GCA_965151685.1"	176	58		37.27		"Scaffold"	546584066	6245978	18846629	99
"34270"	"species"	"Syringa vulgaris"	"GCA_965152355.1"	587	262	23	34.800000000000004		"Chromosome"	1082788587	5937734	45559375	98.2
"34270"	"species"	"Syringa vulgaris"	"GCA_965152385.1"	521	242		34.83		"Scaffold"	1090997199	5901444	44757001	98.30000000000001
"934947"	"species"	"Melanthia procellata"	"GCA_965152645.1"	116	36	32	37.71		"Chromosome"	255514759	6706914	8959122	98.4
"934947"	"species"	"Melanthia procellata"	"GCA_965152655.1"	90	39		37.7		"Scaffold"	224209222	5611431	8673552	93.4
"1343502"	"species"	"Leia winthemii"	"GCA_965152685.1"	1750	1077		28.5		"Scaffold"	486995729	1357391	123059791	
"987945"	"species"	"Hada plebeja"	"GCA_965152705.1"	1182	576		39		"Scaffold"	621553627	2020471	20387581	
"55311"	"species"	"Aponogeton distachyos"	"GCA_965152715.1"	2101	1101	18	40.37		"Chromosome"	4498624888	7799266	279095616	88.30000000000001
"987945"	"species"	"Hada plebeja"	"GCA_965152725.1"	162	58	31	38.95		"Chromosome"	622247224	9400597	20902526	98.80000000000001
"55311"	"species"	"Aponogeton distachyos"	"GCA_965152745.1"	2421	1454	18	40.38		"Chromosome"	4442329043	8051486	277520145	88.2
"1343502"	"species"	"Leia winthemii"	"GCA_965152755.1"	335	88	5	28.51		"Chromosome"	466284415	3817325	126491374	92.7
"210355"	"species"	"Epilobium hirsutum"	"GCA_965153225.1"	1051	551		39.800000000000004		"Scaffold"	270042463	605007	11765977	85.5
"35712"	"species"	"Leersia oryzoides"	"GCA_965153235.2"	541	271	24	45		"Chromosome"	766351316	4504829	31173142	
"210355"	"species"	"Epilobium hirsutum"	"GCA_965153245.1"	1096	275	18	40.63		"Chromosome"	336043468	632547	18726569	94.60000000000001
"1660595"	"species"	"Bryophila domestica"	"GCA_965153255.1"	237	78	30	37.21		"Chromosome"	748235301	8111444	26700226	99.10000000000001
"986958"	"species"	"Comibaena bajularia"	"GCA_965153265.1"	2944	1634		36.5		"Scaffold"	388442354	321023	9790792	
"1660595"	"species"	"Bryophila domestica"	"GCA_965153275.1"	195	54		37.2		"Scaffold"	742708086	8521928	26368513	99
"986958"	"species"	"Comibaena bajularia"	"GCA_965153335.1"	94	49	32	36.64		"Chromosome"	369732892	8688059	13088103	98
"35712"	"species"	"Leersia oryzoides"	"GCA_965153345.2"	322	69	24	44.5		"Chromosome"	754424487	4507647	30958498	
"32247"	"species"	"Rubus idaeus"	"GCA_965153365.1"	287	164		38.26		"Scaffold"	288222645	3824679	37606599	98.5
"2881568"	"species"	"Aradus truncatus"	"GCA_965153375.1"	579	206	15	36.59		"Chromosome"	858627637	3648314	56912600	98.30000000000001
"2794005"	"species"	"Nanogona polydesmoides"	"GCA_965153385.1"	6728	6717		39.5		"Scaffold"	349041043	113242	113291	
"2794005"	"species"	"Nanogona polydesmoides"	"GCA_965153395.1"	1193	320	16	39.76		"Chromosome"	406261297	780963	25383153	96.10000000000001
"2881568"	"species"	"Aradus truncatus"	"GCA_965153405.1"	726	302		36.22		"Scaffold"	731582966	2592310	54998337	88.10000000000001
"32247"	"species"	"Rubus idaeus"	"GCA_965153425.1"	170	61	7	38.13		"Chromosome"	274190845	4102461	37275847	98.2
"39358"	"species"	"Prunella vulgaris"	"GCA_965154465.2"	434	123	14	36.5		"Chromosome"	574959399	4041815	42145546	
"1032817"	"species"	"Inocybe grammopodia"	"GCA_965154495.1"	831	829		46.5		"Scaffold"	52516832	134996	136764	
"1734906"	"species"	"Catocala promissa"	"GCA_965154525.1"	237	96		36.65		"Scaffold"	703778426	7255304	25627600	94.60000000000001
"1032817"	"species"	"Inocybe grammopodia"	"GCA_965154565.1"	167	91	13	46.24		"Chromosome"	49423315	901770	3773285	91.10000000000001
"39358"	"species"	"Prunella vulgaris"	"GCA_965154595.2"	438	151	14	36.5		"Chromosome"	577508625	4440218	42964990	
"1734906"	"species"	"Catocala promissa"	"GCA_965154605.1"	322	154	31	36.65		"Chromosome"	743982325	7402146	26037429	99
"5636"	"species"	"Panellus stipticus"	"GCA_965154615.1"	937	936		53.5		"Scaffold"	50755151	291663	291663	
"5636"	"species"	"Panellus stipticus"	"GCA_965154625.1"	168	66	13	53.120000000000005		"Chromosome"	40150070	718457	3027701	91.4
"988176"	"species"	"Drymonia dodonaea"	"GCA_965177995.1"	105	49		39.56		"Scaffold"	331166224	5842075	12100884	98.80000000000001
"307131"	"species"	"Ceutorhynchus obstrictus"	"GCA_965178005.1"	1733	1733		35		"Contig"	577578707	757707	757707	
"988176"	"species"	"Drymonia dodonaea"	"GCA_965178025.1"	115	46	31	39.56		"Chromosome"	330514582	6163101	12002092	98.7
"1594352"	"species"	"Teleiodes vulgella"	"GCA_965178035.1"	147	53	30	37.79		"Chromosome"	626950888	7676919	21048747	97.80000000000001
"987934"	"species"	"Euproctis chrysorrhoea"	"GCA_965178075.1"	108	39		36.300000000000004		"Scaffold"	492853178	9684436	38904553	98.7
"346795"	"species"	"Longitarsus dorsalis"	"GCA_965178105.1"	477	119	15	33.53		"Chromosome"	1034954490	7050000	66341637	98
"624169"	"species"	"Euthrix potatoria"	"GCA_965178115.1"	152	68	31	36.6		"Chromosome"	487857501	8229105	18020789	98.4
"1100904"	"species"	"Agapeta hamana"	"GCA_965178135.1"	202	25	13	38.51		"Chromosome"	432279984	3917479	56588899	81.10000000000001
"307131"	"species"	"Ceutorhynchus obstrictus"	"GCA_965178145.1"	436	193	14	35.06		"Chromosome"	728810078	4747246	56416078	99.2
"175228"	"species"	"Ribes rubrum"	"GCA_965178165.1"	686	331		36.81		"Scaffold"	821875245	3714636	101997956	98.30000000000001
"115345"	"species"	"Coccidula rufa"	"GCA_965178175.1"	1505	1100	10	34.12		"Chromosome"	1068724422	6434000	120539302	98.4
"98722"	"species"	"Jacobaea vulgaris"	"GCA_965178205.1"	3862	1335		36.15		"Scaffold"	2005077040	1356880	100224795	96.30000000000001
"346795"	"species"	"Longitarsus dorsalis"	"GCA_965178215.1"	8188	5025		33.67		"Scaffold"	990327040	496309	51108305	87
"98722"	"species"	"Jacobaea vulgaris"	"GCA_965178225.1"	5035	2395	20	36.14		"Chromosome"	2027853508	1307756	98425977	96.30000000000001
"987934"	"species"	"Euproctis chrysorrhoea"	"GCA_965178235.1"	114	22	14	36.28		"Chromosome"	492140510	9349559	39121674	98.60000000000001
"175228"	"species"	"Ribes rubrum"	"GCA_965178245.1"	885	487	8	36.92		"Chromosome"	834250574	3545883	102863307	98.4
"41500"	"species"	"Carlina vulgaris"	"GCA_965178275.1"	1946	708	10	39.49		"Chromosome"	3741354831	5153067	363605009	97.9
"115345"	"species"	"Coccidula rufa"	"GCA_965178285.1"	1362	928		34.12		"Scaffold"	1073541972	6142486	120543591	98.5
"624169"	"species"	"Euthrix potatoria"	"GCA_965178355.1"	125	42		36.61		"Scaffold"	466064757	8016046	17746976	94.2
"1594352"	"species"	"Teleiodes vulgella"	"GCA_965178365.1"	1841	1155		37.81		"Scaffold"	649857402	1675441	20137780	97.80000000000001
"1100904"	"species"	"Agapeta hamana"	"GCA_965178395.1"	469	44	15	38.53		"Chromosome"	666239130	2856222	84425575	98.5
"41500"	"species"	"Carlina vulgaris"	"GCA_965178405.1"	1620	417		39.46		"Scaffold"	3695978500	4918845	361613731	97.4
"30423"	"species"	"Coloeus monedula"	"GCA_965178535.1"	1744	1173	40	44.01		"Chromosome"	1109102816	3370455	64959247	91.7
"30423"	"species"	"Coloeus monedula"	"GCA_965178545.1"	1376	728	42	44.160000000000004		"Chromosome"	1263979770	3289653	75391489	96.5
"76515"	"species"	"Trichophorum cespitosum"	"GCA_965178565.2"	4050	4049		36.5		"Scaffold"	260398359	93444	93444	
"76515"	"species"	"Trichophorum cespitosum"	"GCA_965178605.1"	169	62	52	36.37		"Chromosome"	317897495	3075005	6716932	75.7
"103936"	"species"	"Bombus monticola"	"GCA_965178685.1"	351	216	18	38.06		"Chromosome"	306985611	2885390	17945787	97.30000000000001
"103936"	"species"	"Bombus monticola"	"GCA_965178715.1"	1272	1272		38		"Contig"	271094297	551406	551406	
"257867"	"species"	"Platalea leucorodia"	"GCA_965183785.1"	1012	408		43.51		"Scaffold"	1190439839	3600208	102182018	92.80000000000001
"257867"	"species"	"Platalea leucorodia"	"GCA_965183815.1"	1371	668	37	43.62		"Chromosome"	1345825956	3299000	94714899	97.4
"197003"	"species"	"Biphyllus lunatus"	"GCA_965194465.1"	383	334	18	28.95		"Chromosome"	421105867	10442000	23050102	99
"1869394"	"species"	"Acleris hyemana"	"GCA_965194575.1"	223	79	31	37.160000000000004		"Chromosome"	578441587	5220747	17545969	98.2
"1869394"	"species"	"Acleris hyemana"	"GCA_965194615.1"	158	61		37.14		"Scaffold"	453670133	5662565	17208273	89.10000000000001
"197003"	"species"	"Biphyllus lunatus"	"GCA_965194665.1"	201	143	18	28.72		"Chromosome"	417613572	8572763	26848231	99.10000000000001
"9768"	"species"	"Balaenoptera borealis"	"GCA_965194725.1"	2917	1851		41.68		"Scaffold"	2988821750	2797172	105947969	95.5
"9770"	"species"	"Balaenoptera physalus"	"GCA_965194765.1"	3706	2448		41.86		"Scaffold"	2850212336	2312464	106919552	92.80000000000001
"9768"	"species"	"Balaenoptera borealis"	"GCA_965194805.1"	3750	2571	22	42		"Chromosome"	3234557085	2585625	118917181	95.5
"9770"	"species"	"Balaenoptera physalus"	"GCA_965194825.1"	4127	2611	23	42.2		"Chromosome"	3442538501	2079521	110866263	95.60000000000001
"2561510"	"species"	"Mirificarma mulinella"	"GCA_965195295.1"	188	62		37.82		"Scaffold"	657327960	8029312	21366596	98.30000000000001
"476039"	"species"	"Thalictrum minus"	"GCA_965195305.1"	797	430		35.96		"Scaffold"	1008428882	3426553	42241024	99.30000000000001
"476039"	"species"	"Thalictrum minus"	"GCA_965195315.1"	904	456	21	36.09		"Chromosome"	994333314	3435089	46091054	99.2
"596548"	"species"	"Cupido minimus"	"GCA_965195325.1"	1316	953		37		"Scaffold"	496691493	2463248	20138502	
"687102"	"species"	"Limnaecia phragmitella"	"GCA_965195335.1"	1666	170	30	36.050000000000004		"Chromosome"	539224952	560314	18834007	98.5
"687102"	"species"	"Limnaecia phragmitella"	"GCA_965195365.1"	11249	4445		36.49		"Scaffold"	553775786	89617	14828821	88.30000000000001
"596548"	"species"	"Cupido minimus"	"GCA_965195375.1"	44	26	24	37.06		"Chromosome"	474388012	18941337	20355252	97.30000000000001
"2561510"	"species"	"Mirificarma mulinella"	"GCA_965195395.1"	258	109	30	37.800000000000004		"Chromosome"	658352239	7485854	21589240	98.2
"938207"	"species"	"Phytometra viridaria"	"GCA_965196595.1"	119	74		35.08		"Scaffold"	361847717	7886804	13069912	98.7
"988133"	"species"	"Mormo maura"	"GCA_965196615.1"	152	85		37.9		"Scaffold"	505512670	9019809	17122413	98.9
"988133"	"species"	"Mormo maura"	"GCA_965196665.1"	113	47	31	37.89		"Chromosome"	504556308	9907750	17191984	98.9
"753158"	"species"	"Bactra lancealana"	"GCA_965196735.1"	110	48	23	37.980000000000004		"Chromosome"	570208273	11072256	23541158	98.10000000000001
"753158"	"species"	"Bactra lancealana"	"GCA_965196755.1"	743	468		38		"Scaffold"	570804715	3758389	23090628	
"938207"	"species"	"Phytometra viridaria"	"GCA_965196775.1"	191	154	31	35.09		"Chromosome"	364606011	8041733	12943092	98.60000000000001
"49576"	"species"	"Torilis japonica"	"GCA_965197025.2"	299	128	8	34		"Chromosome"	551348505	6587701	68497555	
"2998517"	"species"	"Allygidius commutatus"	"GCA_965197035.1"	1181	371		35.03		"Scaffold"	1786687797	3716188	164479092	97.4
"2979194"	"species"	"Apaeleticus inimicus"	"GCA_965197045.1"	435	77	10	42.54		"Chromosome"	224008239	1611706	21824240	95.7
"798030"	"species"	"Ononis reclinata"	"GCA_965197055.1"	1164	94	30	33.12		"Chromosome"	1196220647	2277296	39932449	98.5
"2736688"	"species"	"Tipula scripta"	"GCA_965197065.1"	1904	1004	4	33.67		"Chromosome"	612046626	1191211	185816811	94.60000000000001
"2998517"	"species"	"Allygidius commutatus"	"GCA_965197075.1"	1251	443	10	35.02		"Chromosome"	1796070937	3933470	164246626	97.4
"2979194"	"species"	"Apaeleticus inimicus"	"GCA_965197085.1"	370	90		42.56		"Scaffold"	221536889	1812000	21277882	94.5
"49576"	"species"	"Torilis japonica"	"GCA_965197095.2"	297	118	8	34		"Chromosome"	531822686	5826366	66163904	
"798030"	"species"	"Ononis reclinata"	"GCA_965197105.1"	916	165		33.04		"Scaffold"	1136642483	2249426	37539013	98.4
"2736688"	"species"	"Tipula scripta"	"GCA_965197115.1"	1379	538	4	33.68		"Chromosome"	599163531	1309589	187575574	94.5
"1155252"	"species"	"Galatella linosyris"	"GCA_965198375.1"	2671	456	9	35.97		"Chromosome"	4455903098	3128633	521524287	97.2
"1155252"	"species"	"Galatella linosyris"	"GCA_965198385.1"	2556	388		35.96		"Scaffold"	4428665872	3139110	514591238	97.10000000000001
"92906"	"species"	"Carduus nutans"	"GCA_965198395.2"	965	590	8	36.5		"Chromosome"	796649189	3384835	93763019	
"92906"	"species"	"Carduus nutans"	"GCA_965198405.2"	677	294		36		"Scaffold"	792539805	3428843	98294978	
"325515"	"species"	"Spergula arvensis"	"GCA_965198425.1"	150	54		37.54		"Scaffold"	343863668	4859506	38271273	95.4
"1594371"	"species"	"Mompha subbistrigella"	"GCA_965198445.1"	133	37	30	35.1		"Chromosome"	337258091	5186894	11907169	98.30000000000001
"195138"	"species"	"Veronica scutellata"	"GCA_965198465.1"	457	196		39.24		"Scaffold"	770963220	4239548	83343994	96
"74693"	"species"	"Veronica anagallis-aquatica"	"GCA_965198475.1"	371	132		36.33		"Scaffold"	955939927	4935000	50218628	96.80000000000001
"904458"	"species"	"Petasites albus"	"GCA_965198505.1"	1558	938		35.03		"Scaffold"	2738219342	7794123	89529868	98.10000000000001
"74693"	"species"	"Veronica anagallis-aquatica"	"GCA_965198525.1"	376	110	18	36.410000000000004		"Chromosome"	1000668773	5367063	56551949	96.80000000000001
"987447"	"species"	"Pterostoma palpinum"	"GCA_965198555.1"	126	54	29	37.86		"Chromosome"	418674697	7695130	15123618	98.80000000000001
"195138"	"species"	"Veronica scutellata"	"GCA_965198585.1"	548	288	9	39.32		"Chromosome"	767319982	4954198	86660642	96.30000000000001
"904458"	"species"	"Petasites albus"	"GCA_965198595.1"	4009	3372	30	35.1		"Chromosome"	2845887869	7411461	88100263	98.2
"268080"	"species"	"Lapsana communis"	"GCA_965198615.1"	517	225	7	37.86		"Chromosome"	1043710947	5752753	152351827	97.7
"987949"	"species"	"Hadena compta"	"GCA_965198685.1"	220	90		38.730000000000004		"Scaffold"	683194731	6546163	23250924	99
"1280453"	"species"	"Brachmia blandella"	"GCA_965198705.1"	6946	3612		36.5		"Scaffold"	475837903	148385	13934898	
"43364"	"species"	"Aesculus hippocastanum"	"GCA_965198745.1"	462	108		36.74		"Scaffold"	506897474	2018743	25943417	98.30000000000001
"987949"	"species"	"Hadena compta"	"GCA_965198765.1"	238	82	31	38.78		"Chromosome"	687089854	7469808	23680352	98.9
"252537"	"species"	"Jacobaea maritima"	"GCA_965198775.1"	2922	707		36.46		"Scaffold"	2193897259	1572959	106761997	95.80000000000001
"262084"	"species"	"Ulmus minor"	"GCA_965198805.1"	1023	258	14	35.22		"Chromosome"	1700731587	3448940	117301425	97.7
"262084"	"species"	"Ulmus minor"	"GCA_965198815.1"	952	158		35.25		"Scaffold"	1703476505	3387102	122240820	97.4
"268080"	"species"	"Lapsana communis"	"GCA_965198925.1"	432	172		37.84		"Scaffold"	1031218025	5494548	152348962	97.4
"987447"	"species"	"Pterostoma palpinum"	"GCA_965198935.1"	108	48		37.84		"Scaffold"	416848856	9101888	14972369	98.80000000000001
"368684"	"species"	"Lobelia dortmanna"	"GCA_965198955.1"	498	20		38.53		"Scaffold"	756827298	2476484	108122652	92.5
"252537"	"species"	"Jacobaea maritima"	"GCA_965198965.1"	3470	1193	20	36.43		"Chromosome"	2191046023	1611000	110784988	95.7
"1280453"	"species"	"Brachmia blandella"	"GCA_965199015.1"	1464	500	31	36.57		"Chromosome"	498988443	757632	16582712	96.9
"942218"	"species"	"Aplocera plagiata"	"GCA_965199025.1"	76	35	31	37.050000000000004		"Chromosome"	327953490	7622065	11936218	98.30000000000001
"102714"	"species"	"Saxifraga aizoides"	"GCA_965199075.1"	1378	315	13	37.72		"Chromosome"	1445080489	2225640	106767620	96.2
"43364"	"species"	"Aesculus hippocastanum"	"GCA_965199115.1"	506	133	20	36.77		"Chromosome"	513587473	2092002	25744433	98.9
"102714"	"species"	"Saxifraga aizoides"	"GCA_965199195.1"	1302	207		37.71		"Scaffold"	1438942786	2179578	105082845	95.80000000000001
"1594371"	"species"	"Mompha subbistrigella"	"GCA_965199225.1"	2549	1808		35.2		"Scaffold"	362686852	701329	11227577	97.80000000000001
"368684"	"species"	"Lobelia dortmanna"	"GCA_965199305.1"	664	37	7	38.62		"Chromosome"	780100038	2047597	108895176	93.10000000000001
"942218"	"species"	"Aplocera plagiata"	"GCA_965199315.1"	90	54		37.08		"Scaffold"	309012253	7900487	11819727	94
"325515"	"species"	"Spergula arvensis"	"GCA_965199325.1"	266	160	9	37.71		"Chromosome"	348066997	4859504	38292802	95.5
"581251"	"species"	"Geranium molle"	"GCA_965199465.1"	493	396	13	39.28		"Chromosome"	399253194	6071158	29412803	93.80000000000001
"121557"	"species"	"Senecio sylvaticus"	"GCA_965199475.1"	803	226	20	34.63		"Chromosome"	1770530336	4982250	88498156	98.10000000000001
"3016916"	"species"	"Sparassis minoensis"	"GCA_965199485.1"	94	56	12	53.27		"Chromosome"	37324206	1092399	3454474	94.60000000000001
"1053365"	"species"	"Lobelia urens"	"GCA_965199505.2"	153	64	7	36		"Chromosome"	393054755	7068645	56406421	
"4166"	"species"	"Cymbalaria muralis"	"GCA_965199525.1"	541	416	7	35.44		"Chromosome"	427485095	6207821	57424162	97.5
"715724"	"species"	"Galium uliginosum"	"GCA_965199535.1"	432	313	11	38.95		"Chromosome"	528277042	7272685	45994941	94.5
"4166"	"species"	"Cymbalaria muralis"	"GCA_965199565.1"	355	246	7	35.68		"Chromosome"	387736741	5978285	54936358	97.5
"1053365"	"species"	"Lobelia urens"	"GCA_965199575.2"	208	93	7	36		"Chromosome"	399233072	6109186	56394074	
"3016916"	"species"	"Sparassis minoensis"	"GCA_965199605.1"	104	59	12	53.11		"Chromosome"	38117000	1170964	3478170	94.2
"581251"	"species"	"Geranium molle"	"GCA_965199615.1"	309	225		39.15		"Scaffold"	395290345	6050047	29312566	93.60000000000001
"121557"	"species"	"Senecio sylvaticus"	"GCA_965199645.1"	936	358	20	34.63		"Chromosome"	1815561282	5009491	91449534	98.10000000000001
"715724"	"species"	"Galium uliginosum"	"GCA_965199655.1"	320	193		38.86		"Scaffold"	529590361	6688450	46402435	94.5
"381397"	"species"	"Xyphosia miliaria"	"GCA_965200055.1"	770	261	7	33.08		"Chromosome"	806978011	4199855	132487932	98.60000000000001
"753286"	"species"	"Cauchas rufimitrella"	"GCA_965200275.1"	289	77		38.64		"Scaffold"	702693603	4620728	29861473	91.60000000000001
"76438"	"species"	"Eriophorum vaginatum"	"GCA_965200285.2"	1637	561	29	36		"Chromosome"	384020732	504336	12474518	
"76438"	"species"	"Eriophorum vaginatum"	"GCA_965200365.2"	2015	922	29	36.5		"Chromosome"	398675719	534136	12539945	
"381397"	"species"	"Xyphosia miliaria"	"GCA_965200985.1"	8227	6657	5	32.660000000000004		"Chromosome"	799900308	668759	129482239	97.9
"753286"	"species"	"Cauchas rufimitrella"	"GCA_965201095.1"	254	40	26	38.63		"Chromosome"	700509516	5217453	29525185	91.60000000000001
"59474"	"species"	"Pipistrellus pipistrellus"	"GCA_965203405.2"	611	241	22	42.95		"Chromosome"	1915894624	18707992	92154671	98.2
"189328"	"species"	"Potamogeton natans"	"GCA_965203715.2"	839	728	25	38		"Chromosome"	728990470	5497000	22351093	
"135518"	"species"	"Ribes uva-crispa"	"GCA_965203825.1"	6879	2028		36.660000000000004		"Scaffold"	799908516	199112	90758562	96.60000000000001
"59474"	"species"	"Pipistrellus pipistrellus"	"GCA_965204225.2"	656	298		42.88		"Scaffold"	1837922370	26588741	88235013	98.30000000000001
"1104519"	"species"	"Parachronistis albiceps"	"GCA_965204265.1"	9506	6878		36.5		"Scaffold"	485070317	134577	11418704	
"586954"	"species"	"Andrena barbilabris"	"GCA_965204585.1"	1174	822	6	40.42		"Chromosome"	461373375	2948775	80669418	97
"1104519"	"species"	"Parachronistis albiceps"	"GCA_965204955.1"	1707	407	30	36.410000000000004		"Chromosome"	400253216	575798	13854266	94.5
"189328"	"species"	"Potamogeton natans"	"GCA_965205115.2"	514	420		37.5		"Scaffold"	626828247	6192819	21032169	
"8524"	"species"	"Zootoca vivipara"	"GCA_965207765.1"	168	60	18	43.980000000000004		"Chromosome"	1424513601	35897402	95238227	94.80000000000001
"8524"	"species"	"Zootoca vivipara"	"GCA_965208345.1"	169	67	18	43.99		"Chromosome"	1423701498	25043895	95155244	94.80000000000001
"138560"	"species"	"Veronica persica"	"GCA_965211695.1"	208	60		36.28		"Scaffold"	594950977	5560622	42363234	96.60000000000001
"135518"	"species"	"Ribes uva-crispa"	"GCA_965211865.1"	7735	2943	8	36.87		"Chromosome"	812652959	206950	94913092	98
"138560"	"species"	"Veronica persica"	"GCA_965211895.1"	341	181	14	36.51		"Chromosome"	627588283	5657011	43899030	96.9
"2867256"	"species"	"Oxycera pygmaea"	"GCA_965211915.1"	3529	2347		39.5		"Scaffold"	788512419	945949	135590489	
"2026310"	"species"	"Closterotomus trivialis"	"GCA_965211925.1"	5273	5267		40.5		"Scaffold"	991211052	433441	434779	
"2026310"	"species"	"Closterotomus trivialis"	"GCA_965211935.1"	1737	752	16	40.32		"Chromosome"	1163703463	3343532	65621053	96.7
"169492"	"species"	"Orygma luctuosum"	"GCA_965211945.1"	5898	5093	5	33.79		"Chromosome"	370743862	106635	125008	79
"169492"	"species"	"Orygma luctuosum"	"GCA_965211955.1"	792	463	6	39.35		"Chromosome"	239251191	824738	38625301	98.30000000000001
"2867256"	"species"	"Oxycera pygmaea"	"GCA_965211965.1"	355	265	7	39.28		"Chromosome"	807305369	16933698	146805445	93.5
"361423"	"species"	"Sparganium emersum"	"GCA_965211975.2"	575	337		42.5		"Scaffold"	506263371	3275564	33745779	
"361423"	"species"	"Sparganium emersum"	"GCA_965211985.2"	634	385	15	42.5		"Chromosome"	501115767	3073351	33537519	
"4513"	"species"	"Hordeum vulgare"	"GCA_965212045.1"	1088	283	7	44.47		"Chromosome"	4046571490	8848934	586959397	96.2
"4513"	"species"	"Hordeum vulgare"	"GCA_965212065.1"	1408	473	7	44.51		"Chromosome"	4196682020	8747627	609999555	97.7
"2592077"	"species"	"Hierochloe odorata"	"GCA_965212095.1"	678	596	14	46.980000000000004		"Chromosome"	3601763366	72183165	251676326	99
"2592077"	"species"	"Hierochloe odorata"	"GCA_965212105.1"	455	360		46.99		"Scaffold"	3598216173	70445745	256402766	99
"987947"	"species"	"Hadena bicruris"	"GCA_965212155.1"	192	83		38.99		"Scaffold"	626600456	7549067	22440366	94.7
"414834"	"species"	"Meliscaeva cinctella"	"GCA_965212275.1"	652	116	5	33.38		"Chromosome"	753334112	2953125	225988982	96.2
"195289"	"species"	"Rhagonycha lignosa"	"GCA_965212295.1"	234	112	7	33.230000000000004		"Chromosome"	554743110	7941140	69891697	98.7
"987947"	"species"	"Hadena bicruris"	"GCA_965212325.1"	245	125	32	38.92		"Chromosome"	689558701	7515472	22368930	99
"174664"	"species"	"Lysimachia thyrsiflora"	"GCA_965212335.2"	975	517	21	33.5		"Chromosome"	1252306411	4042857	61729720	
"643570"	"species"	"Erica ciliaris"	"GCA_965212355.2"	198	54	12	41.5		"Chromosome"	438596535	5105092	34908660	
"174664"	"species"	"Lysimachia thyrsiflora"	"GCA_965212365.2"	1000	512		33.5		"Scaffold"	1265972079	4007856	61761461	
"347994"	"species"	"Lotus pedunculatus"	"GCA_965212415.1"	472	7	6	37.29		"Chromosome"	480457339	2275746	76796754	95.9
"643570"	"species"	"Erica ciliaris"	"GCA_965212425.2"	221	57		41.5		"Scaffold"	436788160	4865743	34940686	
"109058"	"species"	"Alnus cordata"	"GCA_965212435.1"	536	142	14	36.9		"Chromosome"	468521507	1921766	33608676	98.5
"414834"	"species"	"Meliscaeva cinctella"	"GCA_965212555.1"	3408	1519		33.5		"Scaffold"	770360424	727269	188669774	
"347994"	"species"	"Lotus pedunculatus"	"GCA_965212565.1"	2129	1379		37.5		"Scaffold"	499640687	1774912	68573404	
"109058"	"species"	"Alnus cordata"	"GCA_965212605.1"	482	88		36.86		"Scaffold"	468513655	1815117	33598541	98.30000000000001
"105906"	"species"	"Succisa pratensis"	"GCA_965213375.2"	1438	426		37.5		"Scaffold"	2317382097	3812380	232991685	
"53178"	"species"	"Teucrium scorodonia"	"GCA_965213385.2"	449	160	17	39		"Chromosome"	1035126113	5490132	59430467	
"195289"	"species"	"Rhagonycha lignosa"	"GCA_965213395.1"	2983	2983		33.5		"Contig"	542730280	344917	344917	
"280486"	"species"	"Philanthus triangulum"	"GCA_965213405.1"	497	379	13	41.97		"Chromosome"	575714910	2852635	12486260	97.2
"280486"	"species"	"Philanthus triangulum"	"GCA_965213425.1"	1251	1251		41		"Contig"	391441768	1155241	1155241	
"53178"	"species"	"Teucrium scorodonia"	"GCA_965213435.2"	412	167		39		"Scaffold"	990784638	6334883	59546855	
"105906"	"species"	"Succisa pratensis"	"GCA_965213445.2"	1894	902	10	37.5		"Chromosome"	2353071396	3849808	235668787	
"127129"	"species"	"Impatiens noli-tangere"	"GCA_965213605.1"	265	100		35.47		"Scaffold"	584760610	5276328	59074739	94.5
"127129"	"species"	"Impatiens noli-tangere"	"GCA_965213615.1"	281	109	10	35.52		"Chromosome"	591156323	5601001	58953581	94.5
"223678"	"species"	"Juncus squarrosus"	"GCA_965214595.2"	189	22	20	36.5		"Chromosome"	318492659	3803353	17146125	
"223678"	"species"	"Juncus squarrosus"	"GCA_965214765.2"	231	21	20	37		"Chromosome"	318489289	3814161	16905414	
"694383"	"species"	"Stachys alpina"	"GCA_965217315.1"	265	101		37.69		"Scaffold"	741278310	7740994	50048209	96.80000000000001
"238501"	"species"	"Genista pilosa"	"GCA_965217325.1"	4626	998	11	35.160000000000004		"Chromosome"	914403269	334299	86429157	96.10000000000001
"238501"	"species"	"Genista pilosa"	"GCA_965217335.1"	4465	908		35.14		"Scaffold"	907009400	328837	85562613	96
"694383"	"species"	"Stachys alpina"	"GCA_965217345.1"	324	124	15	37.730000000000004		"Chromosome"	744297240	6794587	49748155	96.9
"128204"	"species"	"Sphagnum girgensohnii"	"GCA_965217355.1"	431	40	21	36.6		"Chromosome"	432376067	1773014	23017309	82
"214053"	"species"	"Viola tricolor"	"GCA_965217365.1"	1285	369	13	41.660000000000004		"Chromosome"	1796619820	3071063	125029428	98.5
"214053"	"species"	"Viola tricolor"	"GCA_965217375.1"	1343	426	13	41.61		"Chromosome"	1824032818	3285929	124309205	98.4
"119177"	"species"	"Inula conyza"	"GCA_965217385.1"	7473	3548	16	37.410000000000004		"Chromosome"	3354090705	2910699	191515263	98.7
"119177"	"species"	"Inula conyza"	"GCA_965217395.1"	6326	2651		37.38		"Scaffold"	3313702603	2980591	192706056	98.7
"2709074"	"species"	"Phaeoclavulina alboapiculata"	"GCA_965217405.1"	69	15	14	48.17		"Chromosome"	49419918	1381930	3664921	92.30000000000001
"78609"	"species"	"Gonepteryx rhamni"	"GCA_965217415.1"	224	52		35.11		"Scaffold"	318006892	2396113	11221181	98.60000000000001
"78609"	"species"	"Gonepteryx rhamni"	"GCA_965217435.1"	210	51	31	35.11		"Chromosome"	317267609	2556599	11192694	98.5
"2709074"	"species"	"Phaeoclavulina alboapiculata"	"GCA_965217445.1"	98	40		48.24		"Scaffold"	50222509	1202136	3622039	92.2
"56482"	"species"	"Ramalina siliquosa"	"GCA_965218175.1"	96	61	18	42.59		"Chromosome"	38980098	1307399	1990246	95.7
"75948"	"species"	"Lactuca saligna"	"GCA_965218245.1"	1227	343	9	37.67		"Chromosome"	2155571437	4213943	235114484	97.9
"77623"	"species"	"Linnaea borealis"	"GCA_965218335.2"	468	241		39		"Scaffold"	775546918	5521669	44372440	
"183318"	"species"	"Ulex minor"	"GCA_965218405.1"	416	154		34.51		"Scaffold"	877267835	5741557	53527890	98
"169492"	"species"	"Orygma luctuosum"	"GCA_965218475.1"	3399	2733		34.5		"Scaffold"	433751739	416695	821000	
"169492"	"species"	"Orygma luctuosum"	"GCA_965218485.1"	659	402	5	38		"Chromosome"	265353850	1074702	35272055	
"987907"	"species"	"Cosmia affinis"	"GCA_965218505.1"	167	56		37.65		"Scaffold"	704847293	10303157	24028252	99
"2998532"	"species"	"Eremotylus marginatus"	"GCA_965218575.1"	427	72		42.31		"Scaffold"	324367975	1531610	24379149	93.80000000000001
"987907"	"species"	"Cosmia affinis"	"GCA_965218605.1"	170	48	31	37.65		"Chromosome"	705846216	10382974	24250422	99
"2998532"	"species"	"Eremotylus marginatus"	"GCA_965218635.1"	475	128	15	42.38		"Chromosome"	330927633	1585740	23493719	94
"77623"	"species"	"Linnaea borealis"	"GCA_965218665.2"	276	48	16	38.5		"Chromosome"	765107028	5579427	45768945	
"183318"	"species"	"Ulex minor"	"GCA_965218745.1"	456	180	16	34.47		"Chromosome"	878425790	4971336	53229788	98.2
"75948"	"species"	"Lactuca saligna"	"GCA_965218855.1"	1034	208		37.62		"Scaffold"	2107136690	4158967	230316678	96
"1301332"	"species"	"Flavoplaca marina"	"GCA_965225635.1"	329	43	18	43.230000000000004		"Chromosome"	36232587	154039	2241590	92.80000000000001
"988124"	"species"	"Hecatera bicolorata"	"GCA_965225645.1"	195	102		38.06		"Scaffold"	581782378	7794410	20043448	99
"1660628"	"species"	"Epinotia tenerana"	"GCA_965225655.1"	926	180	28	39.050000000000004		"Chromosome"	656661833	1580946	23910704	97.4
"1660628"	"species"	"Epinotia tenerana"	"GCA_965225675.1"	8883	8879		39		"Scaffold"	656780342	183299	183359	
"8173"	"species"	"Pagrus pagrus"	"GCA_965225695.1"	784	249		41.68		"Scaffold"	786794581	2483692	32537884	98.4
"559703"	"species"	"Polietes lardarius"	"GCA_965225745.1"	1417	980		35.89		"Scaffold"	1258971704	4634214	217493063	98.2
"753195"	"species"	"Lyonetia clerkella"	"GCA_965225755.1"	7128	5033		37.5		"Scaffold"	251077955	66739	481477	
"675739"	"species"	"Cirsium heterophyllum"	"GCA_965225835.1"	1316	706	17	35.95		"Chromosome"	944019485	2674182	50939392	97.9
"104503"	"species"	"Euphydryas aurinia"	"GCA_965225865.1"	1895	1029		34.5		"Scaffold"	704227371	1692592	22988916	
"675739"	"species"	"Cirsium heterophyllum"	"GCA_965225975.1"	1430	815		35.77		"Scaffold"	940461936	2618486	51269535	97.9
"700104"	"species"	"Monopis weaverella"	"GCA_965226035.1"	7278	4968		34		"Scaffold"	593620499	264958	18373286	
"38873"	"species"	"Fraxinus excelsior"	"GCA_965226085.2"	693	339	23	35		"Chromosome"	759711566	3596183	33045252	
"988124"	"species"	"Hecatera bicolorata"	"GCA_965226135.1"	196	77	31	38.11		"Chromosome"	584507146	7382964	20015719	99
"104503"	"species"	"Euphydryas aurinia"	"GCA_965226145.1"	54	38	31	34.4		"Chromosome"	711523049	23304763	24479486	98.80000000000001
"753195"	"species"	"Lyonetia clerkella"	"GCA_965226265.1"	3847	1707	31	37.72		"Chromosome"	255311309	137302	7476933	79.4
"38873"	"species"	"Fraxinus excelsior"	"GCA_965226315.2"	648	281		35		"Scaffold"	760969935	3030971	32935294	
"1301332"	"species"	"Flavoplaca marina"	"GCA_965226325.1"	26554	26515		45.5		"Scaffold"	866136023	47401	47471	
"1100941"	"species"	"Cauchas fibulella"	"GCA_965226335.1"	110	25	25	39.04		"Chromosome"	578625531	9914902	24761268	92.10000000000001
"700104"	"species"	"Monopis weaverella"	"GCA_965226455.1"	1063	268	25	33.82		"Chromosome"	547708301	1312235	22003946	93.2
"8173"	"species"	"Pagrus pagrus"	"GCA_965226575.1"	1111	575	24	41.730000000000004		"Chromosome"	825682423	2517928	32080377	98.7
"559703"	"species"	"Polietes lardarius"	"GCA_965226705.1"	1748	1334	5	36.31		"Chromosome"	1380557708	4415760	221024710	98.7
"1100941"	"species"	"Cauchas fibulella"	"GCA_965226765.1"	1468	533	25	39.050000000000004		"Chromosome"	573484050	1046186	23104312	89.7
"120439"	"species"	"Limaria hians"	"GCA_965230235.1"	1148	1142		34.5		"Scaffold"	1070875961	3341155	3350926	
"73625"	"species"	"Diphasiastrum alpinum"	"GCA_965230465.1"	6242	1728	23	40.71		"Chromosome"	3082763853	1140323	128704895	80.7
"73625"	"species"	"Diphasiastrum alpinum"	"GCA_965230475.1"	5036	651		40.63		"Scaffold"	2987715800	1096870	122157083	78.7
"98288"	"species"	"Sphaerium corneum"	"GCA_965230655.1"	87313	87313		35.5		"Contig"	3568810776	75370	75370	
"98288"	"species"	"Sphaerium corneum"	"GCA_965230695.1"	4756	1283	15	35.69		"Chromosome"	3625506042	1472648	269432599	79.4
"120439"	"species"	"Limaria hians"	"GCA_965230825.1"	497	279	18	34.65		"Chromosome"	1121252228	13045000	62629269	91.30000000000001
"2779764"	"species"	"Andreaea hookeri"	"GCA_965231225.2"	594	40	10	44.5		"Chromosome"	210592715	699417	20913689	
"1053407"	"species"	"Vicia parviflora"	"GCA_965231235.1"	1025	1025		36.5		"Contig"	40436357	36514	36514	
"100859"	"species"	"Vanellus vanellus"	"GCA_965231255.1"	3343	2407	34	44.52		"Chromosome"	1476605334	1930563	82789932	96.9
"100859"	"species"	"Vanellus vanellus"	"GCA_965231265.1"	1567	716		43.7		"Scaffold"	1339107340	2370806	86037662	97
"1126396"	"species"	"Sphecodes ephippius"	"GCA_965231285.1"	1019	901	24	38.230000000000004		"Chromosome"	568741411	12878831	28715923	96.2
"1053407"	"species"	"Vicia parviflora"	"GCA_965231315.1"	1292	164	7	35.58		"Chromosome"	2826491594	4201000	399062982	97.60000000000001
"8853"	"species"	"Branta canadensis"	"GCA_965231325.1"	4426	4426		43		"Contig"	1257981710	1348429	1348429	
"8853"	"species"	"Branta canadensis"	"GCA_965231335.1"	1144	613	40	44.14		"Chromosome"	1311882472	3892771	78989891	96.9
"169223"	"species"	"Honckenya peploides"	"GCA_965231345.1"	641	269	34	36.53		"Chromosome"	3591154256	19456147	108011306	95.10000000000001
"169223"	"species"	"Honckenya peploides"	"GCA_965231355.2"	606	242		36.5		"Scaffold"	3583005991	16699302	107107135	
"183277"	"species"	"Malva neglecta"	"GCA_965231755.2"	614	449	21	33.5		"Chromosome"	576897925	5307401	27335881	
"183277"	"species"	"Malva neglecta"	"GCA_965231965.2"	329	176	21	33.5		"Chromosome"	505284065	4970624	23776027	
"673927"	"species"	"Hypericum hircinum"	"GCA_965233335.1"	349	182	20	39.660000000000004		"Chromosome"	421803915	3343866	19346129	94.5
"101193"	"species"	"Corylus colurna"	"GCA_965233385.1"	320	93		37.02		"Scaffold"	371707720	2398189	33353929	98.5
"2822767"	"species"	"Inocybe obscuroides"	"GCA_965233395.1"	434	432		47.5		"Scaffold"	49078556	252727	252727	
"40919"	"species"	"Heracleum sphondylium"	"GCA_965233405.1"	857	337		36		"Scaffold"	2027957199	6495014	176384518	98.7
"673927"	"species"	"Hypericum hircinum"	"GCA_965233415.1"	362	206		39.57		"Scaffold"	403748682	3034525	18291592	91.60000000000001
"101193"	"species"	"Corylus colurna"	"GCA_965233425.1"	295	64	11	37		"Chromosome"	376488111	3014000	35242391	98.5
"203270"	"species"	"Berberis aquifolium"	"GCA_965233435.1"	714	243	14	38.76		"Chromosome"	1046952764	3067503	68313880	99
"40919"	"species"	"Heracleum sphondylium"	"GCA_965233475.1"	946	408	11	35.96		"Chromosome"	2028217319	6084417	179908808	98.5
"56531"	"species"	"Inula salicina"	"GCA_965233545.1"	1469	485	8	36.77		"Chromosome"	1549176105	2678284	165532754	97.80000000000001
"56531"	"species"	"Inula salicina"	"GCA_965233555.1"	1802	871	8	36.76		"Chromosome"	1530290090	2898069	164074642	97.80000000000001
"203270"	"species"	"Berberis aquifolium"	"GCA_965233575.1"	754	184	14	38.59		"Chromosome"	1020928172	3146536	75267984	99
"2822767"	"species"	"Inocybe obscuroides"	"GCA_965233645.1"	134	64	11	47.33		"Chromosome"	49949292	1176134	3984199	90.60000000000001
"295837"	"species"	"Cryptomonas baltica"	"GCA_965233955.1"	4231	4231		57.5		"Contig"	255180203	88459	88459	
"753146"	"species"	"Acronicta rumicis"	"GCA_965233995.1"	512	393		37.25		"Scaffold"	528046067	8117748	18341344	94.30000000000001
"753146"	"species"	"Acronicta rumicis"	"GCA_965234005.1"	73	53	32	37.32		"Chromosome"	582862073	18932162	19305617	98.80000000000001
"987881"	"species"	"Apamea lithoxylaea"	"GCA_965234015.1"	1204	623	32	39		"Chromosome"	577732613	1537045	18850630	98.80000000000001
"1594343"	"species"	"Scoparia pyralella"	"GCA_965234025.1"	3827	1058	31	38.1		"Chromosome"	946904500	574047	31400769	97
"875882"	"species"	"Odontopera bidentata"	"GCA_965234035.1"	523	282		38.37		"Scaffold"	498072748	3316463	17548916	97.9
"502524"	"species"	"Viola stagnina"	"GCA_965234045.1"	529	529		40		"Contig"	14649564	30960	30960	
"500269"	"species"	"Geomyza tripunctata"	"GCA_965234075.1"	517	262		45		"Scaffold"	231266022	1554935	69485531	
"1594343"	"species"	"Scoparia pyralella"	"GCA_965234105.1"	17930	17924		38		"Scaffold"	987038785	124945	125058	
"683971"	"species"	"Tischeria ekebladella"	"GCA_965234125.1"	2410	2021		37		"Scaffold"	494244606	1728565	18407741	
"987881"	"species"	"Apamea lithoxylaea"	"GCA_965234145.1"	891	372		38.87		"Scaffold"	521258872	1587645	18702767	94.7
"500269"	"species"	"Geomyza tripunctata"	"GCA_965234165.1"	127	12	3	44.92		"Chromosome"	223303114	3582598	69927139	97.80000000000001
"502524"	"species"	"Viola stagnina"	"GCA_965234175.1"	332	60	10	38.36		"Chromosome"	566929314	3121374	55391568	98.4
"683971"	"species"	"Tischeria ekebladella"	"GCA_965234195.1"	198	88	24	36.94		"Chromosome"	491036455	10358453	19975143	88.7
"875882"	"species"	"Odontopera bidentata"	"GCA_965234205.1"	626	334	31	38.35		"Chromosome"	494531652	2918779	17505727	98.10000000000001
"226150"	"species"	"Volucella pellucens"	"GCA_965234375.1"	492	275	7	39.42		"Chromosome"	1242108113	14899384	204477830	96.7
"226150"	"species"	"Volucella pellucens"	"GCA_965234465.1"	1912	1175	5	39.39		"Chromosome"	1244294742	4598205	208445278	95.30000000000001
"22511"	"species"	"Lythrum hyssopifolia"	"GCA_965234785.1"	1048	218		42.62		"Scaffold"	620072601	1171557	79525599	97.2
"261772"	"species"	"Filago pyramidata"	"GCA_965234795.1"	294	28	14	33.46		"Chromosome"	617772229	7301134	41485961	98.30000000000001
"2998551"	"species"	"Vulgichneumon bimaculatus"	"GCA_965234805.1"	2703	2703		39.5		"Contig"	31127858	11373	11373	
"2998551"	"species"	"Vulgichneumon bimaculatus"	"GCA_965234825.1"	1806	593	13	42.43		"Chromosome"	277195395	386285	20496662	96
"28469"	"species"	"Hylocomiadelphus triquetrus"	"GCA_965234835.1"	436	214	6	37.86		"Chromosome"	472048547	4542045	67724493	84
"261772"	"species"	"Filago pyramidata"	"GCA_965234845.1"	233	93		33.38		"Scaffold"	614247579	7290965	45135684	98.2
"22511"	"species"	"Lythrum hyssopifolia"	"GCA_965234855.1"	1644	651	10	42.79		"Chromosome"	659862002	1112061	84487723	97.5
"92596"	"species"	"Lonchoptera lutea"	"GCA_965234885.1"	599	490	6	28.23		"Chromosome"	406202705	2363033	39623735	95.30000000000001
"1870704"	"species"	"Pseudoswammerdamia combinella"	"GCA_965234895.1"	162	61	32	38.81		"Chromosome"	604801400	7473361	20642196	97.5
"92596"	"species"	"Lonchoptera lutea"	"GCA_965234905.1"	2740	2740		30.5		"Contig"	366358248	479867	479867	
"1226587"	"species"	"Ilione lineata"	"GCA_965234915.1"	1463	516	6	34.18		"Chromosome"	1281106871	2672502	243491341	97.4
"28469"	"species"	"Hylocomiadelphus triquetrus"	"GCA_965234945.1"	2909	2909		38.5		"Contig"	88128084	32177	32177	
"1870704"	"species"	"Pseudoswammerdamia combinella"	"GCA_965234965.1"	2301	1343		39		"Scaffold"	597281968	786518	19351362	
"1226587"	"species"	"Ilione lineata"	"GCA_965234975.1"	1239	380	6	34.18		"Chromosome"	1270433494	2916825	241812383	97.4
"31218"	"species"	"Littorina obtusata"	"GCA_965235085.1"	6425	2173	17	42.19		"Chromosome"	1077495798	326000	54354338	78.9
"175037"	"species"	"Hottonia palustris"	"GCA_965239585.1"	668	185	10	34.97		"Chromosome"	740387802	2571412	68789848	94.4
"175037"	"species"	"Hottonia palustris"	"GCA_965239615.1"	702	197	10	34.99		"Chromosome"	743026818	2620674	69714689	94.4
"1504855"	"species"	"Nothochrysa capitata"	"GCA_965239645.1"	1191	1145		28.37		"Scaffold"	587482806	18981941	93133125	91.9
"1504855"	"species"	"Nothochrysa capitata"	"GCA_965240235.1"	1598	1527	8	28.23		"Chromosome"	688430666	19002780	61893665	97.2
"175095"	"species"	"Primula scotica"	"GCA_965240245.1"	5806	1357	27	36.44		"Chromosome"	3144641310	955297	114394906	96.2
"115622"	"species"	"Polycarpon tetraphyllum"	"GCA_965240255.1"	711	191		36.9		"Scaffold"	1252445914	3647266	40028049	96.30000000000001
"58660"	"species"	"Leontodon hispidus"	"GCA_965240265.1"	2134	448	7	36.95		"Chromosome"	1982113193	1845840	296859037	98.5
"115622"	"species"	"Polycarpon tetraphyllum"	"GCA_965240275.1"	879	332	32	36.95		"Chromosome"	1264339786	3513271	40080858	96.30000000000001
"58660"	"species"	"Leontodon hispidus"	"GCA_965240285.1"	2405	743	7	36.97		"Chromosome"	2022702950	1961242	304487635	98.4
"186706"	"species"	"Pseudotaxiphyllum elegans"	"GCA_965240295.2"	479	111	11	38		"Chromosome"	307958871	1428855	25769256	
"175095"	"species"	"Primula scotica"	"GCA_965240305.1"	4126	819	27	36.410000000000004		"Chromosome"	2627377735	1053253	92036935	95.5
"346787"	"species"	"Lathrobium brunnipes"	"GCA_965240315.1"	1471	564	11	33.36		"Chromosome"	465498981	1077214	42629934	99.2
"2793623"	"species"	"Stylops aterrimus"	"GCA_965240395.1"	179	18	8	33.28		"Chromosome"	85406486	838485	8351253	75.8
"39932"	"species"	"Leotia lubrica"	"GCA_965240415.1"	9700	9700		48		"Contig"	218007224	36374	36374	
"2793623"	"species"	"Stylops aterrimus"	"GCA_965240455.1"	4565	4527		33.5		"Scaffold"	484929901	241086	244860	
"39932"	"species"	"Leotia lubrica"	"GCA_965240495.1"	41	15	14	47.57		"Chromosome"	86083220	5480364	6232439	92.5
"346787"	"species"	"Lathrobium brunnipes"	"GCA_965240505.1"	1083	358		33.28		"Scaffold"	422782470	1049616	45434400	94.10000000000001
"1101015"	"species"	"Lozotaenia forsterana"	"GCA_965247195.1"	201	83		38.25		"Scaffold"	673948095	8173131	22851005	98.60000000000001
"1101015"	"species"	"Lozotaenia forsterana"	"GCA_965247445.1"	188	52	30	38.24		"Chromosome"	657976485	7467167	23385065	98.7
"1088609"	"species"	"Ammophila pubescens"	"GCA_965247545.1"	2607	2593		46		"Scaffold"	402360347	453891	458348	
"1088609"	"species"	"Ammophila pubescens"	"GCA_965247725.1"	1278	677	28	43.730000000000004		"Chromosome"	528531114	985732	8514452	93.80000000000001
"144254"	"species"	"Aleiodes similis"	"GCA_965249695.1"	359	33	15	34.27		"Chromosome"	280827476	1493954	17702680	96.4
"144254"	"species"	"Aleiodes similis"	"GCA_965249795.1"	346	50		34.300000000000004		"Scaffold"	284391964	1750920	17999120	96.5
"54496"	"species"	"Rallus aquaticus"	"GCA_965250365.1"	2346	1570	39	43.85		"Chromosome"	1266648806	4112000	86795660	97
"8934"	"species"	"Columba palumbus"	"GCA_965250375.1"	1259	718	38	43.65		"Chromosome"	1362502569	3440717	72549161	96.80000000000001
"190354"	"species"	"Idaea seriata"	"GCA_965250385.1"	9040	9036		35		"Scaffold"	338954918	61284	61284	
"132587"	"species"	"Anser fabalis"	"GCA_965250395.1"	1851	878	38	44.08		"Chromosome"	1316274463	2200672	78817196	96.80000000000001
"8934"	"species"	"Columba palumbus"	"GCA_965250405.1"	6521	6521		45		"Contig"	1822623322	1257072	1257072	
"54496"	"species"	"Rallus aquaticus"	"GCA_965250415.1"	5835	5835		44		"Contig"	1328691855	1403032	1403032	
"38596"	"species"	"Ajuga reptans"	"GCA_965250425.2"	1016	541	16	37.5		"Chromosome"	984048775	5690821	58257343	
"190354"	"species"	"Idaea seriata"	"GCA_965250435.1"	298	72	25	34.74		"Chromosome"	391197971	2639100	15325197	98.60000000000001
"38596"	"species"	"Ajuga reptans"	"GCA_965250445.2"	788	352		37		"Scaffold"	958490305	5481675	58877697	
"132587"	"species"	"Anser fabalis"	"GCA_965250455.1"	8039	8039		44.5		"Contig"	962335329	624001	624001	
"31220"	"species"	"Littorina saxatilis"	"GCA_965250465.1"	69913	69587		42		"Scaffold"	1280162053	18026	18038	
"31220"	"species"	"Littorina saxatilis"	"GCA_965250475.1"	23933	3495	17	42.18		"Chromosome"	1619639537	111662	81898310	76.60000000000001
"71905"	"species"	"Mycena galericulata"	"GCA_965250625.1"	447	142		51.7		"Scaffold"	104227979	923561	8615447	92.4
"170916"	"species"	"Ornithomya avicularia"	"GCA_965250645.1"	127	9	6	33.04		"Chromosome"	161152450	2327322	28842293	96.60000000000001
"71905"	"species"	"Mycena galericulata"	"GCA_965250825.1"	490	195	13	51.46		"Chromosome"	104721594	925053	8612780	92
"170916"	"species"	"Ornithomya avicularia"	"GCA_965250865.1"	79	4		32.77		"Scaffold"	116465649	2336211	29124873	80.60000000000001
"767568"	"species"	"Sparganium erectum"	"GCA_965251215.2"	278	180		43		"Scaffold"	470300028	6680200	28220574	
"767568"	"species"	"Sparganium erectum"	"GCA_965251275.2"	479	317	15	43		"Chromosome"	485592283	5782289	29766156	
"241206"	"species"	"Carex elata"	"GCA_965260805.2"	493	126		35		"Scaffold"	412354392	1685393	10643030	
"1342033"	"species"	"Leiosoma deflexum"	"GCA_965260825.1"	348	158		34.13		"Scaffold"	629817513	5009517	37547102	99
"1342033"	"species"	"Leiosoma deflexum"	"GCA_965260835.1"	390	188	17	34.15		"Chromosome"	628169846	5745900	42277763	99.2
"241206"	"species"	"Carex elata"	"GCA_965260875.2"	514	148	40	35		"Chromosome"	414860826	1766269	10681593	
"470278"	"species"	"Salix cinerea"	"GCA_965260915.1"	666	324		35.02		"Scaffold"	1004230957	4045275	28707189	98.4
"467613"	"species"	"Salix repens"	"GCA_965260945.1"	541	204	19	35.39		"Chromosome"	363734021	2413289	18448369	97.5
"470278"	"species"	"Salix cinerea"	"GCA_965260955.1"	572	437	19	36.63		"Chromosome"	386716079	3589936	17406329	97.30000000000001
"467613"	"species"	"Salix repens"	"GCA_965260975.1"	428	117	19	35.15		"Chromosome"	349326274	2448416	17605922	97.60000000000001
"30193"	"species"	"Bombus lucorum"	"GCA_965261305.1"	293	165	18	36.550000000000004		"Chromosome"	360640413	3012367	17625526	97.4
"88532"	"species"	"Lasioglossum leucozonium"	"GCA_965262445.1"	1385	1308	18	41		"Chromosome"	545381366	2704206	6462898	95.5
"30193"	"species"	"Bombus lucorum"	"GCA_965262655.1"	630	630		37.5		"Contig"	326830821	1675445	1675445	
"1124896"	"species"	"Trypoxylon clavicerum"	"GCA_965263705.1"	323	230	9	43.94		"Chromosome"	270886707	10061818	24813245	94.9
"39353"	"species"	"Paulownia tomentosa"	"GCA_965263725.1"	272	39	20	31.580000000000002		"Chromosome"	523448902	11998578	27180994	98.9
"1170862"	"species"	"Trocdaris verticillata"	"GCA_965263735.1"	537	307	11	34.6		"Chromosome"	627406795	4783000	57079934	98.2
"1124896"	"species"	"Trypoxylon clavicerum"	"GCA_965263745.1"	1625	1625		43.5		"Contig"	201717063	269618	269618	
"39353"	"species"	"Paulownia tomentosa"	"GCA_965263755.1"	248	203	20	31.740000000000002		"Chromosome"	513677381	11098145	24510407	99
"1170862"	"species"	"Trocdaris verticillata"	"GCA_965263775.1"	493	251		34.68		"Scaffold"	626511834	4507019	57511768	98.60000000000001
"71933"	"species"	"Amanita rubescens"	"GCA_965266945.1"	124	59		47.24		"Scaffold"	36833561	1056557	3151042	91.9
"71933"	"species"	"Amanita rubescens"	"GCA_965266955.1"	77	18	12	47.27		"Chromosome"	34096625	1583420	2720495	92.5
"688286"	"species"	"Lophiolepis eriophora"	"GCA_965275825.1"	1656	1057		37.410000000000004		"Scaffold"	1589592816	4172933	87307745	97.9
"688286"	"species"	"Lophiolepis eriophora"	"GCA_965275835.1"	1658	1011	17	37.300000000000004		"Chromosome"	1578568570	4029429	95016472	97.9
"89411"	"species"	"Descurainia sophia"	"GCA_965275845.1"	179	40	14	35.83		"Chromosome"	262068144	3017606	17972530	99.5
"222052"	"species"	"Phlegmacium triumphans"	"GCA_965275855.1"	499	155	13	43.07		"Chromosome"	168565024	824317	13644938	94.9
"89411"	"species"	"Descurainia sophia"	"GCA_965275865.1"	223	92		35.97		"Scaffold"	262554721	3097152	17698059	99.4
"988050"	"species"	"Xylena vetusta"	"GCA_965275965.1"	115	99	31	37.93		"Chromosome"	611088495	20351139	20450959	99
"988050"	"species"	"Xylena vetusta"	"GCA_965275975.1"	89	72		37.89		"Scaffold"	608867227	19606475	20335937	99
"91752"	"species"	"Hericium erinaceus"	"GCA_965276415.1"	103	16	10	52.58		"Chromosome"	44730733	861890	4435691	95.4
"1553591"	"species"	"Notoxus monoceros"	"GCA_965276425.1"	1042	763		32.31		"Scaffold"	1120361250	5787856	135108468	94.4
"91752"	"species"	"Hericium erinaceus"	"GCA_965276445.1"	1325	1325		51.5		"Contig"	62657397	127684	127684	
"1553591"	"species"	"Notoxus monoceros"	"GCA_965276455.1"	1019	719	9	32.2		"Chromosome"	1173059713	5447211	130424048	99.2
"1101028"	"species"	"Pammene giganteana"	"GCA_965276495.1"	23618	19260		37.5		"Scaffold"	955059871	134010	19018454	
"222052"	"species"	"Phlegmacium triumphans"	"GCA_965276535.1"	465	120		43.11		"Scaffold"	167554647	746348	13512217	95.10000000000001
"1101028"	"species"	"Pammene giganteana"	"GCA_965276555.1"	830	308	27	37.64		"Chromosome"	733538888	2188932	26885752	97.7
"475394"	"species"	"Euphrasia tetraquetra"	"GCA_965276645.1"	601	126	22	37.79		"Chromosome"	951355569	4027075	43169121	96.10000000000001
"87757"	"species"	"Mullus surmuletus"	"GCA_965276695.1"	666	130	22	45.34		"Chromosome"	569101158	2381320	26015219	98
"87757"	"species"	"Mullus surmuletus"	"GCA_965276725.1"	586	78		45.27		"Scaffold"	564409684	2755111	25810205	97.80000000000001
"475394"	"species"	"Euphrasia tetraquetra"	"GCA_965276735.1"	510	224		37.71		"Scaffold"	903616905	4350000	40319044	95.80000000000001
"1155260"	"species"	"Cirsium dissectum"	"GCA_965276745.1"	905	317		36.09		"Scaffold"	1020155333	2960750	59323569	97.80000000000001
"1155260"	"species"	"Cirsium dissectum"	"GCA_965276805.1"	1619	955	17	36.49		"Chromosome"	1069227339	3154544	59465939	97.7
"145754"	"species"	"Malva sylvestris"	"GCA_965277935.1"	955	709	21	35.08		"Chromosome"	603790707	3239458	28190246	99.10000000000001
"132586"	"species"	"Anser erythropus"	"GCA_965277975.1"	1247	524		43.24		"Scaffold"	1168023157	2745350	70867138	92.60000000000001
"132586"	"species"	"Anser erythropus"	"GCA_965277985.1"	1845	925	41	43.79		"Chromosome"	1339878510	2382381	80247187	96.9
"316508"	"species"	"Schoenoplectus tabernaemontani"	"GCA_965277995.1"	2272	951	21	34.1		"Chromosome"	551145606	602717	25663222	75.5
"316508"	"species"	"Schoenoplectus tabernaemontani"	"GCA_965278015.1"	1913	755		33.77		"Scaffold"	539555160	639530	24172824	75.2
"145754"	"species"	"Malva sylvestris"	"GCA_965278025.1"	1119	886		36.24		"Scaffold"	677489355	3290759	27826350	99.2
"271520"	"species"	"Pterigynandrum filiforme"	"GCA_965278105.1"	1000	163	11	37.76		"Chromosome"	305647405	595564	27186251	83.80000000000001
"181291"	"species"	"Ornithopus perpusillus"	"GCA_965278115.1"	265	42	7	37.97		"Chromosome"	528923748	3663699	82813887	97.4
"30382"	"species"	"Alopochen aegyptiaca"	"GCA_965278125.1"	942	595		42.21		"Scaffold"	1105780382	4819910	79322125	92.60000000000001
"181291"	"species"	"Ornithopus perpusillus"	"GCA_965278145.1"	281	68	7	37.92		"Chromosome"	473720712	3824733	73655808	94.30000000000001
"1869728"	"species"	"Colostygia multistrigaria"	"GCA_965278165.1"	7708	5268		37.5		"Scaffold"	504666945	207387	14257448	91.30000000000001
"30382"	"species"	"Alopochen aegyptiaca"	"GCA_965278175.1"	938	539	41	42.15		"Chromosome"	1272231060	4748427	79723726	96.9
"1869728"	"species"	"Colostygia multistrigaria"	"GCA_965278185.1"	364	124	31	37.49		"Chromosome"	482724758	3570000	17219310	98.4
"78511"	"species"	"Ribes nigrum"	"GCA_965278195.1"	832	382		37.11		"Scaffold"	883572687	3254956	111157080	98.30000000000001
"78511"	"species"	"Ribes nigrum"	"GCA_965278215.1"	984	509	8	37.12		"Chromosome"	894277449	3220678	111811152	98.5
"987905"	"species"	"Conistra ligula"	"GCA_965278235.1"	128	67	31	38.17		"Chromosome"	800773215	20973692	27559089	99
"987905"	"species"	"Conistra ligula"	"GCA_965278255.1"	163	95		38.17		"Scaffold"	798380416	19684011	26941534	99.10000000000001
"94606"	"species"	"Thuidium delicatulum"	"GCA_965278265.1"	118	86	11	36.69		"Chromosome"	334590555	11426858	29206711	83.80000000000001
"2589381"	"species"	"Schizoporella japonica"	"GCA_965278275.1"	333	135	19	40.03		"Chromosome"	255532186	2316862	13302450	85.10000000000001
"2589381"	"species"	"Schizoporella japonica"	"GCA_965278305.1"	33	29		39.5		"Scaffold"	8309087	476895	476895	
"234464"	"species"	"Carex nigra"	"GCA_965278315.1"	438	56	43	34.7		"Chromosome"	417602660	2026124	10206026	75
"234464"	"species"	"Carex nigra"	"GCA_965278325.1"	985	561		35.1		"Scaffold"	412781545	1596431	10156040	74.3
"1008849"	"species"	"Choneiulus palmatus"	"GCA_965278725.1"	996	182	14	33.12		"Chromosome"	626522145	1186690	42358632	96.60000000000001
"219595"	"species"	"Cygnus cygnus"	"GCA_965278735.1"	2036	1430		44.39		"Scaffold"	1123089254	2911508	77620298	92.5
"2170621"	"species"	"Polycarpa mamillaris"	"GCA_965278745.1"	5388	1458	15	42.730000000000004		"Chromosome"	689830028	206000	39395798	89.9
"219595"	"species"	"Cygnus cygnus"	"GCA_965278775.1"	2793	2056	37	47.74		"Chromosome"	1387568417	2482267	65831537	97
"75861"	"species"	"Mareca strepera"	"GCA_965278785.1"	2004	1155	39	42.38		"Chromosome"	1300597795	2097805	66097916	96.80000000000001
"75861"	"species"	"Mareca strepera"	"GCA_965278795.1"	1379	662		42.2		"Scaffold"	1132812206	2412601	65556499	92.5
"2170621"	"species"	"Polycarpa mamillaris"	"GCA_965278815.1"	6749	2666	15	42.38		"Chromosome"	696591042	194245	39090246	91.10000000000001
"1008849"	"species"	"Choneiulus palmatus"	"GCA_965278825.1"	12201	12201		31		"Contig"	833738653	206107	206107	
"1126214"	"species"	"Bathysaurus mollis"	"GCA_965279225.1"	5733	1095	24	42.18		"Chromosome"	1065771102	409172	44263183	96.80000000000001
"1126214"	"species"	"Bathysaurus mollis"	"GCA_965279235.1"	15167	9963		42		"Scaffold"	1071177861	132975	26173593	
"1940097"	"species"	"Ocys tachysoides"	"GCA_965282375.1"	537	272	7	30.07		"Chromosome"	493758120	3804920	44569281	98.80000000000001
"721895"	"species"	"Plusia putnami"	"GCA_965282385.1"	1824	535	31	35.660000000000004		"Chromosome"	422657653	551057	13922141	96.80000000000001
"28509"	"species"	"Glechoma hederacea"	"GCA_965282405.1"	709	398	18	36.82		"Chromosome"	753334131	3757732	39719882	97.60000000000001
"28509"	"species"	"Glechoma hederacea"	"GCA_965282435.1"	555	235		36.5		"Scaffold"	741838258	3438750	42685755	97.60000000000001
"721895"	"species"	"Plusia putnami"	"GCA_965282475.1"	1799	486	31	35.67		"Chromosome"	422858360	544600	13888155	97.2
"1940097"	"species"	"Ocys tachysoides"	"GCA_965282505.1"	5983	5982		30.5		"Scaffold"	546126519	280932	281787	
"8954"	"species"	"Falco peregrinus"	"GCA_965282525.1"	728	295	25	42.7		"Chromosome"	1284654402	5500399	93426718	96.80000000000001
"1592913"	"species"	"Procloeon bifidum"	"GCA_965282545.1"	70	18	5	38.33		"Chromosome"	200854231	5718087	41148066	97.4
"100292"	"species"	"Eriophorum angustifolium"	"GCA_965282555.1"	292	98	29	36.35		"Chromosome"	447204430	2933000	14589014	75.4
"100292"	"species"	"Eriophorum angustifolium"	"GCA_965282575.1"	1450	1449		36.5		"Scaffold"	439440267	1479783	1479783	
"1592913"	"species"	"Procloeon bifidum"	"GCA_965282615.1"	7	7		38		"Contig"	3521872	660227	660227	
"8954"	"species"	"Falco peregrinus"	"GCA_965282645.1"	705	329	24	42.910000000000004		"Chromosome"	1209127676	5509184	113526587	92.10000000000001
"295644"	"species"	"Scaphidium quadrimaculatum"	"GCA_965282785.1"	419	83	12	37.26		"Chromosome"	1268463376	6726481	160722045	97.9
"3093584"	"species"	"Orthonevra brevicornis"	"GCA_965282795.1"	526	309		37.53		"Scaffold"	718582273	5146888	129912000	95.7
"433052"	"species"	"Metoecus paradoxus"	"GCA_965282865.1"	294	75	6	22.35		"Chromosome"	100371204	698376	14268511	98
"200527"	"species"	"Aulactinia verrucosa"	"GCA_965282975.1"	485	133	19	38.18		"Chromosome"	393861871	1763291	19956775	95.5
"200527"	"species"	"Aulactinia verrucosa"	"GCA_965282985.1"	593	212		38.300000000000004		"Scaffold"	394075480	1683882	19104290	94.7
"3093584"	"species"	"Orthonevra brevicornis"	"GCA_965283055.1"	741	452	6	37.24		"Chromosome"	788611894	3993696	126288094	97.2
"184666"	"species"	"Rhynchostegium confertum"	"GCA_965283215.1"	805	54	11	36.12		"Chromosome"	331583800	793237	29753391	83.5
"295644"	"species"	"Scaphidium quadrimaculatum"	"GCA_965283225.1"	7863	4087		37.5		"Scaffold"	1254353599	519534	102474065	
"433052"	"species"	"Metoecus paradoxus"	"GCA_965283235.1"	1157	1157		22.5		"Contig"	97593119	217038	217038	
"997513"	"species"	"Macrochilo cribrumalis"	"GCA_965283265.1"	9958	5971		36.9		"Scaffold"	847932383	252424	24127178	93.2
"2715216"	"species"	"Empis opaca"	"GCA_965283275.1"	472	338		26.560000000000002		"Scaffold"	435768614	4785689	72966428	95.2
"2715216"	"species"	"Empis opaca"	"GCA_965283295.1"	1414	1244	6	27.42		"Chromosome"	542879565	4129313	67400290	95.80000000000001
"662491"	"species"	"Promethes sulcator"	"GCA_965283305.1"	2946	1765		42		"Scaffold"	306209942	343933	35985486	
"662491"	"species"	"Promethes sulcator"	"GCA_965283325.1"	519	59	10	41.84		"Chromosome"	278735923	1274733	38955347	94.30000000000001
"878440"	"species"	"Pterostichus vernalis"	"GCA_965283345.1"	5908	5901		31.5		"Scaffold"	999915411	910782	917699	
"878440"	"species"	"Pterostichus vernalis"	"GCA_965283465.1"	1294	863	22	31.34		"Chromosome"	972278124	2239000	16293436	98.5
"3562"	"species"	"Spinacia oleracea"	"GCA_965284705.1"	215	207		38.22		"Scaffold"	915470963	96066461	164445845	96.60000000000001
"3562"	"species"	"Spinacia oleracea"	"GCA_965284715.1"	293	283	6	38.24		"Chromosome"	915217372	69924992	161484888	96.5
"997513"	"species"	"Macrochilo cribrumalis"	"GCA_965284725.1"	768	120	31	36.81		"Chromosome"	834590310	2238372	29448275	98.80000000000001
"1594220"	"species"	"Aethes smeathmanniana"	"GCA_965285805.1"	42	34	30	39.300000000000004		"Chromosome"	425628404	15078254	15078254	98.30000000000001
"988067"	"species"	"Arenostola phragmitidis"	"GCA_965285825.1"	112	44	31	38.4		"Chromosome"	663624368	20362264	23018030	98.80000000000001
"987903"	"species"	"Colocasia coryli"	"GCA_965285835.1"	81	62	31	38.57		"Chromosome"	768610949	24069075	26692155	98.9
"934820"	"species"	"Acasis viretata"	"GCA_965285845.1"	621	443		37.5		"Scaffold"	272456073	2656901	17594292	
"1594220"	"species"	"Aethes smeathmanniana"	"GCA_965285855.1"	324	201	30	39.4		"Chromosome"	426370109	5814873	14826487	98.30000000000001
"3505"	"species"	"Betula pendula"	"GCA_965285875.1"	184	22	14	36.1		"Chromosome"	403466907	9448367	28870692	98.5
"934820"	"species"	"Acasis viretata"	"GCA_965285885.1"	41	34	17	37.68		"Chromosome"	297682214	17284374	17877355	98
"988067"	"species"	"Arenostola phragmitidis"	"GCA_965285895.1"	2276	1173		38.47		"Scaffold"	648566272	1038399	21635013	93.60000000000001
"3505"	"species"	"Betula pendula"	"GCA_965285905.1"	239	17		36.2		"Scaffold"	411736991	8880921	30092835	98.4
"2878352"	"species"	"Triaxomasia caprimulgella"	"GCA_965285915.2"	49	34	31	35.5		"Chromosome"	316757305	10920225	11294092	
"987903"	"species"	"Colocasia coryli"	"GCA_965285995.1"	1083	661		38.5		"Scaffold"	757389145	2984203	25377539	
"2878352"	"species"	"Triaxomasia caprimulgella"	"GCA_965286005.2"	4491	1906		35.5		"Scaffold"	337042475	105308	9220094	
"224232"	"species"	"Brachypalpoides lentus"	"GCA_965362235.1"	750	317		40.19		"Scaffold"	1154752637	4733665	344073527	95.7
"224232"	"species"	"Brachypalpoides lentus"	"GCA_965362245.1"	1360	813	6	39.86		"Chromosome"	1315371377	4533402	357900658	96.7
"1100947"	"species"	"Clepsis consimilana"	"GCA_965362255.1"	226	82	30	39		"Chromosome"	488869147	5680222	17334535	
"1100947"	"species"	"Clepsis consimilana"	"GCA_965362275.1"	210	56	30	39		"Chromosome"	489357350	5213375	17318950	
"2561220"	"species"	"Digitivalva pulicariae"	"GCA_965362995.2"	306	142		36.5		"Scaffold"	377881863	3251425	12828882	
"2561220"	"species"	"Digitivalva pulicariae"	"GCA_965363005.2"	262	92	31	36.5		"Chromosome"	377096903	4062513	13109719	
"688398"	"species"	"Aphomia sociella"	"GCA_965363025.1"	212	128		36.300000000000004		"Scaffold"	601518811	8832115	23997387	94
"94452"	"species"	"Loeskeobryum brevirostre"	"GCA_965363035.1"	1178	335	10	37.52		"Chromosome"	385085386	726377	46515812	86.30000000000001
"688398"	"species"	"Aphomia sociella"	"GCA_965363045.1"	305	87	30	36.32		"Chromosome"	681660367	8277531	24487675	99.4
"29158"	"species"	"Mytilus galloprovincialis"	"GCA_965363225.1"	430	199		32.37		"Scaffold"	1387991594	10052917	99852214	95.7
"29158"	"species"	"Mytilus galloprovincialis"	"GCA_965363235.1"	551	338	14	32.38		"Chromosome"	1385371576	12118000	98048912	95.9
"347648"	"species"	"Linum bienne"	"GCA_965366135.1"	281	138		37.730000000000004		"Scaffold"	454786469	3166258	24033709	94.5
"347648"	"species"	"Linum bienne"	"GCA_965366145.1"	375	41	15	37.800000000000004		"Chromosome"	486842964	3376025	31909332	95.10000000000001
"110753"	"species"	"Lysimachia maritima"	"GCA_965366155.1"	137	26	15	33.660000000000004		"Chromosome"	1323519841	39287173	87031687	96
"110753"	"species"	"Lysimachia maritima"	"GCA_965366165.1"	13066	9868		33.67		"Scaffold"	1293096983	678742	61609960	84.60000000000001
"223656"	"species"	"Juncus bufonius"	"GCA_965378815.1"	471	205		33.72		"Scaffold"	738462512	3256727	14709317	78.2
"223656"	"species"	"Juncus bufonius"	"GCA_965378835.1"	539	215	53	33.85		"Chromosome"	773779405	3291042	15126967	78.30000000000001
"1717602"	"species"	"Pamponerus germanicus"	"GCA_965601385.1"	116	44		34.68		"Scaffold"	304782568	9544000	53869982	95.10000000000001
"1717602"	"species"	"Pamponerus germanicus"	"GCA_965601395.1"	249	74	7	34.5		"Chromosome"	317023320	7121649	53315646	96.5
"295998"	"species"	"Pseudocistela ceramboides"	"GCA_965601595.1"	2730	1297	13	38.57		"Chromosome"	356593486	307262	24545939	95.9
"41492"	"species"	"Bellis perennis"	"GCA_965601635.1"	1292	764	9	36.410000000000004		"Chromosome"	1602721488	4661145	176960975	95.7
"295998"	"species"	"Pseudocistela ceramboides"	"GCA_965601655.1"	2245	850		38.51		"Scaffold"	357257212	350824	25097327	97
"41492"	"species"	"Bellis perennis"	"GCA_965601805.1"	1000	390		36.28		"Scaffold"	1503204686	3680000	164731189	95.2
"247284"	"species"	"Harpalus anxius"	"GCA_965601815.1"	1607	1141		32.44		"Scaffold"	1031142270	4337460	59266683	94.4
"247284"	"species"	"Harpalus anxius"	"GCA_965601895.1"	1216	728	19	32.38		"Chromosome"	1066235504	3992063	58613874	99.7
"566093"	"species"	"Hygrocybe helobia"	"GCA_965605615.1"	126	102		49.82		"Scaffold"	30341660	1298934	2058091	90.9
"254780"	"species"	"Persicaria amphibia"	"GCA_965605725.1"	1355	520		38.26		"Scaffold"	1833100503	3638474	37447644	96.80000000000001
"2173294"	"species"	"Melanomya nana"	"GCA_965605745.1"	3536	1895		30.61		"Scaffold"	1424338236	1553983	248843334	97.60000000000001
"254780"	"species"	"Persicaria amphibia"	"GCA_965605765.1"	1593	770	48	38.17		"Chromosome"	1825681986	3545233	37707149	96.9
"15957"	"species"	"Phleum pratense"	"GCA_965605775.1"	801	415		45.78		"Scaffold"	1391931283	6684675	196884965	99.4
"1594252"	"species"	"Cochylidia subroseana"	"GCA_965605785.1"	160	91	28	38.230000000000004		"Chromosome"	397606711	8484062	15277827	89.7
"566093"	"species"	"Hygrocybe helobia"	"GCA_965605795.1"	61	47	13	50.07		"Chromosome"	28538497	1604483	2097822	90.80000000000001
"1594252"	"species"	"Cochylidia subroseana"	"GCA_965605805.1"	299	135	30	38.24		"Chromosome"	476844405	8943898	15535671	99.10000000000001
"15957"	"species"	"Phleum pratense"	"GCA_965605815.1"	863	490	7	45.800000000000004		"Chromosome"	1461468105	5867033	193073707	98.5
"2173294"	"species"	"Melanomya nana"	"GCA_965605835.1"	429	96	5	30.6		"Chromosome"	1391983493	7687960	251615676	98.5
"3393733"	"species"	"Trebouxia sp. SL0000017"	"GCA_965607605.1"	1753	1753		48.5		"Contig"	163890402	352741	352741	
"3393733"	"species"	"Trebouxia sp. SL0000017"	"GCA_965607625.1"	117	40	20	49.5		"Chromosome"	72044605	1433000	4002274	
"318445"	"species"	"Juncus inflexus"	"GCA_965612275.1"	370	51		33.37		"Scaffold"	300371339	1652597	15041770	76.3
"336569"	"species"	"Philodromus cespitum"	"GCA_965612325.1"	910	194	15	31.35		"Chromosome"	1866127235	5424587	130391032	98
"336569"	"species"	"Philodromus cespitum"	"GCA_965612335.1"	5958	3649		31.5		"Scaffold"	1928694064	1545760	126624798	
"318445"	"species"	"Juncus inflexus"	"GCA_965612345.1"	437	48	21	33.43		"Chromosome"	321598421	1494689	15421649	78.80000000000001
"190356"	"species"	"Peribatodes rhomboidaria"	"GCA_965614365.1"	82	65	31	38.04		"Chromosome"	484274406	15338573	16719204	99.10000000000001
"190356"	"species"	"Peribatodes rhomboidaria"	"GCA_965614375.1"	58	45	31	38.09		"Chromosome"	484314031	16119810	16453917	99.10000000000001
"76506"	"species"	"Schoenus nigricans"	"GCA_965614435.1"	347	116		38.14		"Scaffold"	771983392	5013570	35492859	79.60000000000001
"499230"	"species"	"Thaumetopoea processionea"	"GCA_965614445.1"	5613	3540		37.5		"Scaffold"	597614238	327353	7349816	
"1692389"	"species"	"Hydrotaea militaris"	"GCA_965614455.1"	7092	4324		35.97		"Scaffold"	1760393976	1271000	302985738	97.9
"76506"	"species"	"Schoenus nigricans"	"GCA_965614465.1"	329	106	21	38.11		"Chromosome"	777872366	5469731	38118163	79.5
"1692389"	"species"	"Hydrotaea militaris"	"GCA_965614475.1"	1861	984	6	35.82		"Chromosome"	1703030457	7991105	316414360	98.60000000000001
"499230"	"species"	"Thaumetopoea processionea"	"GCA_965614485.1"	74	58	46	37.35		"Chromosome"	724341573	14688840	14819450	99.10000000000001
"190347"	"species"	"Epirrhoe alternata"	"GCA_965614545.1"	89	59	31	37.92		"Chromosome"	357465052	12643861	12719807	99.10000000000001
"190347"	"species"	"Epirrhoe alternata"	"GCA_965614555.1"	86	48	31	37.93		"Chromosome"	358539485	12705172	12887594	99.10000000000001
"361894"	"species"	"Trifolium bocconei"	"GCA_965615655.1"	380	61	6	35.02		"Chromosome"	611980450	3660537	95292244	98.9
"118891"	"species"	"Anthyllis vulneraria"	"GCA_965615695.1"	586	378		38.230000000000004		"Scaffold"	342591967	2829332	48720613	97.30000000000001
"1545287"	"species"	"Berytinus montivagus"	"GCA_965615715.1"	1706	606		38.58		"Scaffold"	1100238333	1509742	70802990	89.80000000000001
"190902"	"species"	"Mentha aquatica"	"GCA_965615725.1"	989	309		37.33		"Scaffold"	1305204093	3226545	26794316	98.2
"49628"	"species"	"Rhododendron ponticum"	"GCA_965615735.1"	413	64		40.83		"Scaffold"	647120586	3229135	51191494	96.60000000000001
"361894"	"species"	"Trifolium bocconei"	"GCA_965615745.1"	361	60	6	34.82		"Chromosome"	574933397	3646616	85957223	97.5
"118891"	"species"	"Anthyllis vulneraria"	"GCA_965615755.1"	693	495	6	37.95		"Chromosome"	334471635	2731762	50147691	98
"49614"	"species"	"Nymphoides peltata"	"GCA_965615765.1"	352	260		35.83		"Scaffold"	724172888	9905441	24974702	98.10000000000001
"1425550"	"species"	"Crepidodera fulvicornis"	"GCA_965615775.1"	7789	6180		32.5		"Scaffold"	562588850	337879	30505762	
"49614"	"species"	"Nymphoides peltata"	"GCA_965615785.1"	393	178	27	35.7		"Chromosome"	721921864	10548709	24727578	97
"1425550"	"species"	"Crepidodera fulvicornis"	"GCA_965615805.1"	264	40	9	32.42		"Chromosome"	493208072	4757256	123137060	98.30000000000001
"875926"	"species"	"Calliteara pudibunda"	"GCA_965615845.1"	37602	37602		35.5		"Contig"	1648749631	120974	120974	
"2882481"	"species"	"Odontomyia argentata"	"GCA_965615855.1"	3600	1730	6	38.72		"Chromosome"	1950480372	2515841	429267467	92.80000000000001
"875926"	"species"	"Calliteara pudibunda"	"GCA_965615895.1"	466	110	88	35.97		"Chromosome"	1035546056	3926537	10853358	99.2
"49628"	"species"	"Rhododendron ponticum"	"GCA_965615915.1"	437	52	13	40.87		"Chromosome"	643725378	3083000	52154842	96.60000000000001
"190902"	"species"	"Mentha aquatica"	"GCA_965615935.1"	1241	553	48	37.38		"Chromosome"	1304813858	3150000	26071522	98.10000000000001
"2882481"	"species"	"Odontomyia argentata"	"GCA_965615945.1"	2776	1144		38.74		"Scaffold"	1937579285	2736531	433266832	92.9
"1545287"	"species"	"Berytinus montivagus"	"GCA_965615965.1"	1893	630	17	38.53		"Chromosome"	1307316633	1343705	72618651	98.4
"42229"	"species"	"Prunus avium"	"GCA_965620065.1"	205	105		39.28		"Scaffold"	346154162	5313000	39892131	98.7
"42229"	"species"	"Prunus avium"	"GCA_965620075.1"	277	159	8	39.42		"Chromosome"	355749846	5220769	40330751	98.7
"2561577"	"species"	"Pammene rhediella"	"GCA_965620085.1"	2790	1034	29	37.79		"Chromosome"	665300883	671503	22819233	97.4
"2561577"	"species"	"Pammene rhediella"	"GCA_965620095.1"	2212	836		37.81		"Scaffold"	586022118	698759	21881596	88.60000000000001
"1124894"	"species"	"Symmorphus gracilis"	"GCA_965620105.1"	924	417		39.11		"Scaffold"	217142138	662671	36011078	96.10000000000001
"1124894"	"species"	"Symmorphus gracilis"	"GCA_965620125.1"	980	516	6	39.33		"Chromosome"	220033933	682066	36102828	97.2
"3704"	"species"	"Armoracia rusticana"	"GCA_965620475.1"	434	62	16	37.71		"Chromosome"	605901571	3301757	35054913	99.7
"928741"	"species"	"Cochlostoma elegans"	"GCA_965620485.1"	2025	494		39		"Scaffold"	1082329193	1064567	81101789	
"1825016"	"species"	"Peplomyza litura"	"GCA_965620495.1"	240	87	5	32.14		"Chromosome"	474645467	6721113	118980816	98.5
"1825016"	"species"	"Peplomyza litura"	"GCA_965620505.1"	182	64		32.05		"Scaffold"	437611910	8290187	112586484	98.2
"1190796"	"species"	"Andrena clarkella"	"GCA_965620515.1"	1444	1350	14	40.06		"Chromosome"	439973262	8511000	23727023	99
"186058"	"species"	"Cuscuta epithymum"	"GCA_965620525.1"	14764	14755		38.5		"Scaffold"	770291774	125765	126317	
"104224"	"species"	"Hygrocybe conica"	"GCA_965620535.1"	94	23		50.6		"Scaffold"	36949095	926221	2523270	90.30000000000001
"104224"	"species"	"Hygrocybe conica"	"GCA_965620545.1"	85	19	14	50.65		"Chromosome"	38937452	1131434	2795157	90.4
"1190796"	"species"	"Andrena clarkella"	"GCA_965620555.1"	1381	1281	14	40.7		"Chromosome"	411160853	8743224	23659315	99.10000000000001
"3704"	"species"	"Armoracia rusticana"	"GCA_965620565.1"	455	114	16	37.49		"Chromosome"	589750271	3157024	35826811	99.7
"186058"	"species"	"Cuscuta epithymum"	"GCA_965620575.1"	328	91	7	38.03		"Chromosome"	513154883	4648119	65867515	73
"928741"	"species"	"Cochlostoma elegans"	"GCA_965636705.1"	2053	536	13	39.14		"Chromosome"	1074968247	1092107	90995901	90.60000000000001
"36723"	"species"	"Mustela erminea"	"GCA_965636855.1"	1083	944	21	42.08		"Chromosome"	2679398242	31240860	114415534	96.2
"36723"	"species"	"Mustela erminea"	"GCA_965636865.1"	1247	1035	23	42.25		"Chromosome"	2943562642	31864893	114833368	99.5
"46056"	"species"	"Bellardia viscosa"	"GCA_965636885.1"	467	188		38.03		"Scaffold"	1160581060	6158129	51376608	97.60000000000001
"487788"	"species"	"Geranium pratense"	"GCA_965636895.1"	253	206		44.38		"Scaffold"	2093899020	57894901	149432308	94
"53005"	"species"	"Brachythecium rutabulum"	"GCA_965636905.1"	2539	245	12	37.49		"Chromosome"	824432276	576245	68756013	86.7
"264780"	"species"	"Anastrepta orcadensis"	"GCA_965636915.1"	425	188	8	42.24		"Chromosome"	601899852	8293000	63430663	83.80000000000001
"487788"	"species"	"Geranium pratense"	"GCA_965636925.1"	466	410	14	44.46		"Chromosome"	2103722344	80335909	149463658	93.9
"46056"	"species"	"Bellardia viscosa"	"GCA_965636935.1"	609	319	24	38.08		"Chromosome"	1176560925	6165553	51453985	97.60000000000001
"1101023"	"species"	"Notocelia cynosbatella"	"GCA_965636945.1"	171	109	27	38.43		"Chromosome"	696512338	16348624	27563736	89.4
"688406"	"species"	"Graphiphora augur"	"GCA_965636965.1"	86	44		38.09		"Scaffold"	537655494	14118943	18464891	99.4
"2882282"	"species"	"Macrodema micropterum"	"GCA_965636975.1"	394	285	9	34.02		"Chromosome"	1132129945	16900000	164202963	98.9
"2566637"	"species"	"Grapholita jungiella"	"GCA_965636985.1"	6928	3102		38.5		"Scaffold"	470223884	120141	13836885	
"2979161"	"species"	"Ophion wuestneii"	"GCA_965637035.1"	2024	496	15	38.71		"Chromosome"	651132750	803917	47137254	96.4
"2882282"	"species"	"Macrodema micropterum"	"GCA_965637075.1"	277	182		34.07		"Scaffold"	1118635550	22128282	159641741	99
"1545285"	"species"	"Berytinus crassipes"	"GCA_965637085.1"	4255	3499	16	38.72		"Chromosome"	1554309387	1935816	75636961	98.4
"688406"	"species"	"Graphiphora augur"	"GCA_965637095.1"	93	61	31	38.07		"Chromosome"	536490578	15555849	18569050	99.4
"753225"	"species"	"Roeslerstammia erxlebella"	"GCA_965637105.1"	112	32	31	36.7		"Chromosome"	750739187	12386318	25952373	98.60000000000001
"753225"	"species"	"Roeslerstammia erxlebella"	"GCA_965637115.1"	3033	2097		36.74		"Scaffold"	762905791	1622106	24615315	95.10000000000001
"221790"	"species"	"Paragus haemorrhous"	"GCA_965637125.1"	442	73	4	33.07		"Chromosome"	521014351	24456201	155870998	96.80000000000001
"1545285"	"species"	"Berytinus crassipes"	"GCA_965637135.1"	1542	808		38.63		"Scaffold"	1293263970	2280080	77150153	98.4
"441509"	"species"	"Dinocras cephalotes"	"GCA_965637155.1"	1831	247	15	38.9		"Chromosome"	1983178378	2191846	145044580	99.10000000000001
"441509"	"species"	"Dinocras cephalotes"	"GCA_965637165.1"	1848	491		39		"Scaffold"	1694141971	2196656	136465677	92.60000000000001
"1101023"	"species"	"Notocelia cynosbatella"	"GCA_965637175.1"	136	67	28	38.4		"Chromosome"	768245056	13999000	28515107	99.10000000000001
"2979161"	"species"	"Ophion wuestneii"	"GCA_965637215.1"	1697	305		38.65		"Scaffold"	623751016	786001	46502580	94.4
"2566637"	"species"	"Grapholita jungiella"	"GCA_965637225.1"	2962	844	29	38.480000000000004		"Chromosome"	510018700	381686	17529993	93.7
"221790"	"species"	"Paragus haemorrhous"	"GCA_965637295.1"	1468	844		33.1		"Scaffold"	514886878	3699776	154477771	95.60000000000001
"286487"	"species"	"Myopa buccata"	"GCA_965637305.1"	740	262		36.06		"Scaffold"	327653804	1141000	67075976	97.60000000000001
"85120"	"species"	"Clogmia albipunctata"	"GCA_965637315.1"	1556	1165		32.5		"Scaffold"	269479410	1573000	37240587	
"286487"	"species"	"Myopa buccata"	"GCA_965637325.1"	626	121	6	36.08		"Chromosome"	322853508	1097874	65625899	97.4
"2714347"	"species"	"Chrysotoxum verralli"	"GCA_965637335.1"	271	76	5	34.1		"Chromosome"	1019884036	10730940	304762660	96.5
"2714347"	"species"	"Chrysotoxum verralli"	"GCA_965637355.1"	360	156		34.07		"Scaffold"	1017930898	10068031	302681460	96.5
"85120"	"species"	"Clogmia albipunctata"	"GCA_965637365.1"	183	82	6	32.19		"Chromosome"	309196353	5737818	50560029	92.2
"989957"	"species"	"Tricholepidozia tetradactyla"	"GCA_965637375.1"	292	173	10	41.76		"Chromosome"	480682534	6541270	42487261	83.80000000000001
"21020"	"species"	"Castanea sativa"	"GCA_965637385.1"	871	336		35.76		"Scaffold"	701807476	2125435	54442888	98.10000000000001
"85882"	"species"	"Senecio viscosus"	"GCA_965637395.1"	1231	293	20	34.800000000000004		"Chromosome"	2015832850	3451876	100816051	98.5
"172057"	"species"	"Centaurium erythraea"	"GCA_965637405.1"	832	373	20	37.550000000000004		"Chromosome"	887253857	2960000	41276364	97.60000000000001
"4337"	"species"	"Anagallis arvensis"	"GCA_965637415.1"	544	236	20	33.51		"Chromosome"	1100742143	5349166	55401253	97.80000000000001
"33132"	"species"	"Epilobium ciliatum"	"GCA_965637425.1"	199	92		40.410000000000004		"Scaffold"	262945047	3113224	14575206	96.2
"1100929"	"species"	"Bucculatrix thoracella"	"GCA_965637435.1"	8697	5944		35		"Scaffold"	670055325	241848	14483423	
"64624"	"species"	"Andreaea nivalis"	"GCA_965637445.2"	1708	319	10	44.7		"Chromosome"	253467390	237131	24371299	87.2
"13805"	"species"	"Sphagnum palustre"	"GCA_965637455.1"	2267	80	41	36.15		"Chromosome"	842997006	597352	22631887	87.60000000000001
"33132"	"species"	"Epilobium ciliatum"	"GCA_965637465.1"	272	163	18	40.69		"Chromosome"	274878083	3780568	15138166	96.5
"21020"	"species"	"Castanea sativa"	"GCA_965637475.1"	839	304	12	35.75		"Chromosome"	697207688	2255886	55649710	98
"4337"	"species"	"Anagallis arvensis"	"GCA_965637485.1"	374	107		33.46		"Scaffold"	1021350632	5244492	51092509	96.9
"1100929"	"species"	"Bucculatrix thoracella"	"GCA_965637495.1"	724	222	30	35.14		"Chromosome"	592045315	1823984	19100757	96.80000000000001
"85882"	"species"	"Senecio viscosus"	"GCA_965637505.1"	1119	273		34.81		"Scaffold"	1989935405	3590000	98393946	98.4
"172057"	"species"	"Centaurium erythraea"	"GCA_965637515.1"	598	217		37.54		"Scaffold"	839743363	3067423	39805242	96.4
"59560"	"species"	"Phallusia mammillata"	"GCA_965637525.1"	585	254		37.71		"Scaffold"	251476239	1011672	32507979	94.2
"1101020"	"species"	"Mompha epilobiella"	"GCA_965637535.1"	922	189	31	34.69		"Chromosome"	328203224	787130	11146000	97.4
"59560"	"species"	"Phallusia mammillata"	"GCA_965637545.1"	709	311	8	37.79		"Chromosome"	240331983	1013036	31343866	93.60000000000001
"1101020"	"species"	"Mompha epilobiella"	"GCA_965637555.1"	4109	2375		35		"Scaffold"	331218020	202946	9817717	
"6999"	"species"	"Gryllus bimaculatus"	"GCA_965638035.1"	2522	839	15	39.92		"Chromosome"	1653326482	1498736	106422162	98.5
"6999"	"species"	"Gryllus bimaculatus"	"GCA_965638045.1"	2282	541	15	39.94		"Chromosome"	1617708173	1374546	105936907	97.4
"753336"	"species"	"Gracillaria syringella"	"GCA_965641305.1"	501	108	29	38.27		"Chromosome"	212470716	1054578	7717979	96.7
"572892"	"species"	"Rhopobota naevana"	"GCA_965641315.1"	1022	484		38.5		"Scaffold"	599685786	1959969	21943343	
"753336"	"species"	"Gracillaria syringella"	"GCA_965641325.1"	2342	1586		38.5		"Scaffold"	233973610	376145	7075711	
"201897"	"species"	"Cryptorhynchus lapathi"	"GCA_965641335.1"	259	137		35.12		"Scaffold"	440972617	6019000	26885655	94.30000000000001
"544475"	"species"	"Polygala serpyllifolia"	"GCA_965641355.1"	317	171	16	37.82		"Chromosome"	341681360	4471449	23207090	83.7
"1101060"	"species"	"Syndemis musculana"	"GCA_965641365.1"	1960	869		38.02		"Scaffold"	481441460	708720	16764647	98.30000000000001
"544475"	"species"	"Polygala serpyllifolia"	"GCA_965641375.1"	244	136		37.59		"Scaffold"	338532958	4560923	23156429	83.7
"201897"	"species"	"Cryptorhynchus lapathi"	"GCA_965641385.1"	342	177	18	35.11		"Chromosome"	478883289	6329822	27190077	98.9
"1101060"	"species"	"Syndemis musculana"	"GCA_965641395.1"	1495	417	27	38		"Chromosome"	472478920	683580	17330389	98.4
"154015"	"species"	"Gastrophysa viridula"	"GCA_965641405.1"	207	47	15	36.71		"Chromosome"	349624548	3283698	24941671	98.9
"572892"	"species"	"Rhopobota naevana"	"GCA_965641425.1"	248	67	28	38.72		"Chromosome"	581795983	7163427	21255259	98.60000000000001
"154015"	"species"	"Gastrophysa viridula"	"GCA_965641435.1"	1165	707		37		"Scaffold"	333445529	1247426	23922723	
"114195"	"species"	"Alopecurus geniculatus"	"GCA_965641485.1"	2288	578		44.95		"Scaffold"	6259991596	5963408	437402214	99.4
"114195"	"species"	"Alopecurus geniculatus"	"GCA_965641495.1"	2300	605	14	44.93		"Chromosome"	6196785535	5914679	455083899	99.4
"46515"	"species"	"Asterina gibbosa (Pennant, 1777)"	"GCA_965641785.1"	407	161	22	41.35		"Chromosome"	419943968	3192209	18634072	99.2
"30076"	"species"	"Triatoma infestans"	"GCA_965641795.1"	905	691	12	34.550000000000004		"Chromosome"	1411124101	24925000	93565043	99
"28540"	"species"	"Buddleja davidii"	"GCA_965641805.1"	906	172		35.75		"Scaffold"	1891373252	4460555	32512566	99.10000000000001
"46515"	"species"	"Asterina gibbosa (Pennant, 1777)"	"GCA_965641815.1"	340	110		41.26		"Scaffold"	422829757	4019912	19032582	99.2
"28540"	"species"	"Buddleja davidii"	"GCA_965641825.1"	366	141	19	35.86		"Chromosome"	651923507	4922415	32529984	97.9
"110299"	"species"	"Eleocharis parvula"	"GCA_965641855.2"	2995	1500		37		"Scaffold"	1218147327	1273164	211757051	
"30076"	"species"	"Triatoma infestans"	"GCA_965641865.1"	1430	1331		33.97		"Scaffold"	1199344934	30936401	95936884	88.9
"110299"	"species"	"Eleocharis parvula"	"GCA_965641875.2"	2783	1487	5	37		"Chromosome"	1152670948	1485873	216728787	
"1857973"	"species"	"Bryotropha affinis"	"GCA_965641925.1"	1311	589		37.33		"Scaffold"	563963300	1444926	18270060	91.10000000000001
"116133"	"species"	"Ptycholoma lecheana"	"GCA_965641935.1"	1468	499	31	38.61		"Chromosome"	584130686	958398	17348856	97.60000000000001
"1678910"	"species"	"Caloptilia rufipennella"	"GCA_965641945.2"	838	240	30	38.5		"Chromosome"	359557225	950207	12634303	
"116133"	"species"	"Ptycholoma lecheana"	"GCA_965641955.1"	6907	4092		38.5		"Scaffold"	540958657	199024	15025318	
"1660671"	"species"	"Pammene regiana"	"GCA_965641965.1"	238	91	29	37.37		"Chromosome"	863592176	9251767	30012843	98.60000000000001
"1857973"	"species"	"Bryotropha affinis"	"GCA_965641975.1"	1833	1085	32	37.32		"Chromosome"	641750941	1363779	18291393	97.9
"662004"	"species"	"Sertularella gayi"	"GCA_965641985.1"	650	247		33.99		"Scaffold"	526576750	2036268	34029525	91.5
"662004"	"species"	"Sertularella gayi"	"GCA_965641995.1"	543	102	15	33.980000000000004		"Chromosome"	519115442	2129638	34810588	91.9
"913277"	"species"	"Chrysis angustula"	"GCA_965642015.1"	915	391	17	39.410000000000004		"Chromosome"	243497664	942386	13711598	96.5
"1660671"	"species"	"Pammene regiana"	"GCA_965642025.1"	7513	4986		37.5		"Scaffold"	735505397	315158	18622661	
"913277"	"species"	"Chrysis angustula"	"GCA_965642035.1"	647	161		39.97		"Scaffold"	221807159	1115546	12891320	95.7
"1143066"	"species"	"Magdalis cerasi"	"GCA_965642045.1"	9646	3415	19	33.94		"Chromosome"	1665097020	321191	77827345	97.10000000000001
"1678910"	"species"	"Caloptilia rufipennella"	"GCA_965642055.2"	7814	6029		38.5		"Scaffold"	430440877	221039	10708673	
"452460"	"species"	"Persicaria nepalensis"	"GCA_965642065.1"	1636	241	24	39.86		"Chromosome"	1630365888	1806655	68320300	96.30000000000001
"1265417"	"species"	"Aromia moschata"	"GCA_965642075.1"	314	185	14	35.34		"Chromosome"	738972771	9572216	60918734	99.10000000000001
"32264"	"species"	"Tetranychus urticae"	"GCA_965642085.1"	101	40	5	32.44		"Chromosome"	85992923	2675514	22684703	93.4
"255976"	"species"	"Mastigophora woodsii"	"GCA_965642095.1"	252	46	9	41.85		"Chromosome"	2273257613	17175386	255097285	82.7
"346753"	"species"	"Catops nigricans"	"GCA_965642105.1"	1094	941	10	30		"Chromosome"	204695938	1708696	18385198	92.7
"32264"	"species"	"Tetranychus urticae"	"GCA_965642115.1"	220	127	5	32.59		"Chromosome"	88244854	2754948	21661122	93.60000000000001
"346753"	"species"	"Catops nigricans"	"GCA_965642125.1"	675	433	11	30.900000000000002		"Chromosome"	209696841	1705193	18718905	98.2
"452460"	"species"	"Persicaria nepalensis"	"GCA_965642135.1"	1790	310		39.94		"Scaffold"	1651408713	1762887	68201802	95.80000000000001
"264786"	"species"	"Anastrophyllum donnianum"	"GCA_965642145.1"	637	134	9	43.82		"Chromosome"	688377270	2609125	74045785	84.10000000000001
"1265417"	"species"	"Aromia moschata"	"GCA_965642155.1"	246	146		35.160000000000004		"Scaffold"	691677760	9315063	60635210	94
"351518"	"species"	"Orchesia undulata"	"GCA_965642215.1"	186	79		38.34		"Scaffold"	227581523	4401460	24117115	98.60000000000001
"1501876"	"species"	"Mycetophagus piceus"	"GCA_965642245.1"	439	217		31.91		"Scaffold"	141805087	1811000	17944367	94.30000000000001
"1501876"	"species"	"Mycetophagus piceus"	"GCA_965642255.1"	447	162	10	31.330000000000002		"Chromosome"	169607872	1957516	16108877	99.5
"184711"	"species"	"Branta leucopsis"	"GCA_965642265.1"	1117	692	41	43.82		"Chromosome"	1346851039	6988405	66377272	99.2
"154003"	"species"	"Chrysomela populi"	"GCA_965642275.1"	831	120		35.74		"Scaffold"	544766477	1152832	34754923	97.60000000000001
"154003"	"species"	"Chrysomela populi"	"GCA_965642295.1"	933	179	17	35.74		"Chromosome"	546976414	1112475	35876596	98.30000000000001
"184711"	"species"	"Branta leucopsis"	"GCA_965642305.1"	660	385		43.45		"Scaffold"	1139740372	7406610	78719797	94.60000000000001
"351518"	"species"	"Orchesia undulata"	"GCA_965642315.1"	178	32	10	38.39		"Chromosome"	226792867	4513838	26832798	98.5
"139839"	"species"	"Ptilidium ciliare"	"GCA_965642335.1"	724	89	8	41.660000000000004		"Chromosome"	1043658477	2956033	153560588	84.2
"1183236"	"species"	"Hedwigia stellata"	"GCA_965642345.1"	386	23	10	39.34		"Chromosome"	220256717	1107920	33562822	87.10000000000001
"346781"	"species"	"Harmonia quadripunctata"	"GCA_965642355.1"	326	124		34.61		"Scaffold"	655047593	6272178	88541891	97.2
"2719097"	"species"	"Suillia notata"	"GCA_965642365.1"	14123	13031		32		"Scaffold"	596297853	80149	143937	
"877885"	"species"	"Cantharis decipiens"	"GCA_965642375.1"	16858	16856		29		"Scaffold"	417099899	32718	32741	
"2719097"	"species"	"Suillia notata"	"GCA_965642385.1"	1253	768	7	31.59		"Chromosome"	355663281	1711535	61741591	95.30000000000001
"462882"	"species"	"Viola palustris"	"GCA_965642395.1"	768	145		41.72		"Scaffold"	1758236668	4244870	77251681	98.60000000000001
"462882"	"species"	"Viola palustris"	"GCA_965642405.1"	953	263	24	41.76		"Chromosome"	1771300714	3888153	75796461	98.60000000000001
"346781"	"species"	"Harmonia quadripunctata"	"GCA_965642415.1"	354	166	8	34.56		"Chromosome"	661308525	7798040	89500714	97.10000000000001
"346812"	"species"	"Notiophilus biguttatus"	"GCA_965642425.1"	4978	4967		30.5		"Scaffold"	506795374	677247	680901	
"877885"	"species"	"Cantharis decipiens"	"GCA_965642435.1"	963	747	7	30.310000000000002		"Chromosome"	355227664	2185536	34757274	99
"346812"	"species"	"Notiophilus biguttatus"	"GCA_965642445.1"	576	459	13	29.95		"Chromosome"	490357287	3818127	22792868	98.4
"1155756"	"species"	"Segestria senoculata"	"GCA_965642455.1"	7037	2541	8	34.78		"Chromosome"	3804193260	1441733	472635562	96.30000000000001
"187487"	"species"	"Xysticus acerbus"	"GCA_965642465.1"	2840	837		31.740000000000002		"Scaffold"	2701663595	2197974	233650678	91.80000000000001
"2872697"	"species"	"Pandarus bicolor"	"GCA_965642475.1"	5085	4125		34.5		"Scaffold"	949492044	2140526	91810834	
"1155756"	"species"	"Segestria senoculata"	"GCA_965642505.1"	8278	3800	8	34.84		"Chromosome"	3893163846	1505047	477625959	96.5
"1304667"	"species"	"Zoropsis spinimana"	"GCA_965642525.1"	11652	6208	12	31.91		"Chromosome"	2405871139	1235000	178142676	90.10000000000001
"1304667"	"species"	"Zoropsis spinimana"	"GCA_965642535.1"	13385	7346	14	31.900000000000002		"Chromosome"	2848738713	1267352	191490901	97.9
"2872697"	"species"	"Pandarus bicolor"	"GCA_965642555.1"	450	260	8	34.69		"Chromosome"	835219297	6131000	101776934	96.10000000000001
"187487"	"species"	"Xysticus acerbus"	"GCA_965642565.1"	4210	1926	12	31.76		"Chromosome"	3088117140	2169591	237073779	98.10000000000001
"1030481"	"species"	"Celypha striana"	"GCA_965642915.1"	13483	9409		38.6		"Scaffold"	745991984	167454	59574095	94.10000000000001
"1030481"	"species"	"Celypha striana"	"GCA_965642925.1"	876	165	13	38.6		"Chromosome"	681144164	1665018	71142301	98.80000000000001
"1331087"	"species"	"Neoorthocaulis attenuatus"	"GCA_965642955.1"	327	103	9	43.17		"Chromosome"	690073451	5595737	74533173	84.5
"3197"	"species"	"Marchantia polymorpha"	"GCA_965642975.1"	1294	1021	9	43.53		"Chromosome"	264203427	1582237	30838473	86.2
"878368"	"species"	"Phyllobius virideaeris"	"GCA_965642995.1"	1024	622	11	32.910000000000004		"Chromosome"	1174963447	6429082	98611267	98.7
"878368"	"species"	"Phyllobius virideaeris"	"GCA_965643005.1"	752	386	11	32.88		"Chromosome"	1178116888	6641151	104084948	98.80000000000001
"878194"	"species"	"Megatoma undata"	"GCA_965643495.1"	1093	1005	9	33.43		"Chromosome"	417162620	6947368	40739288	98.9
"256915"	"species"	"Bruchidius villosus"	"GCA_965643515.1"	1231	797	10	37.38		"Chromosome"	972786308	4347107	100418657	98.10000000000001
"1073096"	"species"	"Hydrotaea similis"	"GCA_965643525.1"	1193	377		35.2		"Scaffold"	852781576	1757069	145044369	99.5
"1971888"	"species"	"Rhizotrogus aestivus"	"GCA_965643555.1"	3483	2014	10	33.77		"Chromosome"	2078264748	2065809	199413833	98.4
"256915"	"species"	"Bruchidius villosus"	"GCA_965643565.1"	781	371		37.36		"Scaffold"	962336579	4763205	101933805	98.4
"1586587"	"species"	"Eulagius filicornis"	"GCA_965643575.1"	3593	3225		31		"Scaffold"	129036480	90002	4637385	
"1586587"	"species"	"Eulagius filicornis"	"GCA_965643585.1"	860	805	10	30.82		"Chromosome"	160712976	3619454	12507011	99.2
"168635"	"species"	"Diplosoma listerianum"	"GCA_965643605.1"	741	209		33.57		"Scaffold"	288290067	867764	19116194	92.9
"1971888"	"species"	"Rhizotrogus aestivus"	"GCA_965643615.1"	2236	829		33.49		"Scaffold"	1871473144	2066696	177127195	93.80000000000001
"168635"	"species"	"Diplosoma listerianum"	"GCA_965643625.1"	722	198	15	33.63		"Chromosome"	288529684	941224	21504382	92.30000000000001
"878194"	"species"	"Megatoma undata"	"GCA_965643635.1"	334	258		32.69		"Scaffold"	368903463	6930725	43756318	98.80000000000001
"1073096"	"species"	"Hydrotaea similis"	"GCA_965643655.1"	1904	1103	5	35.160000000000004		"Chromosome"	884655012	1654896	146365869	99.4
"346786"	"species"	"Hypera rumicis"	"GCA_965643715.1"	428	141	10	33.71		"Chromosome"	1709030041	9598395	206056481	92.80000000000001
"877859"	"species"	"Anobium punctatum"	"GCA_965643725.1"	261	115		38.9		"Scaffold"	284044957	3523807	35406603	93.4
"346786"	"species"	"Hypera rumicis"	"GCA_965643735.1"	389	95	12	33.72		"Chromosome"	1773449660	11225160	205520964	98
"2881741"	"species"	"Coelichneumon leucocerus"	"GCA_965643745.1"	944	619	12	42.910000000000004		"Chromosome"	383977339	1363009	28840621	98.4
"877859"	"species"	"Anobium punctatum"	"GCA_965643755.1"	460	234	10	38.89		"Chromosome"	349952806	2667738	36402331	99.10000000000001
"2881741"	"species"	"Coelichneumon leucocerus"	"GCA_965643765.1"	689	359		42.89		"Scaffold"	359740307	1465869	27631890	98.5
"445480"	"species"	"Microrhagus pygmaeus"	"GCA_965643775.1"	16560	16551		36.5		"Scaffold"	445267807	35244	35265	
"445480"	"species"	"Microrhagus pygmaeus"	"GCA_965643785.1"	556	195	11	36.83		"Chromosome"	320795622	1272189	28484166	97.9
"3127294"	"species"	"Leucophora sponsa"	"GCA_965643815.1"	4080	2204	6	30.43		"Chromosome"	1551017328	1360177	256253166	98.10000000000001
"3127294"	"species"	"Leucophora sponsa"	"GCA_965643825.1"	2570	792		30.17		"Scaffold"	1412814509	1509378	241414279	97.60000000000001
"336685"	"species"	"Tibellus oblongus"	"GCA_965643835.1"	565	242	13	31.62		"Chromosome"	3189467222	48515146	239915410	98.4
"336685"	"species"	"Tibellus oblongus"	"GCA_965643845.1"	10976	8639	13	31.75		"Chromosome"	3294806192	3021679	232502025	96.7
"231131"	"species"	"Sphagnum riparium"	"GCA_965644045.1"	363	22	22	36.17		"Chromosome"	379005135	1690288	20882329	87.7
"1183228"	"species"	"Andreaea mutabilis"	"GCA_965644055.1"	340	11	10	43.49		"Chromosome"	202283538	1226475	21077731	86.9
"135868"	"species"	"Drusilla canaliculata"	"GCA_965644065.1"	2907	1977	10	37.12		"Chromosome"	342065249	398913	31642575	98.4
"189327"	"species"	"Potamogeton lucens"	"GCA_965644075.1"	1197	1143	26	38.68		"Chromosome"	660191066	15636855	23743336	94.7
"189327"	"species"	"Potamogeton lucens"	"GCA_965644085.1"	1062	1027		39.65		"Scaffold"	698647336	14988000	23101697	94.60000000000001
"39298"	"species"	"Echinocardium cordatum"	"GCA_965644095.1"	1930	520		36.13		"Scaffold"	1015128286	1261007	42616899	99.30000000000001
"376124"	"species"	"Holcus mollis"	"GCA_965644105.1"	1660	828	21	46.06		"Chromosome"	3865379649	12716938	183070598	98.9
"65561"	"species"	"Hypericum perforatum"	"GCA_965644115.1"	366	230		37.92		"Scaffold"	985472242	14055094	39017748	95.10000000000001
"246702"	"species"	"Potamogeton pusillus"	"GCA_965644125.1"	267	229	14	37.54		"Chromosome"	284486300	12871202	26103200	93.9
"65561"	"species"	"Hypericum perforatum"	"GCA_965644135.1"	286	218	8	37.800000000000004		"Chromosome"	356621099	14679512	39703796	94.10000000000001
"39298"	"species"	"Echinocardium cordatum"	"GCA_965644145.1"	1826	650	23	36.13		"Chromosome"	992269866	1406822	41687273	99.30000000000001
"246702"	"species"	"Potamogeton pusillus"	"GCA_965644155.1"	175	134		37.2		"Scaffold"	287506732	13536282	25960049	94.2
"140392"	"species"	"Platyhypnum duriusculum"	"GCA_965644165.1"	1737	1407	11	37.88		"Chromosome"	333279526	1653069	25256031	86.10000000000001
"402117"	"species"	"Lepidozia cupressina"	"GCA_965644175.1"	415	194	10	43.45		"Chromosome"	582610598	4974081	55480921	84.10000000000001
"135868"	"species"	"Drusilla canaliculata"	"GCA_965644185.1"	2516	1503		36.980000000000004		"Scaffold"	342981523	385837	32588319	98.4
"376124"	"species"	"Holcus mollis"	"GCA_965644205.1"	950	469	14	45.95		"Chromosome"	2440444810	14090000	179283107	99.4
"50745"	"species"	"Andreaea rothii"	"GCA_965644345.1"	644	49	11	45.13		"Chromosome"	239642140	733327	24400634	87.2
"3112358"	"species"	"Smerinthus ocellatus"	"GCA_965644355.1"	59	38	27	36.83		"Chromosome"	503034658	17927277	19403458	99.2
"3112358"	"species"	"Smerinthus ocellatus"	"GCA_965644365.1"	61	50	27	36.83		"Chromosome"	502288492	18624213	19131133	99.2
"231112"	"species"	"Sphagnum lindbergii"	"GCA_965644395.1"	823	41	22	36.24		"Chromosome"	401155127	873850	18943445	87.10000000000001
"446513"	"species"	"Mystacides azureus"	"GCA_965644405.1"	175	58	20	35.22		"Chromosome"	622391309	7836599	31365725	97.60000000000001
"1183223"	"species"	"Andreaea frigida"	"GCA_965644415.1"	954	38	11	44.53		"Chromosome"	238337626	404104	23571646	87.2
"2576622"	"species"	"Chelidonichthys lucerna"	"GCA_965644425.1"	650	345		42.87		"Scaffold"	651581513	3394816	27897570	99.80000000000001
"346794"	"species"	"Lesteva pubescens"	"GCA_965644435.1"	1796	738		29.92		"Scaffold"	983037810	1615374	102305544	97.60000000000001
"2882235"	"species"	"Lispocephala verna"	"GCA_965644445.1"	1908	933	5	32.32		"Chromosome"	987706988	1880399	227717882	98.60000000000001
"77064"	"species"	"Salix herbacea"	"GCA_965644465.1"	206	155	19	35.72		"Chromosome"	421427913	9631000	21399927	98.9
"128231"	"species"	"Sphagnum rubellum"	"GCA_965644475.1"	662	75	22	36.7		"Chromosome"	426281820	1253814	20342733	87.60000000000001
"185877"	"species"	"Coccinella magnifica"	"GCA_965644505.1"	710	631		36.14		"Scaffold"	558912801	5644604	36646883	98
"77064"	"species"	"Salix herbacea"	"GCA_965644525.1"	981	706		35.5		"Scaffold"	387358473	2552787	18145935	
"2576622"	"species"	"Chelidonichthys lucerna"	"GCA_965644535.1"	835	523	24	42.92		"Chromosome"	649069712	3029067	27987963	99.30000000000001
"346794"	"species"	"Lesteva pubescens"	"GCA_965644545.1"	2327	1264	9	29.96		"Chromosome"	984729096	1633415	103271849	97.60000000000001
"446513"	"species"	"Mystacides azureus"	"GCA_965644555.1"	2644	2644		35		"Contig"	626938642	852993	852993	
"185877"	"species"	"Coccinella magnifica"	"GCA_965644565.1"	574	447	10	36.25		"Chromosome"	498771620	7477629	43533345	97.9
"346789"	"species"	"Leistus fulvibarbis"	"GCA_965644575.1"	348	294	23	33.18		"Chromosome"	261713100	2898318	6924332	98.80000000000001
"346789"	"species"	"Leistus fulvibarbis"	"GCA_965644585.1"	418	367	22	33.27		"Chromosome"	218714322	2906524	6481029	92.2
"2882235"	"species"	"Lispocephala verna"	"GCA_965644595.1"	1368	456		32.42		"Scaffold"	934624013	1958074	206475783	98
"200911"	"species"	"Crepidodera aurata"	"GCA_965645195.1"	18916	18914		31.5		"Scaffold"	954998765	101419	101419	
"137095"	"species"	"Gentianella amarella"	"GCA_965645205.1"	1278	322	27	37.36		"Chromosome"	3131772627	5477000	111535001	96.60000000000001
"137095"	"species"	"Gentianella amarella"	"GCA_965645215.1"	1353	272	27	37.4		"Chromosome"	3190605969	5256750	113432588	96.7
"200911"	"species"	"Crepidodera aurata"	"GCA_965645225.1"	1676	308	13	31.45		"Chromosome"	840273214	1019463	61645881	98.5
"284514"	"species"	"Herbertus stramineus"	"GCA_965645235.1"	2582	218	9	43.68		"Chromosome"	1015019242	688000	110206414	82.5
"161978"	"species"	"Massalongia carnosa"	"GCA_965645245.1"	50	24	22	46.83		"Chromosome"	52090196	1726310	2434308	97.9
"67763"	"species"	"Lasius flavus"	"GCA_965645255.1"	1290	617	15	37.19		"Chromosome"	325880283	870316	20779816	97.9
"67763"	"species"	"Lasius flavus"	"GCA_965645265.1"	1426	665	15	37.14		"Chromosome"	314605777	810001	20879166	97.4
"1112382"	"species"	"Araneus angulatus"	"GCA_965645275.1"	2407	1908	28	33.29		"Chromosome"	2980905298	10175344	102380549	98.5
"1112382"	"species"	"Araneus angulatus"	"GCA_965645295.1"	1259	779		33.28		"Scaffold"	2941082819	11156069	97168520	98.7
"75717"	"species"	"Salix reticulata"	"GCA_965648395.1"	341	201	19	35.35		"Chromosome"	396193108	3443301	18452530	98.5
"40686"	"species"	"Salix viminalis"	"GCA_965648405.1"	1222	578	19	34.300000000000004		"Chromosome"	302872654	710708	14904670	98.2
"94688"	"species"	"Leucobryum glaucum"	"GCA_965648415.1"	2919	384	11	40.67		"Chromosome"	436794029	225633	38913260	86.4
"1667565"	"species"	"Tranosemella praerogator"	"GCA_965648425.1"	161	20	12	41.410000000000004		"Chromosome"	196248308	2158746	17423099	96.4
"197013"	"species"	"Curculio glandium"	"GCA_965648435.1"	1177	275	13	35.07		"Chromosome"	1121340361	2415291	99310684	98.5
"2203729"	"species"	"Dicraeus fennicus"	"GCA_965648445.1"	1892	336	4	35.13		"Chromosome"	724332753	790062	159239064	97.7
"40686"	"species"	"Salix viminalis"	"GCA_965648455.1"	1291	619	19	34.29		"Chromosome"	303328504	632860	15256138	98.30000000000001
"197013"	"species"	"Curculio glandium"	"GCA_965648465.1"	7966	3185		35		"Scaffold"	1112798684	337018	87414335	
"2203729"	"species"	"Dicraeus fennicus"	"GCA_965648475.1"	11964	6165		35		"Scaffold"	777335032	132831	143489476	
"746470"	"species"	"Karpatiosorbus bristoliensis"	"GCA_965648485.1"	557	117	34	37.910000000000004		"Chromosome"	1261311705	4730647	37337469	99.10000000000001
"295970"	"species"	"Hallomenus binotatus"	"GCA_965648495.1"	334	295	9	39.4		"Chromosome"	204881513	4510000	19143717	99.10000000000001
"295970"	"species"	"Hallomenus binotatus"	"GCA_965648505.1"	206	178		39.32		"Scaffold"	200096695	6261000	16540926	99.10000000000001
"1569171"	"species"	"Prionocyphon serricornis"	"GCA_965648515.1"	330	187	11	35.45		"Chromosome"	433108198	5823847	39608670	98.80000000000001
"75717"	"species"	"Salix reticulata"	"GCA_965648525.1"	328	200		35.33		"Scaffold"	393952194	3458141	18380406	98.5
"1667565"	"species"	"Tranosemella praerogator"	"GCA_965648535.1"	1470	1469		42		"Scaffold"	217889394	747948	747948	
"746470"	"species"	"Karpatiosorbus bristoliensis"	"GCA_965648545.1"	357	137	17	38.02		"Chromosome"	607642347	3867536	35346712	99.30000000000001
"1569171"	"species"	"Prionocyphon serricornis"	"GCA_965648555.1"	572	467	10	35.5		"Chromosome"	421174282	6066410	38945523	
"1918189"	"species"	"Winthemia cruentata"	"GCA_965649365.1"	492	316		31.21		"Scaffold"	658328111	5362944	116642503	98.9
"878205"	"species"	"Nalassus laevioctostriatus"	"GCA_965649375.1"	2675	2399	10	35.910000000000004		"Chromosome"	558899361	2328048	49469900	98.30000000000001
"878205"	"species"	"Nalassus laevioctostriatus"	"GCA_965649385.1"	1690	1425	10	35.62		"Chromosome"	534571247	2823984	51132463	98.30000000000001
"1918189"	"species"	"Winthemia cruentata"	"GCA_965649395.1"	820	641	6	31.32		"Chromosome"	680207065	6241268	119506953	98.80000000000001
"71936"	"species"	"Clitopilus prunulus"	"GCA_965649405.1"	129	43	12	47.65		"Chromosome"	37122506	948722	3508400	95.9
"71936"	"species"	"Clitopilus prunulus"	"GCA_965649415.1"	161	37	12	47.76		"Chromosome"	38391105	759812	3187469	96.10000000000001
"2930579"	"species"	"Bispira polyomma"	"GCA_965649765.1"	321	74	14	35.62		"Chromosome"	1035403694	6913758	84489182	97.4
"8912"	"species"	"Larus marinus"	"GCA_965649785.1"	883	343	36	44.81		"Chromosome"	1427211259	4327725	88539195	99.5
"128249"	"species"	"Sphagnum teres"	"GCA_965649795.1"	211	22	22	36.15		"Chromosome"	397186037	3575021	21799379	86.9
"2930579"	"species"	"Bispira polyomma"	"GCA_965649805.1"	1130	1130		36.5		"Contig"	31623185	29009	29009	
"8912"	"species"	"Larus marinus"	"GCA_965649815.1"	818	351	34	44.410000000000004		"Chromosome"	1239846396	4427508	101702972	95
"1890997"	"species"	"Dioctria baumhaueri"	"GCA_965653115.1"	2974	2426	6	33.26		"Chromosome"	1692240899	4129900	221983185	97.80000000000001
"1890997"	"species"	"Dioctria baumhaueri"	"GCA_965653125.1"	1502	1152	5	34.19		"Chromosome"	1409400952	5524394	210630692	96.5
"1086773"	"species"	"Pherbellia schoenherri"	"GCA_965653135.1"	3225	737		34.08		"Scaffold"	847975063	498996	170979451	97.30000000000001
"1545161"	"species"	"Megalonotus praetextatus"	"GCA_965653145.1"	4165	1880	7	36.32		"Chromosome"	2376954629	1530000	360196435	99.4
"346761"	"species"	"Chaetocnema hortensis"	"GCA_965653155.1"	2045	802	10	31.52		"Chromosome"	384621628	497099	40798368	99
"1086773"	"species"	"Pherbellia schoenherri"	"GCA_965653165.1"	3422	1064	7	34.06		"Chromosome"	811992584	497661	149907473	97
"346761"	"species"	"Chaetocnema hortensis"	"GCA_965653175.1"	1962	657	10	31.48		"Chromosome"	383802568	447560	40169932	99.10000000000001
"2742875"	"species"	"Daudebardia rufa"	"GCA_965653185.1"	6593	1174	28	41.11		"Chromosome"	2071564095	598689	74301533	93.4
"2742875"	"species"	"Daudebardia rufa"	"GCA_965653195.1"	5235	2017		41.050000000000004		"Scaffold"	1235198792	422606	30288052	69.7
"1545161"	"species"	"Megalonotus praetextatus"	"GCA_965653845.1"	4096	1822	7	36.37		"Chromosome"	2500666807	1506233	362856510	99.10000000000001
"2074862"	"species"	"Rhodocollybia maculata"	"GCA_965654195.1"	735	200		46.300000000000004		"Scaffold"	139619489	379684	11830473	89.9
"1273101"	"species"	"Asterocarpa humilis"	"GCA_965654205.1"	222	42	16	34.58		"Chromosome"	312516346	7511750	20064428	93.80000000000001
"119637"	"species"	"Larus hyperboreus"	"GCA_965654215.1"	3442	2661	35	45.13		"Chromosome"	1458800923	2840269	85666633	99.5
"446446"	"species"	"Laccobius striatulus"	"GCA_965654235.1"	881	669	9	31.830000000000002		"Chromosome"	1048627132	8827139	127081533	99.5
"594022"	"species"	"Tephritis formosa"	"GCA_965654245.1"	5971	1160	6	35.32		"Chromosome"	1825827422	599860	304693863	98.30000000000001
"346824"	"species"	"Phyllobius argentatus"	"GCA_965654255.1"	658	243	11	32.99		"Chromosome"	977769501	5055939	84168171	99.2
"1273101"	"species"	"Asterocarpa humilis"	"GCA_965654265.1"	166	111		34.19		"Scaffold"	310797130	7514435	19277783	93.80000000000001
"446446"	"species"	"Laccobius striatulus"	"GCA_965654275.1"	674	449	9	31.84		"Chromosome"	1060833994	7426591	127248362	99.60000000000001
"333459"	"species"	"Orthetrum coerulescens"	"GCA_965654315.1"	7356	3352	14	36.35		"Chromosome"	1338271766	373060	74698641	97.4
"333459"	"species"	"Orthetrum coerulescens"	"GCA_965654345.1"	4718	1351		36.2		"Scaffold"	1103375726	425775	71388750	90.60000000000001
"410286"	"species"	"Selandria serva"	"GCA_965654355.1"	610	135	12	37.59		"Chromosome"	201040667	923869	16206841	97
"119606"	"species"	"Larus glaucescens"	"GCA_965654385.1"	1238	665	36	45.19		"Chromosome"	1446586518	3410995	85721269	99.5
"346824"	"species"	"Phyllobius argentatus"	"GCA_965654395.1"	1006	643	10	33.01		"Chromosome"	937000773	5342107	83882080	94.5
"594022"	"species"	"Tephritis formosa"	"GCA_965654405.1"	41933	41909		35		"Scaffold"	1833683906	97178	97386	
"119637"	"species"	"Larus hyperboreus"	"GCA_965654415.1"	2332	1707	33	44.19		"Chromosome"	1222596547	3123111	96916423	95.30000000000001
"2074862"	"species"	"Rhodocollybia maculata"	"GCA_965654425.1"	760	183	12	46.25		"Chromosome"	143321711	375751	12465744	89.9
"410286"	"species"	"Selandria serva"	"GCA_965654435.1"	1671	1670		38		"Scaffold"	26922847	16185	16191	
"126713"	"species"	"Larus occidentalis"	"GCA_965654445.1"	868	386	34	44.42		"Chromosome"	1232342620	3921826	97575237	94.9
"126713"	"species"	"Larus occidentalis"	"GCA_965654455.1"	1006	453	36	45.2		"Chromosome"	1443155878	3779439	85627649	99.30000000000001
"119606"	"species"	"Larus glaucescens"	"GCA_965654465.1"	1014	507	34	44.26		"Chromosome"	1225395165	3859372	99528583	95.10000000000001
"65466"	"species"	"Lucilia caesar"	"GCA_965655125.1"	2398	857	6	30.2		"Chromosome"	615545306	628909	104106412	98.80000000000001
"65466"	"species"	"Lucilia caesar"	"GCA_965655155.1"	21450	21409		30.5		"Scaffold"	819892028	104756	106512	
"1822530"	"species"	"Melangyna compositarum"	"GCA_965663475.1"	5195	1699	5	32.730000000000004		"Chromosome"	999956761	368104	253175270	97.5
"304249"	"species"	"Hybos femoratus"	"GCA_965663495.1"	626	63	4	25.35		"Chromosome"	322527445	1043582	125872575	96
"1822530"	"species"	"Melangyna compositarum"	"GCA_965663505.1"	4759	1638		32.7		"Scaffold"	858819411	359097	224676876	93.10000000000001
"59297"	"species"	"Solidago canadensis"	"GCA_965663515.1"	654	233	9	35.22		"Chromosome"	812059780	3125107	85697689	94.30000000000001
"878129"	"species"	"Magdalis barbicornis"	"GCA_965663545.1"	8181	2800	21	33.71		"Chromosome"	1457472602	305565	66004839	96.60000000000001
"347271"	"species"	"Anthobium unicolor"	"GCA_965663555.1"	6277	4265	10	30		"Chromosome"	352140255	140477	22650015	
"347271"	"species"	"Anthobium unicolor"	"GCA_965663565.1"	886	447	12	29.66		"Chromosome"	359175870	1023587	27205651	99.30000000000001
"59297"	"species"	"Solidago canadensis"	"GCA_965663575.1"	1874	501		35.13		"Scaffold"	2462234288	2968787	85432842	98.5
"877924"	"species"	"Cryptocephalus pusillus"	"GCA_965663585.1"	1133	297	15	36.68		"Chromosome"	312950058	580918	20342572	99
"877924"	"species"	"Cryptocephalus pusillus"	"GCA_965663595.1"	12255	12253		37		"Scaffold"	526710562	90346	90416	
"878129"	"species"	"Magdalis barbicornis"	"GCA_965663605.1"	7930	2105		33.76		"Scaffold"	1399100542	316014	65976285	95.10000000000001
"304249"	"species"	"Hybos femoratus"	"GCA_965663615.1"	4275	2259		25.5		"Scaffold"	350200136	208356	121147415	
"126173"	"species"	"Cordulegaster boltonii"	"GCA_965663625.1"	2952	995	13	37.37		"Chromosome"	1610690654	1241317	111436305	99.30000000000001
"397083"	"species"	"Potamogeton trichoides"	"GCA_965663705.1"	728	669		40.45		"Scaffold"	389155980	8957001	23764144	93.80000000000001
"397083"	"species"	"Potamogeton trichoides"	"GCA_965663725.1"	1552	1503	14	39.08		"Chromosome"	361294105	10323251	22871622	93.80000000000001
"126173"	"species"	"Cordulegaster boltonii"	"GCA_965663745.1"	3223	1280	13	37.480000000000004		"Chromosome"	1557687839	1231351	110866629	99.30000000000001
"139838"	"species"	"Radula complanata"	"GCA_965669675.1"	1981	1975		58		"Scaffold"	31965157	16866	16898	
"2980188"	"species"	"Aplidium pallidum"	"GCA_965669705.1"	8053	8051		36.5		"Scaffold"	912954164	232711	232711	
"379215"	"species"	"Carpobrotus edulis"	"GCA_965782825.1"	8556	2074		41.76		"Scaffold"	955964210	211122	94201015	89
"55318"	"species"	"Potamogeton crispus"	"GCA_965783375.1"	2087	1968	26	36.96		"Chromosome"	513044622	8777000	19926051	94
"55318"	"species"	"Potamogeton crispus"	"GCA_965783445.1"	1213	1112		37.01		"Scaffold"	542509898	8490882	20787439	94.30000000000001
"346861"	"species"	"Tachyporus hypnorum"	"GCA_965783505.1"	8046	6216		36		"Scaffold"	618710964	251000	14070238	
"346861"	"species"	"Tachyporus hypnorum"	"GCA_965783885.1"	1393	702	13	35.14		"Chromosome"	531372006	1061911	19014134	98.9
"295815"	"species"	"Subcoccinella vigintiquattuorpunctata"	"GCA_965783985.1"	385	256	15	32.230000000000004		"Chromosome"	532027781	7289122	40002734	98.7
"292458"	"species"	"Agriotes lineatus"	"GCA_965788365.1"	1788	859		36.83		"Scaffold"	2557487709	4104806	214170943	99.30000000000001
"379215"	"species"	"Carpobrotus edulis"	"GCA_965788445.1"	8398	2067	9	41.81		"Chromosome"	939888601	208695	99419539	90.30000000000001
"292458"	"species"	"Agriotes lineatus"	"GCA_965788545.1"	2346	1394	10	36.96		"Chromosome"	2590711224	4416720	212198138	99.2
"295815"	"species"	"Subcoccinella vigintiquattuorpunctata"	"GCA_965789425.1"	7532	5904		32.5		"Scaffold"	589786855	433538	32368212	
"1298853"	"species"	"Ascidiella scabra"	"GCA_966096145.1"	1370	730	9	38.13		"Chromosome"	317486495	806009	33287230	93.30000000000001
"127479"	"species"	"Calathus melanocephalus"	"GCA_966096355.1"	1669	1096	19	30.85		"Chromosome"	966568731	4009859	51750563	99.60000000000001
"439819"	"species"	"Pycnoclavella producta"	"GCA_966096445.1"	326	115		35.85		"Scaffold"	532731853	5641777	48879771	94.80000000000001
"1298853"	"species"	"Ascidiella scabra"	"GCA_966096775.1"	1197	572		37.84		"Scaffold"	323492194	809054	33278614	93.30000000000001
"346790"	"species"	"Leistus rufomarginatus"	"GCA_966112595.1"	436	78	23	32.730000000000004		"Chromosome"	264391372	4280190	14695566	99.2
"346790"	"species"	"Leistus rufomarginatus"	"GCA_966112655.1"	238	70		32.37		"Scaffold"	257831218	4304529	14747797	99.30000000000001
"127479"	"species"	"Calathus melanocephalus"	"GCA_966112745.1"	1326	838		30.86		"Scaffold"	976613316	4514173	49663604	99.5
"439819"	"species"	"Pycnoclavella producta"	"GCA_966112915.1"	294	85	11	35.85		"Chromosome"	531135593	5641777	48804629	94.80000000000001
"23028"	"species"	"Sedum acre"	"GCA_966183405.1"	1244	833	20	38.95		"Chromosome"	643032966	2868677	30464541	93.7
"23028"	"species"	"Sedum acre"	"GCA_966183415.1"	1631	1043	20	38.78		"Chromosome"	666176718	2378746	31476722	94
"382944"	"species"	"Betulapion simile"	"GCA_966183525.1"	1330	256	11	33.32		"Chromosome"	1089724369	1938912	97768225	98.60000000000001
"382944"	"species"	"Betulapion simile"	"GCA_966183735.1"	11647	6189		33.5		"Scaffold"	1183186360	275992	84999299	
"481118"	"species"	"Crocus tommasinianus"	"GCA_966184055.1"	3486	656		41.78		"Scaffold"	2003823669	1159226	227524349	96.80000000000001
"481118"	"species"	"Crocus tommasinianus"	"GCA_966184185.1"	3992	914	8	41.800000000000004		"Chromosome"	2047349248	1136016	260274685	97.30000000000001
"226154"	"species"	"Cheilosia illustrata"	"GCA_966184215.1"	2624	1407		39.5		"Scaffold"	835471006	1452915	129134218	
"2867260"	"species"	"Villa modesta"	"GCA_966184235.1"	58	19	8	26.2		"Chromosome"	358433801	19734722	44685333	96.60000000000001
"2867260"	"species"	"Villa modesta"	"GCA_966185085.1"	6	5		28.5		"Scaffold"	1759466	417701	417701	
"2849648"	"species"	"Rhyzobius forestieri"	"GCA_966185095.1"	7480	1255	9	33.72		"Chromosome"	753453418	158616	96482978	96.80000000000001
"2849648"	"species"	"Rhyzobius forestieri"	"GCA_966185145.1"	19997	19997		33.5		"Contig"	745957638	52947	52947	
"226154"	"species"	"Cheilosia illustrata"	"GCA_966185155.1"	139	23	7	39.730000000000004		"Chromosome"	872706913	42417059	159250359	98.4
"249369"	"species"	"Serpula vermicularis"	"GCA_966197015.1"	2717	1029	14	36.62		"Chromosome"	980491310	1002732	62908978	94.30000000000001
"1298491"	"species"	"Opomyza germinationis"	"GCA_966197025.1"	1389	572	4	42.82		"Chromosome"	315936821	418072	47571614	98.7
"1298491"	"species"	"Opomyza germinationis"	"GCA_966197045.1"	738	456	3	42.83		"Chromosome"	151395988	492173	38319022	64.10000000000001
"249369"	"species"	"Serpula vermicularis"	"GCA_966197055.1"	10708	10691		36.5		"Scaffold"	1043142769	237361	238081	
"94686"	"species"	"Dicranodontium denudatum"	"GCA_966197065.1"	1163	281	11	40.17		"Chromosome"	255081649	438827	20983801	86.9
"1542591"	"species"	"Hylaeus dilatatus"	"GCA_966197075.1"	1389	798	12	42.21		"Chromosome"	307380808	673677	19100058	98.9
"1542591"	"species"	"Hylaeus dilatatus"	"GCA_966197085.1"	1822	1398	12	42.13		"Chromosome"	314316520	642000	16268456	99
"28681"	"species"	"Larus canus"	"GCA_966204495.1"	859	311	35	44.26		"Chromosome"	1317714504	3838233	88504857	99.5
"28681"	"species"	"Larus canus"	"GCA_966207165.1"	824	316	35	45.1		"Chromosome"	1387001037	3787740	87583120	99.5
"48706"	"species"	"Orchesella villosa"	"GCA_966381405.1"	2825	1294		36		"Scaffold"	228226464	175572	37833637	
"48706"	"species"	"Orchesella villosa"	"GCA_966392285.1"	552	125	6	36.11		"Chromosome"	298477119	1118273	51881481	97.80000000000001
"426094"	"species"	"Chelidonichthys cuculus"	"GCA_971782555.1"	1155	398		42.95		"Scaffold"	652160454	1569594	28474642	99.60000000000001
"428710"	"species"	"Sphaeroderma testaceum"	"GCA_971785815.1"	3923	3034		30.26		"Scaffold"	1522326546	2678904	58753766	99.2
"61544"	"species"	"Amphidium lapponicum"	"GCA_971788435.1"	610	130	15	38.67		"Chromosome"	266073107	826190	17995691	88.30000000000001
"2881815"	"species"	"Cyrtopogon pulchripes"	"GCA_971793335.1"	1511	454		37.47		"Scaffold"	1360190352	2135000	238108843	97.60000000000001
"428710"	"species"	"Sphaeroderma testaceum"	"GCA_971796245.1"	5274	4345	26	30.3		"Chromosome"	1521298535	2407971	58484549	99.2
"426094"	"species"	"Chelidonichthys cuculus"	"GCA_971798655.1"	1309	556	24	42.99		"Chromosome"	666050924	1526205	28143164	99.7
"2881815"	"species"	"Cyrtopogon pulchripes"	"GCA_971800845.1"	1846	757	6	37.46		"Chromosome"	1370561012	2183174	237726201	97.7
"156563"	"species"	"Cyanistes caeruleus"	"GCA_971803275.1"	931	455	40	42.44		"Chromosome"	1220456237	3559555	82237909	99.7
"156563"	"species"	"Cyanistes caeruleus"	"GCA_971808865.1"	896	382	40	42.36		"Chromosome"	1229107639	3266771	81606955	99.60000000000001
"107026"	"species"	"Mergellus albellus"	"GCA_971812175.1"	1541	910	39	42.52		"Chromosome"	1160594237	2538332	65538291	95
"2882598"	"species"	"Phaonia falleni"	"GCA_971820795.1"	11474	9760	6	33.86		"Chromosome"	2106659940	1396575	310904570	99.4
"122635"	"species"	"Riccia beyrichiana"	"GCA_971846045.1"	793	201	9	41.58		"Chromosome"	468924148	1451345	64300064	85.30000000000001
"107026"	"species"	"Mergellus albellus"	"GCA_971847395.1"	1612	844	41	42.59		"Chromosome"	1298127596	2393000	77103717	99.4
"1869593"	"species"	"Cochylis atricapitana"	"GCA_971847545.1"	76	31	29	37.74		"Chromosome"	387588671	11952188	13590576	99.60000000000001
"1594254"	"species"	"Cochylis nana"	"GCA_971858525.1"	1042	175		37.980000000000004		"Scaffold"	443526087	859794	14891842	98
"1073592"	"species"	"Pleurota bicostella"	"GCA_971864535.1"	377	277	31	37.83		"Chromosome"	796373857	9274912	26315753	99.60000000000001
"1384715"	"species"	"Abia aenea"	"GCA_971864595.1"	529	192	16	38.9		"Chromosome"	188743821	1187478	12996281	97.9
"1073592"	"species"	"Pleurota bicostella"	"GCA_971865885.1"	330	233		37.82		"Scaffold"	707019882	7681412	25885061	92.7
"1869593"	"species"	"Cochylis atricapitana"	"GCA_971865945.1"	71	34		37.71		"Scaffold"	386401672	10713201	13190517	99.60000000000001
"1384715"	"species"	"Abia aenea"	"GCA_971866655.1"	629	338		38.660000000000004		"Scaffold"	182694356	1107581	12163244	96.5
"1660645"	"species"	"Grapholita compositella"	"GCA_971874465.1"	114	52		38.050000000000004		"Scaffold"	568609628	18230384	22833515	90.10000000000001
"1594254"	"species"	"Cochylis nana"	"GCA_971878185.1"	1126	235	30	37.95		"Chromosome"	449964286	896619	14807898	98.60000000000001
"1594219"	"species"	"Aethes rutilana"	"GCA_971880265.1"	1304	353		38.33		"Scaffold"	426516236	698563	14041659	98.10000000000001
"1594219"	"species"	"Aethes rutilana"	"GCA_971880295.1"	1237	238	30	38.29		"Chromosome"	420310828	680080	14359181	98.2
"2882598"	"species"	"Phaonia falleni"	"GCA_971880325.1"	3849	2345	5	34.410000000000004		"Chromosome"	1758984501	1893033	303300973	99.2
"2829464"	"species"	"Tiphia minuta"	"GCA_971880485.1"	482	180	11	44.33		"Chromosome"	228004650	1195906	22706273	98.5
"1660645"	"species"	"Grapholita compositella"	"GCA_971886065.1"	139	59	29	38.08		"Chromosome"	658365528	20386342	24329565	99.60000000000001
"585988"	"species"	"Amara aenea"	"GCA_973350105.1"	1205	884	18	30.3		"Chromosome"	880371727	6359709	46477551	99.80000000000001
"13465"	"species"	"Crepis capillaris"	"GCA_973357615.1"	2912	1259		38.47		"Scaffold"	2015777107	2203467	606249919	97
"374711"	"species"	"Lathraea squamaria"	"GCA_973357735.1"	350	244	18	34.81		"Chromosome"	546009934	9033729	29407032	91.7
"374711"	"species"	"Lathraea squamaria"	"GCA_973357885.1"	220	121		36.74		"Scaffold"	424433462	9033729	21828132	91.7
"82558"	"species"	"Acrocnida brachiata"	"GCA_973358045.1"	1990	615	20	37.03		"Chromosome"	1661816349	3198013	76419738	97.30000000000001
"465155"	"species"	"Serica brunnea"	"GCA_973358345.1"	1461	1075		33.660000000000004		"Scaffold"	1482897699	5414559	144497857	95.10000000000001
"45985"	"species"	"Arianta arbustorum"	"GCA_973366785.1"	47166	47166		42		"Contig"	3129694774	151326	151326	
"1176461"	"species"	"Phtheochroa sodaliana"	"GCA_973404415.1"	203	167	30	38.53		"Chromosome"	457255758	10299876	16057572	99.7
"2881519"	"species"	"Alliopsis billbergi"	"GCA_973748725.1"	4100	3064		32		"Scaffold"	1016989349	1855605	172367280	
"99387"	"species"	"Ptychostomum capillare"	"GCA_973799455.1"	1418	261	10	40.230000000000004		"Chromosome"	394506959	522371	40967537	85.60000000000001
"1225627"	"species"	"Cynodontium bruntonii"	"GCA_973838815.1"	693	254	14	39.83		"Chromosome"	266506388	985641	20375590	88.2
"1286807"	"species"	"Syntrichia ruraliformis"	"GCA_973838845.1"	756	19	13	41.45		"Chromosome"	340050964	778038	25294722	86.4
"1870269"	"species"	"Psychoides filicivora"	"GCA_973845075.1"	320	60	30	36.28		"Chromosome"	483495060	5385707	17812689	98.2
"140635"	"species"	"Pohlia nutans"	"GCA_973851025.1"	2098	428	22	39.09		"Chromosome"	702309451	660306	30900626	87.7
"480560"	"species"	"Ptychomitrium polyphyllum"	"GCA_973851085.1"	485	87	13	39.13		"Chromosome"	160170127	661394	13182800	87.5
"61562"	"species"	"Orthotrichum anomalum"	"GCA_973894655.1"	906	175	11	37.81		"Chromosome"	292675312	616961	28275170	85
"209795"	"species"	"Marsupella aquatica"	"GCA_973895155.1"	281	66	9	44.35		"Chromosome"	231557950	1633460	27139421	83.9
"295522"	"species"	"Drilus flavescens"	"GCA_973896625.1"	3638	2535	9	36.42		"Chromosome"	1008850195	1096200	95407609	99.10000000000001
"295522"	"species"	"Drilus flavescens"	"GCA_973896695.1"	1930	1012	8	35.7		"Chromosome"	748308460	1069827	87807106	82.4
"264777"	"species"	"Scapania ornithopodioides"	"GCA_973897035.1"	394	23	9	42.83		"Chromosome"	929845968	4452520	108952248	83.7
"13465"	"species"	"Crepis capillaris"	"GCA_973897325.1"	3804	2134	3	38.47		"Chromosome"	2003270729	2449855	598963573	96.7
"585988"	"species"	"Amara aenea"	"GCA_973897575.1"	826	602		30.310000000000002		"Scaffold"	779723446	6197426	44133562	94.30000000000001
"465155"	"species"	"Serica brunnea"	"GCA_973946265.1"	2522	2137	10	33.63		"Chromosome"	1695554116	4783073	133671589	99.80000000000001
"1176461"	"species"	"Phtheochroa sodaliana"	"GCA_973946865.1"	122	84		38.54		"Scaffold"	453864723	14577630	15670200	99.5
"45985"	"species"	"Arianta arbustorum"	"GCA_973947135.1"	3811	1064	30	42.47		"Chromosome"	2641094562	1409077	73762682	95.5
"82558"	"species"	"Acrocnida brachiata"	"GCA_973947565.1"	6705	3416		37		"Scaffold"	1635735431	773000	68593260	
"1870269"	"species"	"Psychoides filicivora"	"GCA_974013035.1"	390	154	29	36.37		"Chromosome"	464458241	5375696	17670564	94.4
"644227"	"species"	"Bryoerythrophyllum ferruginascens"	"GCA_974117225.1"	627	37	12	41.99		"Chromosome"	333831811	936239	25744393	86.7
"226469"	"species"	"Dicranum tauricum"	"GCA_974117265.1"	2783	354	12	40.2		"Chromosome"	490111222	287426	38285667	86.60000000000001
"98466"	"species"	"Flexitrichum flexicaule"	"GCA_974117315.1"	1059	361	14	40.81		"Chromosome"	282270354	589009	19468468	88
"146584"	"species"	"Zygodon viridissimus"	"GCA_974117415.1"	873	113	11	38.87		"Chromosome"	240459881	493609	24437458	84.4
"93848"	"species"	"Tortella tortuosa"	"GCA_974117475.1"	1102	257	13	38.550000000000004		"Chromosome"	291853234	562708	19710685	86.60000000000001
"139838"	"species"	"Radula complanata"	"GCA_974373415.1"	1188	176	16	41.77		"Chromosome"	664614971	1112763	41543526	80.9
"102989"	"species"	"Scathophaga inquinata"	"GCA_974392395.1"	395	263	6	29.72		"Chromosome"	663606239	7857300	121825974	99.80000000000001
"102989"	"species"	"Scathophaga inquinata"	"GCA_974392425.1"	396	250		29.48		"Scaffold"	630179148	7534317	118925617	99.5
"460640"	"species"	"Porella arboris-vitae"	"GCA_974392495.1"	1328	87	8	42.07		"Chromosome"	1198616523	2219548	189698731	84.10000000000001
"758722"	"species"	"Spatalistis bifasciana"	"GCA_974392515.1"	135	101	29	37.61		"Chromosome"	587099145	16571869	20394000	99.60000000000001
"758722"	"species"	"Spatalistis bifasciana"	"GCA_974392535.1"	113	82		37.59		"Scaffold"	585886858	15573633	20134702	99.5
"572902"	"species"	"Swammerdamia caesiella"	"GCA_974392545.1"	100	81	30	38.5		"Chromosome"	412403420	12593737	13624813	
"572902"	"species"	"Swammerdamia caesiella"	"GCA_974392555.1"	122	117		39		"Scaffold"	336824518	12708092	13191301	
"225476"	"species"	"Hygromia cinctella"	"GCA_974392625.1"	10879	3198		39.87		"Scaffold"	1476037370	230523	62961448	91.9
"225476"	"species"	"Hygromia cinctella"	"GCA_974392715.1"	11457	3836	21	39.84		"Chromosome"	1432881076	222033	62444355	90.4
"306421"	"species"	"Bazzania tricrenata"	"GCA_974818285.1"	313	197	10	43.14		"Chromosome"	697648202	12047083	64792415	83.5
"2980188"	"species"	"Aplidium pallidum"	"GCA_974891035.1"	243	33	18	36.47		"Chromosome"	807877887	8009370	47844773	94.4
"2881519"	"species"	"Alliopsis billbergi"	"GCA_974893845.1"	442	71	6	31.69		"Chromosome"	965891947	5775721	173760995	99.30000000000001
"92607"	"species"	"Protoclythia modesta"	"GCA_974939455.1"	2657	1144	7	32.95		"Chromosome"	653140396	609114	103981483	97.80000000000001
"92607"	"species"	"Protoclythia modesta"	"GCA_974939975.1"	1793	494		33.08		"Scaffold"	554618813	638620	100396357	96.7
"402640"	"species"	"Scapania compacta"	"GCA_974939995.1"	186	79	9	41.99		"Chromosome"	314118723	8469629	35357065	84.2
"3225"	"species"	"Ceratodon purpureus"	"GCA_974992335.1"	1953	29	13	42.410000000000004		"Chromosome"	340428360	270564	23282598	86.9
"115595"	"species"	"Rhabdoweisia crispata"	"GCA_975143445.1"	1579	142	14	40.5		"Chromosome"	264189154	280426	18315459	87.9
"122646"	"species"	"Riccia sorocarpa"	"GCA_975143555.1"	2949	864	8	41.85		"Chromosome"	422576536	293616	59147147	85
"1209845"	"species"	"Teucrium botrys"	"GCA_975143565.1"	441	412		40		"Scaffold"	28597756	166893	255444	
"1280447"	"species"	"Acompsia cinerella"	"GCA_975143605.1"	161	62	31	37.79		"Chromosome"	396161209	12178240	13925924	99.5
"495577"	"species"	"Schizopyga frigida"	"GCA_975143675.1"	625	309	12	35.54		"Chromosome"	404460388	2597049	35787531	97.9
"433040"	"species"	"Diplocoelus fagi"	"GCA_975143845.1"	2684	2358		29.55		"Scaffold"	1451447955	3789930	63999119	99
"306638"	"species"	"Potamogeton compressus"	"GCA_975143895.1"	144	98		36.910000000000004		"Scaffold"	295656683	10176699	24958743	94.10000000000001
"260780"	"species"	"Didymodon rigidulus"	"GCA_975145935.1"	1423	166	14	41.37		"Chromosome"	237858424	280579	16917733	85.60000000000001
"433040"	"species"	"Diplocoelus fagi"	"GCA_975146085.1"	4077	3631	15	29.29		"Chromosome"	1695924577	2757361	53417606	99.2
"306638"	"species"	"Potamogeton compressus"	"GCA_975146125.1"	730	679	14	39.79		"Chromosome"	361976203	9714000	24986575	94.2
"98464"	"species"	"Distichium capillaceum"	"GCA_975146355.1"	683	377	14	39.9		"Chromosome"	287065835	1628961	19463886	88.2
"67247"	"species"	"Aulacomnium androgynum"	"GCA_975146365.1"	846	188	11	40		"Chromosome"	236879187	505771	19044678	87.10000000000001
"98470"	"species"	"Fissidens adianthoides"	"GCA_975146375.1"	4505	878	24	37.96		"Chromosome"	577485684	210075	22812427	88
"1209845"	"species"	"Teucrium botrys"	"GCA_975146385.1"	355	25	16	36.7		"Chromosome"	232474983	2254889	14068444	97.30000000000001
"495577"	"species"	"Schizopyga frigida"	"GCA_975146735.1"	503	210		35.51		"Scaffold"	388611581	2658769	34488361	98.10000000000001
"1869417"	"species"	"Agonopterix alstromeriana"	"GCA_975146945.1"	300	167	31	37.09		"Chromosome"	519969865	16563885	18357978	99.7
"104503"	"species"	"Euphydryas aurinia"	"GCA_975146965.1"	215	77	31	34.31		"Chromosome"	711644937	13461844	23393852	99.80000000000001
"1869417"	"species"	"Agonopterix alstromeriana"	"GCA_975147245.1"	173	152		37.13		"Scaffold"	471112545	16660538	17455886	92.4
"1280447"	"species"	"Acompsia cinerella"	"GCA_975147255.1"	96	68		37.800000000000004		"Scaffold"	354571662	12733510	13664858	92.30000000000001
"104503"	"species"	"Euphydryas aurinia"	"GCA_975147325.1"	201	150		34.410000000000004		"Scaffold"	622278255	14294561	22490614	90.30000000000001
"61572"	"species"	"Splachnum sphaericum"	"GCA_975259135.1"	539	104	8	46.22		"Chromosome"	175374463	662010	23552166	85.5
"98324"	"species"	"Campylopus introflexus"	"GCA_975300755.1"	1728	316	12	41.87		"Chromosome"	241170858	243289	18890008	86.9
"1005073"	"species"	"Anania funebris"	"GCA_975300765.1"	149	77	32	37.36		"Chromosome"	565047306	15892232	19077111	99.80000000000001
"93151"	"species"	"Kiaeria blyttii"	"GCA_975300795.1"	793	198	14	40.64		"Chromosome"	262662768	703765	20332908	88.4
"1005073"	"species"	"Anania funebris"	"GCA_975301095.1"	167	124		37.35		"Scaffold"	515071098	16229089	18939494	95.5
"296912"	"species"	"Grimmia decipiens"	"GCA_975301225.1"	1066	1066		54.5		"Contig"	20206568	18923	18923	
"296912"	"species"	"Grimmia decipiens"	"GCA_975301245.1"	2963	277	26	40.02		"Chromosome"	556277087	292733	22591750	87.9
"2495129"	"species"	"Nysson trimaculatus"	"GCA_975301255.1"	2657	2473		39.13		"Scaffold"	403464387	861213	4206000	98.9
"2495129"	"species"	"Nysson trimaculatus"	"GCA_975301485.1"	797	596	28	39.02		"Chromosome"	301312361	1895111	10247200	98.80000000000001
"1510177"	"species"	"Dicranum scottianum"	"GCA_975465555.1"	3145	581	8	41.52		"Chromosome"	550331151	309000	68687881	86.7
"260776"	"species"	"Vinealobryum insulanum"	"GCA_975465575.1"	1177	625	13	41.1		"Chromosome"	277380014	645812	17234450	86.60000000000001
"96799"	"species"	"Amphidium mougeotii"	"GCA_975525615.1"	881	154	14	39.01		"Chromosome"	272102194	581359	18876701	88.2
"576385"	"species"	"Pohlia wahlenbergii"	"GCA_975525915.1"	2536	1276	11	39.37		"Chromosome"	364758220	387262	30458288	87.10000000000001
"201562"	"species"	"Polytrichum piliferum"	"GCA_975525945.1"	1094	784	7	41.11		"Chromosome"	455533531	2313790	61874882	87.2
"248357"	"species"	"Douinia ovata"	"GCA_975526185.1"	516	200	9	42.78		"Chromosome"	1029255173	7574143	138274450	83.80000000000001
"264776"	"species"	"Scapania gracilis"	"GCA_975526265.1"	131	9	9	42.95		"Chromosome"	314071455	5017893	33064515	84.30000000000001
"2779711"	"species"	"Flexitrichum gracile"	"GCA_975573065.1"	1084	331	14	39.88		"Chromosome"	242234249	472536	18012156	88
"201550"	"species"	"Pogonatum aloides"	"GCA_975573085.1"	1499	748	7	41.28		"Chromosome"	487305518	966030	64011405	86.7
"280637"	"species"	"Pleurozia purpurea"	"GCA_975705895.1"	103	12	9	43.96		"Chromosome"	1095082609	80116000	144836377	84
"290674"	"species"	"Lesteva punctata"	"GCA_975739945.1"	6033	2174	9	32.05		"Chromosome"	1256736919	443094	133440658	97.9
"290674"	"species"	"Lesteva punctata"	"GCA_975740015.1"	4891	1028		32.03		"Scaffold"	1226398390	459486	131383721	98
"176794"	"species"	"Russula gracillima"	"GCA_975961605.1"	105	15	11	50.47		"Chromosome"	41361926	661793	3993894	97.7
"176794"	"species"	"Russula gracillima"	"GCA_975967265.1"	1048	1048		49		"Contig"	15210896	15658	15658	
"1007343"	"species"	"Abraxas grossulariata"	"GCA_975968935.1"	329	269		36.45		"Scaffold"	565696537	14226794	19549558	99.5
"1007343"	"species"	"Abraxas grossulariata"	"GCA_976010855.1"	193	144	28	36.56		"Chromosome"	548621020	18241371	19852593	99.60000000000001
"226501"	"species"	"Brachydontium trichodes"	"GCA_976131275.1"	777	94	14	41.09		"Chromosome"	267893195	663961	21463826	88
"97058"	"species"	"Cinara pinea"	"GCA_976225235.1"	161	106		31.59		"Scaffold"	806669598	34699570	202585522	99.30000000000001
"27722"	"species"	"Trisopterus luscus"	"GCA_976225255.1"	5197	2152	27	46.56		"Chromosome"	548550804	247992	17145505	88.80000000000001
"67441"	"species"	"Tetraplodon mnioides"	"GCA_976225305.1"	789	172	10	44.58		"Chromosome"	216670180	479625	22353143	85.2
"1594233"	"species"	"Ancylis diminutana"	"GCA_976225375.1"	144	107	28	38.22		"Chromosome"	506811680	15511000	18068938	99.7
"27722"	"species"	"Trisopterus luscus"	"GCA_976225395.1"	4545	1704		46.35		"Scaffold"	529862677	252404	16506168	87.60000000000001
"219594"	"species"	"Aythya fuligula"	"GCA_976225405.1"	4102	2949		42		"Scaffold"	1145776103	1830095	63133507	
"97058"	"species"	"Cinara pinea"	"GCA_976225425.1"	212	139	4	31.55		"Chromosome"	816348762	39739882	202139466	99.30000000000001
"981515"	"species"	"Ptychostomum moravicum"	"GCA_976225435.1"	1426	247	10	40.730000000000004		"Chromosome"	455995986	614703	46529218	85.80000000000001
"1594233"	"species"	"Ancylis diminutana"	"GCA_976225465.1"	116	103	27	38.26		"Chromosome"	511416678	17324692	18281562	99.60000000000001
"219594"	"species"	"Aythya fuligula"	"GCA_976225485.1"	1033	391	41	42		"Chromosome"	1175427868	3978115	76924276	99.4
"1870735"	"species"	"Trigonophora flammea"	"GCA_976225715.1"	159	94	30	39.34		"Chromosome"	779587383	25200448	25892381	99.80000000000001
"1101040"	"species"	"Pseudosciaphila branderiana"	"GCA_976234865.1"	133	112		37.72		"Scaffold"	442722704	16453766	17581051	90
"1870735"	"species"	"Trigonophora flammea"	"GCA_976236555.1"	171	77		39.33		"Scaffold"	779199163	20300225	26231086	99.80000000000001
"1417353"	"species"	"Thiodia citrana"	"GCA_976239805.1"	76	56		39.32		"Scaffold"	500955319	16042449	18709910	99.5
"1417353"	"species"	"Thiodia citrana"	"GCA_976239845.1"	145	113	28	39.34		"Chromosome"	500176840	13263672	18745739	99.5
"1101040"	"species"	"Pseudosciaphila branderiana"	"GCA_976240245.1"	266	215	30	37.800000000000004		"Chromosome"	522213561	16284510	18256429	99.60000000000001
"360359"	"species"	"Pterostichus diligens"	"GCA_976289695.1"	1537	120	15	31.19		"Chromosome"	572067426	587496	36590417	98.80000000000001
"3046827"	"species"	"Atractylocarpus subporodictyon"	"GCA_976304285.1"	878	225	11	39.85		"Chromosome"	242991773	571049	20352972	87.10000000000001
"67002"	"species"	"Plenogemma phyllantha"	"GCA_976338635.1"	357	11	11	37.95		"Chromosome"	263689181	1432518	25810638	84.2
"96532"	"species"	"Dicranoweisia cirrata"	"GCA_976358135.1"	409	73	14	37.92		"Chromosome"	198469946	924301	13976453	88
"253516"	"species"	"Anomodon viticulosus"	"GCA_976358155.1"	345	277	11	37.27		"Chromosome"	365306794	8149664	32944658	86.30000000000001
"1539395"	"species"	"Ophion forticornis"	"GCA_976358385.1"	17524	17494		39		"Scaffold"	552203302	39049	39168	
"52983"	"species"	"Fissidens taxifolius"	"GCA_976483725.1"	1426	15	12	37.64		"Chromosome"	270844412	323019	22282609	87.7
"1539395"	"species"	"Ophion forticornis"	"GCA_976494275.1"	8718	2009	13	38.85		"Chromosome"	682570692	123193	48518991	93.10000000000001
"360359"	"species"	"Pterostichus diligens"	"GCA_976576855.1"	1363	15		31.35		"Scaffold"	528812388	645914	36743570	98.60000000000001
"50365"	"species"	"Anser albifrons"	"GCA_976913865.1"	2405	1336	41	43.72		"Chromosome"	1311784712	1821908	62180537	99.5
"1920322"	"species"	"Grimmia atrata"	"GCA_976913875.1"	3068	431	13	41.72		"Chromosome"	412926580	209093	36196289	86.10000000000001
"1093211"	"species"	"Ramularia vizellae"	"GCA_976913895.1"	463	458	11	48.47		"Chromosome"	58097694	3170709	3231786	99.4
"1594239"	"species"	"Brachmia inornatella"	"GCA_976914385.1"	118	112		36.25		"Scaffold"	394313276	13716029	14074540	99.30000000000001
"104468"	"species"	"Archiearis parthenias"	"GCA_976915725.1"	275	87	26	39.160000000000004		"Chromosome"	528462204	18185111	20611573	99.80000000000001
"210029"	"species"	"Diplecogaster bimaculata"	"GCA_976916555.1"	5878	2324	21	36.92		"Chromosome"	2191042422	936806	90439982	97.4
"202013"	"species"	"Lasiorhynchites cavifrons"	"GCA_976916715.1"	658	173	7	33.47		"Chromosome"	1354926820	5090000	252295237	99.4
"50365"	"species"	"Anser albifrons"	"GCA_976916765.1"	1965	877		42.9		"Scaffold"	1221974688	1940491	66543043	99.5
"871382"	"species"	"Eriocrania sparrmannella"	"GCA_976917265.1"	75	58		35.49		"Scaffold"	606950653	17223989	21138681	87
"3395413"	"species"	"Noctuidae sp. SAN22000473"	"GCA_976917485.1"	152	105		37		"Scaffold"	496528778	11948502	17813456	
"691564"	"species"	"Coleophora mayrella"	"GCA_976917495.1"	128	50	30	37.660000000000004		"Chromosome"	518536048	8869939	18114404	99.5
"1525512"	"species"	"Forcipomyia palustris"	"GCA_976917515.1"	62	5	3	37.65		"Chromosome"	167290829	12696818	59673152	89.60000000000001
"691564"	"species"	"Coleophora mayrella"	"GCA_976917535.1"	124	49		37.65		"Scaffold"	517289205	9001976	18095902	99.5
"687129"	"species"	"Schreckensteinia festaliella"	"GCA_976917965.1"	2619	304		34.18		"Scaffold"	569858935	389242	26956717	98.4
"397064"	"species"	"Potamogeton epihydrus"	"GCA_976917975.1"	2239	2025	13	39.82		"Chromosome"	305319724	1558051	21388776	93.9
"1594239"	"species"	"Brachmia inornatella"	"GCA_976918315.1"	103	98	30	36.300000000000004		"Chromosome"	398203600	13524029	14159654	99.4
"104468"	"species"	"Archiearis parthenias"	"GCA_976918345.1"	68	61		39.14		"Scaffold"	426172486	18189975	18189975	88.7
"871382"	"species"	"Eriocrania sparrmannella"	"GCA_976918355.1"	56	40	32	35.49		"Chromosome"	605702979	18174770	21048470	87.10000000000001
"3395413"	"species"	"Noctuidae sp. SAN22000473"	"GCA_976919185.1"	154	102	30	37		"Chromosome"	496170277	13289026	17623984	
"202013"	"species"	"Lasiorhynchites cavifrons"	"GCA_976919195.1"	914	446	8	33.51		"Chromosome"	1324683005	4985498	251133681	94.30000000000001
"210029"	"species"	"Diplecogaster bimaculata"	"GCA_976919225.1"	6576	2957	20	36.87		"Chromosome"	2211921875	945583	90355791	97.60000000000001
"296914"	"species"	"Grimmia donniana"	"GCA_976919255.1"	2789	80	13	41.6		"Chromosome"	332499531	162306	26622037	85.60000000000001
"687129"	"species"	"Schreckensteinia festaliella"	"GCA_976919265.1"	2640	197	21	34.2		"Chromosome"	571589176	371000	27170332	98.4
"397064"	"species"	"Potamogeton epihydrus"	"GCA_976919295.1"	582	371	13	37.72		"Chromosome"	250148477	1609164	20406115	90.30000000000001
"1525512"	"species"	"Forcipomyia palustris"	"GCA_976919305.1"	864	578		37.5		"Scaffold"	177970659	1616306	59373410	
"558720"	"species"	"Propylea quattuordecimpunctata"	"GCA_976923555.1"	218	218		35		"Contig"	525422986	5346787	5346787	
"48042"	"species"	"Levisticum officinale"	"GCA_976924175.1"	900	647		34.5		"Scaffold"	4331869620	32462000	398913074	
"558720"	"species"	"Propylea quattuordecimpunctata"	"GCA_976925235.1"	165	97	10	34.96		"Chromosome"	579295235	21063383	62243796	98.4
"7648"	"species"	"Echinus esculentus"	"GCA_976925275.1"	7115	1416	19	37.94		"Chromosome"	1032866170	259079	49034243	98.2
"48042"	"species"	"Levisticum officinale"	"GCA_976925295.1"	718	466	11	34.5		"Chromosome"	4361588700	38654000	409302250	
"200806"	"species"	"Ptychostomum cyclophyllum"	"GCA_976926415.1"	1942	1185	10	42.36		"Chromosome"	386175262	761000	41475341	85.80000000000001
"7648"	"species"	"Echinus esculentus"	"GCA_976929225.1"	7689	2012		37.94		"Scaffold"	1099457569	254072	46912154	98.10000000000001
"55444"	"species"	"Stuckenia pectinata"	"GCA_976940475.1"	1050	850		36.64		"Scaffold"	668038913	6285948	11813996	94.30000000000001
"55444"	"species"	"Stuckenia pectinata"	"GCA_976940525.1"	1810	1435	42	37.29		"Chromosome"	881297837	3982000	10911200	94.4
"103409"	"species"	"Acidia cognata"	"GCA_976940535.1"	719	171		35.07		"Scaffold"	861671529	3037837	148378766	98.9
"103409"	"species"	"Acidia cognata"	"GCA_976940545.1"	1015	232	7	35.02		"Chromosome"	920115460	2655339	149381172	99.10000000000001
"1149847"	"species"	"Salix arbuscula"	"GCA_976941345.1"	256	121	19	35.45		"Chromosome"	374109080	3894404	18329091	98.80000000000001
"1149847"	"species"	"Salix arbuscula"	"GCA_976941465.1"	855	855		35		"Contig"	303751740	1517500	1517500	
"270432"	"species"	"Erica cinerea"	"GCA_976954435.1"	186	89	12	39.78		"Chromosome"	321501296	5503412	24127149	96.7
"1888416"	"species"	"Endromopoda detrita"	"GCA_976954455.1"	138	21	14	36.75		"Chromosome"	514255586	14463049	37607807	98.4
"2906288"	"species"	"Kybos smaragdulus"	"GCA_976954465.1"	394	257	10	38.59		"Chromosome"	1684972750	19877467	127172179	99
"55985"	"species"	"Ips sexdentatus"	"GCA_976954485.1"	112	19	12	35.050000000000004		"Chromosome"	264120532	8625464	25174074	94.60000000000001
"140101"	"species"	"Platanus x hispanica"	"GCA_976954515.1"	338	305		36.910000000000004		"Scaffold"	1765031450	73408054	88298847	99.9
"140101"	"species"	"Platanus x hispanica"	"GCA_976954525.1"	626	586	21	36.96		"Chromosome"	1750471053	71966899	82837229	99.9
"55985"	"species"	"Ips sexdentatus"	"GCA_976954535.1"	153	30	14	35.04		"Chromosome"	284381969	8200202	28052552	99.2
"270432"	"species"	"Erica cinerea"	"GCA_976954545.1"	183	99		39.87		"Scaffold"	324365723	5605143	24268368	96.80000000000001
"2729092"	"species"	"Marchantia quadrata"	"GCA_976954565.1"	1025	224	15	43.62		"Chromosome"	696674171	1529397	49452906	86.60000000000001
"2906288"	"species"	"Kybos smaragdulus"	"GCA_976954575.1"	5222	3721		38.5		"Scaffold"	1587501027	1860020	154549062	
"1448897"	"species"	"Depressaria daucella"	"GCA_976954725.1"	135	55	31	37.5		"Chromosome"	467823665	12155728	16250881	99.7
"1448897"	"species"	"Depressaria daucella"	"GCA_976954735.1"	62	33		37.49		"Scaffold"	419615041	11442630	16000366	92.5
"2979187"	"species"	"Hoplismenus bidentatus"	"GCA_976974295.1"	498	148		43.11		"Scaffold"	313287813	1377182	30756299	98.4
"2979187"	"species"	"Hoplismenus bidentatus"	"GCA_976974325.1"	616	263	10	43.14		"Chromosome"	314634490	1464947	29488805	98.2
"100819"	"species"	"Falco tinnunculus"	"GCA_976974455.1"	1002	506	27	43.19		"Chromosome"	1417225294	4874000	91707238	99.5
"100819"	"species"	"Falco tinnunculus"	"GCA_976974655.1"	830	447	25	43.11		"Chromosome"	1201163297	5189005	92215987	95.30000000000001
"1545233"	"species"	"Psallus varians"	"GCA_976981965.1"	421	45	16	42.24		"Chromosome"	682311289	2997209	44049607	97.80000000000001
"1545233"	"species"	"Psallus varians"	"GCA_976982005.1"	378	94		42.230000000000004		"Scaffold"	681870238	3693730	42013401	97.80000000000001
"1545302"	"species"	"Cyphostethus tristriatus"	"GCA_976982235.1"	3552	2641		33.5		"Scaffold"	488321978	722664	68781691	
"1545302"	"species"	"Cyphostethus tristriatus"	"GCA_976982355.1"	276	144	7	34.04		"Chromosome"	584023683	10546000	81996506	99.60000000000001
"1594443"	"species"	"Argolamprotes micella"	"GCA_976984575.1"	61	40	30	38.75		"Chromosome"	425623986	14231869	15252916	99.2
"1594443"	"species"	"Argolamprotes micella"	"GCA_976984605.1"	53	45		38.800000000000004		"Scaffold"	392518091	14542695	14542695	92.30000000000001
"2021494"	"species"	"Senotainia conica"	"GCA_976984615.1"	1571	391		31.490000000000002		"Scaffold"	647925291	913494	111336395	99.4
"2021494"	"species"	"Senotainia conica"	"GCA_976984625.1"	1893	779	6	31.38		"Chromosome"	659971067	960920	110954185	99.5
"524428"	"species"	"Macroglossum stellatarum"	"GCA_976984635.1"	503	137		37.03		"Scaffold"	420252238	1784648	16245113	95.4
"99363"	"species"	"Potamogeton nodosus"	"GCA_976984665.1"	2368	2168	26	38.86		"Chromosome"	693797323	4488443	22286430	94.30000000000001
"199053"	"species"	"Phyllonorycter messaniella"	"GCA_976984685.1"	65	49	32	37.24		"Chromosome"	317734046	10444279	10950098	96.7
"986949"	"species"	"Orthonama vittatum"	"GCA_976984695.1"	32	23		35.51		"Scaffold"	286438033	13682678	15930971	99.5
"199053"	"species"	"Phyllonorycter messaniella"	"GCA_976984705.1"	105	99		37.22		"Scaffold"	290996270	10381404	10976242	91.60000000000001
"524428"	"species"	"Macroglossum stellatarum"	"GCA_976984725.1"	639	103	30	37.07		"Chromosome"	471972412	1782645	16495016	99.80000000000001
"99363"	"species"	"Potamogeton nodosus"	"GCA_976984765.1"	1641	1432		39.21		"Scaffold"	740871916	4278000	16927630	94.7
"986949"	"species"	"Orthonama vittatum"	"GCA_976984775.1"	30	20	20	35.49		"Chromosome"	286323224	14307299	16003361	99.5
"478074"	"species"	"Lewinskya rupestris"	"GCA_976985105.1"	717	6	6	38.26		"Chromosome"	267087206	652859	41589731	85.30000000000001
"1081820"	"species"	"Ischnodemus sabuleti"	"GCA_976985115.1"	6241	2323		36.730000000000004		"Scaffold"	1173658360	529283	152992639	95.4
"1081820"	"species"	"Ischnodemus sabuleti"	"GCA_976985125.1"	627	80	8	36.7		"Chromosome"	1199722849	3781644	166549026	99.30000000000001
"96529"	"species"	"Campylopus flexuosus"	"GCA_976985155.1"	2375	453	11	41.51		"Chromosome"	277957616	176621	22376548	85.7
"127171"	"species"	"Fissidens dubius"	"GCA_976985705.1"	1851	462	12	38.04		"Chromosome"	316286641	342299	25048567	87.5
"688592"	"species"	"Evergestis pallidata"	"GCA_976985715.1"	131	63	32	36.67		"Chromosome"	737751516	23914043	25890221	99.80000000000001
"688592"	"species"	"Evergestis pallidata"	"GCA_976985725.1"	86	72		36.68		"Scaffold"	675464281	23601550	26038020	95.5
"190339"	"species"	"Cyclophora puppillaria"	"GCA_976986365.1"	41	34		36.980000000000004		"Scaffold"	293642092	10507195	10507195	99.4
"199086"	"species"	"Phyllonorycter ulicicolella"	"GCA_976986375.1"	17302	16773		37		"Scaffold"	670317048	74155	75751	
"190339"	"species"	"Cyclophora puppillaria"	"GCA_976986405.1"	58	43	31	37.01		"Chromosome"	295484078	9851931	10505921	99.30000000000001
"199086"	"species"	"Phyllonorycter ulicicolella"	"GCA_976986425.1"	720	143	30	36.84		"Chromosome"	595976125	1616933	20430235	96.4
"29583"	"species"	"Funaria hygrometrica"	"GCA_976987255.1"	1093	215	26	40.5		"Chromosome"	329926193	573387	12159515	
"70136"	"species"	"Lewinskya speciosa"	"GCA_976987265.1"	1290	29	13	38		"Chromosome"	533949533	698487	40764531	
"2486090"	"species"	"Phyllodoce laminosa"	"GCA_976987355.1"	3062	413		40		"Scaffold"	2490963794	1651605	126390696	
"2486090"	"species"	"Phyllodoce laminosa"	"GCA_976987375.1"	3344	722	19	40		"Chromosome"	2492806343	1672000	128286753	
"1465182"	"species"	"Stragania apicalis"	"GCA_976988655.1"	1349	868	10	34.5		"Chromosome"	1407015956	4916903	135026700	
"1588651"	"species"	"Braunia imberbis"	"GCA_976988665.1"	547	305	11	39.5		"Chromosome"	223502517	1459691	19935585	
"324586"	"species"	"Carduus crispus"	"GCA_976988675.1"	340	71	8	35.5		"Chromosome"	735114895	4574047	88530655	
"572820"	"species"	"Bryotropha similis"	"GCA_976988685.1"	69	62		37		"Scaffold"	417381453	15904007	16319277	
"1100903"	"species"	"Acrobasis tumidana"	"GCA_976988715.1"	72	49	31	37		"Chromosome"	674386806	23238490	24461956	
"572820"	"species"	"Bryotropha similis"	"GCA_976988725.1"	263	72	31	37.5		"Chromosome"	567728353	15866689	17103479	
"1100903"	"species"	"Acrobasis tumidana"	"GCA_976988745.1"	69	38		37		"Scaffold"	672554192	21175318	24519906	
"31908"	"species"	"Haematopus ostralegus"	"GCA_976988755.1"	812	364	33	43.5		"Chromosome"	1290388642	4999330	85971649	
"1465182"	"species"	"Stragania apicalis"	"GCA_976988775.1"	990	532	9	34		"Chromosome"	1369591748	6126196	138054442	
"130446"	"species"	"Encalypta ciliata"	"GCA_976988785.1"	1154	129	13	40.5		"Chromosome"	402542723	638000	28218935	
"324586"	"species"	"Carduus crispus"	"GCA_976988795.1"	399	108		35.5		"Scaffold"	733005190	4144622	87296110	
"296916"	"species"	"Grimmia funalis"	"GCA_976988805.1"	1577	180	13	40.5		"Chromosome"	271582219	285471	22744351	
"31908"	"species"	"Haematopus ostralegus"	"GCA_976988815.1"	775	318	33	43.5		"Chromosome"	1305996864	4836579	87398943	
"1323535"	"species"	"Conwentzia psociformis"	"GCA_976988905.1"	184	14	11	36.5		"Chromosome"	99603567	1206000	13725290	
"1323535"	"species"	"Conwentzia psociformis"	"GCA_976988935.1"	4390	3541		36.5		"Scaffold"	191313276	153661	13088867	
"115594"	"species"	"Grimmia pulvinata"	"GCA_977000235.1"	631	631		37.5		"Contig"	8487328	14245	14245	
"115594"	"species"	"Grimmia pulvinata"	"GCA_977000245.1"	2290	199	26	39		"Chromosome"	476027777	319573	19433895	
"520846"	"species"	"Orthotrichum pulchellum"	"GCA_977000265.1"	839	51	10	37.5		"Chromosome"	258570047	489673	24887537	
"279758"	"species"	"Lewinskya affinis"	"GCA_977000275.1"	769	65	6	37.5		"Chromosome"	270073375	596577	42263408	
"1344699"	"species"	"Anania verbascalis"	"GCA_977012505.1"	117	54		37		"Scaffold"	498855698	15829000	17286843	
"913188"	"species"	"Elachista alpinella"	"GCA_977012595.1"	37	32		39		"Scaffold"	302818126	11015680	11259638	
"202009"	"species"	"Larinus planus"	"GCA_977012605.1"	93	19	19	35.5		"Chromosome"	1137814206	27391000	59970235	
"913188"	"species"	"Elachista alpinella"	"GCA_977012625.1"	41	35	27	39		"Chromosome"	304052107	11069000	11270809	
"1219321"	"species"	"Coenobia rufa"	"GCA_977012645.1"	137	54		39		"Scaffold"	722314750	16754272	25494520	
"1344699"	"species"	"Anania verbascalis"	"GCA_977012675.1"	112	60	31	37		"Chromosome"	495566654	17003662	17210215	
"202009"	"species"	"Larinus planus"	"GCA_977012685.1"	4130	2772	19	36		"Chromosome"	1181718711	1628523	50092412	
"96851"	"species"	"Jaera albifrons"	"GCA_977012755.1"	933	533	11	30.5		"Chromosome"	892422824	4380930	85708067	
"1219321"	"species"	"Coenobia rufa"	"GCA_977012855.1"	136	68	31	39		"Chromosome"	720595556	17216001	25585302	
"3037401"	"species"	"Atylotus latistriatus"	"GCA_977012865.1"	1458	563	10	38		"Chromosome"	1451650235	3989605	164296095	
"3037401"	"species"	"Atylotus latistriatus"	"GCA_977012915.1"	2213	1365		38		"Scaffold"	1351085588	3599544	165391419	
"96851"	"species"	"Jaera albifrons"	"GCA_977012945.1"	23789	23693		30.5		"Scaffold"	2424504820	374297	380421	
"201549"	"species"	"Oligotrichum hercynicum"	"GCA_977013005.1"	480	157	7	40.5		"Chromosome"	409005097	2399871	64585166	
"183561"	"species"	"Dipsacus fullonum"	"GCA_977013055.1"	1211	524		35.5		"Scaffold"	2815121415	6975406	308342161	
"183561"	"species"	"Dipsacus fullonum"	"GCA_977013065.1"	1775	1045	9	35		"Chromosome"	2838200624	6888941	307147849	
"129213"	"species"	"Polytrichum juniperinum"	"GCA_977013085.1"	503	216	7	40.5		"Chromosome"	378001219	2124274	55444407	
"1858096"	"species"	"Luquetia lobella"	"GCA_977013125.1"	79	34	30	37.5		"Chromosome"	292255920	9460625	10501121	
"1470699"	"species"	"Phaleria cadaverina"	"GCA_977013135.1"	256	185	11	27		"Chromosome"	367336429	5469000	22616628	
"1858096"	"species"	"Luquetia lobella"	"GCA_977013145.1"	55	31		38		"Scaffold"	493968541	17359458	18346282	
"1342090"	"species"	"Polydrusus impressifrons"	"GCA_977013155.1"	85	25		32		"Scaffold"	540560011	21473277	51500188	
"254105"	"species"	"Grimmia elongata"	"GCA_977013165.1"	1778	111	13	41.5		"Chromosome"	393366778	334968	30653069	
"1104517"	"species"	"Zeiraphera griseana"	"GCA_977013175.1"	85	36		39.5		"Scaffold"	536069735	11728477	21224436	
"1104517"	"species"	"Zeiraphera griseana"	"GCA_977013185.1"	84	46	29	39.5		"Chromosome"	629088423	19750115	22619591	
"290649"	"species"	"Sphaeridium bipustulatum"	"GCA_977013195.1"	7503	5648		32		"Scaffold"	280556185	127221	17779139	
"1442294"	"species"	"Elachista maculicerusella"	"GCA_977013205.1"	73	48	31	39		"Chromosome"	336778636	10512814	11214857	
"1594243"	"species"	"Caloptilia elongella"	"GCA_977013245.1"	71	49	30	39.5		"Chromosome"	349127918	12678968	13120999	
"1594243"	"species"	"Caloptilia elongella"	"GCA_977013295.1"	108	78	30	39.5		"Chromosome"	347872195	12767850	12852856	
"1470699"	"species"	"Phaleria cadaverina"	"GCA_977013325.1"	4069	3387		28		"Scaffold"	392499621	375384	13117526	
"61563"	"species"	"Pulvigera lyellii"	"GCA_977013335.1"	883	97	7	38.5		"Chromosome"	310820779	645035	48473649	
"254110"	"species"	"Schistidium strictum"	"GCA_977013345.1"	864	136	13	40.5		"Chromosome"	246327730	522333	20756265	
"1869806"	"species"	"Dichomeris marginella"	"GCA_977013355.1"	70	33		37.5		"Scaffold"	293198169	10042080	10597240	
"948872"	"species"	"Dicranum flexicaule"	"GCA_977013415.1"	2871	665	9	41.5		"Chromosome"	576290382	392514	61513445	
"2126142"	"species"	"Testudinalia testudinalis"	"GCA_977013425.1"	373	204	10	35.5		"Chromosome"	495176862	8775000	60127231	
"1448893"	"species"	"Altenia scriptella"	"GCA_977013445.1"	89	80		37.5		"Scaffold"	440344799	16079233	17229154	
"1335492"	"species"	"Herina lugubris"	"GCA_977013455.1"	670	149	4	39		"Chromosome"	442802813	1708133	167104341	
"1448893"	"species"	"Altenia scriptella"	"GCA_977013465.1"	178	99	33	37.5		"Chromosome"	506559004	16144762	17263963	
"129214"	"species"	"Polytrichum strictum"	"GCA_977013495.1"	1148	579	7	40.5		"Chromosome"	338311543	867110	47574325	
"1869806"	"species"	"Dichomeris marginella"	"GCA_977013505.1"	73	33	30	37.5		"Chromosome"	292535699	9697452	10501121	
"1342090"	"species"	"Polydrusus impressifrons"	"GCA_977013515.1"	101	19	12	32		"Chromosome"	567099412	23749401	51561373	
"573575"	"species"	"Pohlia annotina"	"GCA_977013525.1"	785	43	11	38		"Chromosome"	319874016	629986	27198281	
"2126142"	"species"	"Testudinalia testudinalis"	"GCA_977013535.1"	317	181		35		"Scaffold"	495027759	9005887	59545400	
"2909329"	"species"	"Trichostomum littorale"	"GCA_977013545.1"	686	13	13	38		"Chromosome"	271058753	668763	19064650	
"1335492"	"species"	"Herina lugubris"	"GCA_977013555.1"	859	213		39		"Scaffold"	423927163	1372019	162810889	
"1442294"	"species"	"Elachista maculicerusella"	"GCA_977013575.1"	59	47		39		"Scaffold"	344005622	11365591	11500688	
"1910964"	"species"	"Linnemannia fluviae"	"GCA_977013585.1"	78	58	17	48		"Chromosome"	52930120	2650929	3056199	
"290649"	"species"	"Sphaeridium bipustulatum"	"GCA_977013595.1"	306	126	13	31.5		"Chromosome"	261739046	4115265	22902741	
"1291413"	"species"	"Glyphipterix forsterella"	"GCA_977013705.1"	129	94	31	37		"Chromosome"	599948989	14109266	20135473	
"572853"	"species"	"Hedya nubiferana"	"GCA_977013715.1"	100	8		38		"Scaffold"	203569746	3602066	28008329	
"1150031"	"species"	"Coleophora alticolella"	"GCA_977013745.1"	50	36	27	38.5		"Chromosome"	385415006	13888851	13888851	
"1150031"	"species"	"Coleophora alticolella"	"GCA_977013845.1"	201	143		38.5		"Scaffold"	297073758	7615025	15048743	
"572853"	"species"	"Hedya nubiferana"	"GCA_977014005.1"	114	98	26	38		"Chromosome"	558149794	18535002	20303263	
"1291413"	"species"	"Glyphipterix forsterella"	"GCA_977014155.1"	2036	1142		37		"Scaffold"	591630784	909539	18397720	
"129286"	"species"	"Dilutineuron fasciculare"	"GCA_977014425.1"	1796	562	13	43.5		"Chromosome"	216780544	226809	14933877	
"173637"	"species"	"Heringocrania unimaculella"	"GCA_977014445.1"	100	55	33	37.5		"Chromosome"	475065721	15151550	15806012	
"173637"	"species"	"Heringocrania unimaculella"	"GCA_977014465.1"	79	70	31	37.5		"Chromosome"	440387309	14965511	15675331	
"700380"	"species"	"Gonodera luperus"	"GCA_977014565.1"	1196	60	8	35.5		"Chromosome"	327517452	656533	53773301	
"700380"	"species"	"Gonodera luperus"	"GCA_977014665.1"	1990	998		35.5		"Scaffold"	344833110	574649	42182711	
"1594307"	"species"	"Grapholita tenebrosana"	"GCA_977014695.1"	177	48	28	38		"Chromosome"	710614841	9513935	26452953	
"1594307"	"species"	"Grapholita tenebrosana"	"GCA_977014715.1"	2531	1392		38		"Scaffold"	677141079	1215024	24229159	
"2589387"	"species"	"Fabulina fabula"	"GCA_977014855.1"	955	287	18	37.5		"Chromosome"	1975080867	4821516	104253009	
"2589387"	"species"	"Fabulina fabula"	"GCA_977014905.1"	4599	1800		37.5		"Scaffold"	1811564350	1245573	92997866	
"12990"	"species"	"Carpinus betulus"	"GCA_977014925.1"	192	9	8	36		"Chromosome"	368930127	4459000	44286965	
"12990"	"species"	"Carpinus betulus"	"GCA_977014935.1"	144	9	8	36		"Chromosome"	364817066	6337000	41491451	
"12990"	"species"	"Carpinus betulus"	"GCA_977014945.1"	601	413	8	37		"Chromosome"	400017720	3818642	43789176	
"12990"	"species"	"Carpinus betulus"	"GCA_977014955.1"	160	10	8	36		"Chromosome"	361665794	4505387	42203628	
"12990"	"species"	"Carpinus betulus"	"GCA_977014975.1"	156	8	8	36		"Chromosome"	369647038	5212719	43766686	
"12990"	"species"	"Carpinus betulus"	"GCA_977014985.1"	749	573	8	36.5		"Chromosome"	404221518	4030628	42294992	
"12990"	"species"	"Carpinus betulus"	"GCA_977014995.1"	172	8	8	36		"Chromosome"	367232543	5086000	44024086	
"12990"	"species"	"Carpinus betulus"	"GCA_977015005.1"	174	8	8	36		"Chromosome"	367166554	5316793	43468003	
"687148"	"species"	"Ypsolopha dentella"	"GCA_977015205.1"	1848	213	28	37		"Chromosome"	2579875930	4579411	97366580	
"687148"	"species"	"Ypsolopha dentella"	"GCA_977015405.1"	1914	267		37		"Scaffold"	2558504397	4558190	96429976	
"199064"	"species"	"Phyllonorycter quercifoliella"	"GCA_977016735.1"	4076	2159		37.5		"Scaffold"	430945279	295954	13133673	
"199064"	"species"	"Phyllonorycter quercifoliella"	"GCA_977016745.1"	1724	144	30	37.5		"Chromosome"	376297319	414884	13022919	
"1342239"	"species"	"Stenocarus ruficornis"	"GCA_977017535.1"	155	27	12	36		"Chromosome"	607129716	24964000	53441765	
"1342239"	"species"	"Stenocarus ruficornis"	"GCA_977017545.1"	155	34		36		"Scaffold"	600139778	26297405	53528151	
"50586"	"species"	"Lepisma saccharinum"	"GCA_977018415.1"	16063	9952		38.5		"Scaffold"	2363857419	537203	55113457	
"50586"	"species"	"Lepisma saccharinum"	"GCA_977018435.1"	4252	1135	30	38.5		"Chromosome"	2974372671	1672937	84502641	
"1594281"	"species"	"Donacaula mucronella"	"GCA_977018485.1"	711	649	24	38.5		"Chromosome"	1073039626	25401684	36356058	
"1594281"	"species"	"Donacaula mucronella"	"GCA_977018515.1"	820	781	24	38.5		"Chromosome"	1062064207	29764431	36816909	
"721161"	"species"	"Tethea or"	"GCA_977018945.1"	562	364		36.5		"Scaffold"	454301585	3546689	15946193	
"721161"	"species"	"Tethea or"	"GCA_977018955.1"	35	34	29	36		"Chromosome"	449617983	16283461	16283461	
"200692"	"species"	"Anoectangium aestivum"	"GCA_977018995.1"	975	64	13	40		"Chromosome"	261426670	462001	21159848	
"909823"	"species"	"Tischeria dodonaea"	"GCA_977019035.1"	201	54		37.5		"Scaffold"	441068432	4418155	20358740	
"909823"	"species"	"Tischeria dodonaea"	"GCA_977019055.1"	146	26	23	37.5		"Chromosome"	440498073	6601554	20758944	
"1660571"	"species"	"Adela cuprella"	"GCA_977019175.1"	174	18	17	39.5		"Chromosome"	680072665	7133548	54379283	
"1660571"	"species"	"Adela cuprella"	"GCA_977019215.1"	179	20		39.5		"Scaffold"	675807468	6496498	53931143	
"1391524"	"species"	"Ancylis unculana"	"GCA_977019785.1"	272	69	27	38.5		"Chromosome"	570713300	8529660	18995737	
"129788"	"species"	"Ruditapes philippinarum"	"GCA_977019795.1"	1327	1075		32.5		"Scaffold"	1372658660	10451560	69895805	
"1391524"	"species"	"Ancylis unculana"	"GCA_977019805.1"	101	49		38.5		"Scaffold"	406395057	9074877	17598922	
"1660580"	"species"	"Agriphila selasella"	"GCA_977019815.1"	302	190		37		"Scaffold"	641058776	6617546	22166582	
"2725526"	"species"	"Silba fumosa"	"GCA_977019835.1"	1385	552	6	37		"Chromosome"	761207144	1591686	122329488	
"2725526"	"species"	"Silba fumosa"	"GCA_977019855.1"	646	323		36.5		"Scaffold"	484138045	2585527	122140800	
"1660580"	"species"	"Agriphila selasella"	"GCA_977019865.1"	274	158	32	37		"Chromosome"	682177140	7199066	22508580	
"129788"	"species"	"Ruditapes philippinarum"	"GCA_977019875.1"	634	411	19	32.5		"Chromosome"	1342330194	11336114	71089707	
"1660658"	"species"	"Menophra abruptaria"	"GCA_977020085.1"	126	84		37		"Scaffold"	428130576	9725000	14950687	
"1660658"	"species"	"Menophra abruptaria"	"GCA_977020135.1"	152	102	30	37		"Chromosome"	430223113	9018400	15096104	
"3228856"	"species"	"Blastobasis vittata"	"GCA_977020145.1"	167	102		40		"Scaffold"	535841394	8756000	18052754	
"3228856"	"species"	"Blastobasis vittata"	"GCA_977020155.1"	129	91	30	40		"Chromosome"	542367365	11096365	18482389	
"1869848"	"species"	"Ephestia unicolorella"	"GCA_977020405.1"	140	73		38		"Scaffold"	514993737	14325485	18203648	
"2561216"	"species"	"Dichrorampha plumbagana"	"GCA_977020415.1"	275	104		38		"Scaffold"	911786262	8419000	36476929	
"2561216"	"species"	"Dichrorampha plumbagana"	"GCA_977020425.1"	429	106	28	38		"Chromosome"	1068480078	10243741	38774993	
"172266"	"species"	"Tilia cordata"	"GCA_977020445.1"	2556	2556		34		"Contig"	873662102	1464118	1464118	
"56853"	"species"	"Glaucium flavum"	"GCA_977020455.1"	155	138	6	37		"Chromosome"	829248337	57669260	126083466	
"56853"	"species"	"Glaucium flavum"	"GCA_977020465.1"	148	121		37		"Scaffold"	828283798	47132397	131950715	
"172266"	"species"	"Tilia cordata"	"GCA_977020475.1"	224	60	41	34		"Chromosome"	910254225	7379838	22646505	
"1869848"	"species"	"Ephestia unicolorella"	"GCA_977020505.1"	363	87	33	38		"Chromosome"	604088304	14005556	18947339	
"71948"	"species"	"Galerina mutabilis"	"GCA_977035705.1"	152	116	13	48		"Chromosome"	56285893	1598082	4090658	
"214139"	"species"	"Eupithecia assimilata"	"GCA_977035715.1"	72	47		37.5		"Scaffold"	488172407	17051716	17127560	
"326958"	"species"	"Eulithis populata"	"GCA_977035725.1"	71	65		37		"Scaffold"	259339147	9764721	9764721	
"326958"	"species"	"Eulithis populata"	"GCA_977035735.1"	131	122	30	37.5		"Chromosome"	296600371	9438527	9824430	
"332058"	"species"	"Culiseta annulata"	"GCA_977035755.1"	817	196	3	37		"Chromosome"	1797733427	5468068	669645311	
"485574"	"species"	"Lampronia capitella"	"GCA_977035765.1"	1053	216		37		"Scaffold"	648266330	1292745	23203118	
"214139"	"species"	"Eupithecia assimilata"	"GCA_977035785.1"	59	38	31	37.5		"Chromosome"	490700010	17055723	17123174	
"332058"	"species"	"Culiseta annulata"	"GCA_977035795.1"	9617	6946		36.5		"Scaffold"	1919575585	1387502	663499118	
"191066"	"species"	"Empetrum nigrum"	"GCA_977035805.1"	1342	350	13	39.5		"Chromosome"	559961900	874064	43358103	
"71948"	"species"	"Galerina mutabilis"	"GCA_977035815.1"	94	55		48		"Scaffold"	54022057	1258356	4526581	
"191066"	"species"	"Empetrum nigrum"	"GCA_977035825.1"	3329	444		39		"Scaffold"	1592935160	845761	40753310	
"240682"	"species"	"Carex spicata"	"GCA_977035845.1"	378	291		37		"Scaffold"	32121194	311969	667681	
"1858058"	"species"	"Philedonides lunana"	"GCA_977035875.1"	2532	739	28	38		"Chromosome"	372553623	341624	12838696	
"2562035"	"species"	"Protarchanara brevilinea"	"GCA_977035895.1"	82	49	31	38		"Chromosome"	639107145	20653250	22588143	
"240682"	"species"	"Carex spicata"	"GCA_977035945.1"	48	38	29	34.5		"Chromosome"	385537290	13133811	13139737	
"10185"	"species"	"Castor fiber"	"GCA_977035955.1"	17640	5227		40		"Scaffold"	2054518866	269226	67931567	
"2562035"	"species"	"Protarchanara brevilinea"	"GCA_977035965.1"	89	44		38		"Scaffold"	638553531	18547241	22294685	
"485574"	"species"	"Lampronia capitella"	"GCA_977035995.1"	1078	141	31	37		"Chromosome"	674293784	1217178	23478612	
"10185"	"species"	"Castor fiber"	"GCA_977036005.1"	464	227	25	39.5		"Chromosome"	2824180382	48519000	144294294	
"55320"	"species"	"Potamogeton perfoliatus"	"GCA_977036025.1"	1119	996	26	38.5		"Chromosome"	716790311	9009000	22676300	
"55320"	"species"	"Potamogeton perfoliatus"	"GCA_977036035.1"	875	758		38.5		"Scaffold"	709468450	9997000	22053578	
"1858058"	"species"	"Philedonides lunana"	"GCA_977036065.1"	1730	426		37.5		"Scaffold"	306337635	378717	11851399	
"1586622"	"species"	"Platyrhinus resinosus"	"GCA_977061565.1"	557	278	11	37		"Chromosome"	764042519	5966951	77122923	
"364141"	"species"	"Ephemera vulgata"	"GCA_977061575.1"	418	166	5	33.5		"Chromosome"	433056972	3145318	119554712	
"364141"	"species"	"Ephemera vulgata"	"GCA_977061585.1"	638	281	6	33.5		"Chromosome"	475500420	2665427	118158454	
"48026"	"species"	"Ammi majus"	"GCA_977061595.1"	1648	285	11	35.5		"Chromosome"	926431048	1212947	82661857	
"48026"	"species"	"Ammi majus"	"GCA_977061605.1"	1532	224	11	35.5		"Chromosome"	919409987	1223420	84212522	
"1586622"	"species"	"Platyrhinus resinosus"	"GCA_977061615.1"	467	205		37.5		"Scaffold"	758339528	5543836	77902460	
"941274"	"species"	"Leucocephalonemertes aurantiaca"	"GCA_977061895.1"	2580	1886	19	43.5		"Chromosome"	1012636679	2047063	56599581	
"941274"	"species"	"Leucocephalonemertes aurantiaca"	"GCA_977061965.1"	1596	952		43		"Scaffold"	1007428807	2083554	56184859	
"1553381"	"species"	"Calodromius spilotus"	"GCA_977063465.1"	2016	1409		34.5		"Scaffold"	1070588432	2820911	70831827	
"1553381"	"species"	"Calodromius spilotus"	"GCA_977063495.1"	301	112	15	34.5		"Chromosome"	992287006	9193000	76300743	
"2722873"	"species"	"Bithynia leachii"	"GCA_977064325.1"	9967	1476	17	38.5		"Chromosome"	812808802	119917	45115705	
"2722873"	"species"	"Bithynia leachii"	"GCA_977065585.1"	33851	33846		38.5		"Scaffold"	634677735	19475	19475	
"197113"	"species"	"Aeshna juncea"	"GCA_977065665.1"	4270	2280		33.5		"Scaffold"	1778560265	1168267	132500878	
"197113"	"species"	"Aeshna juncea"	"GCA_977065675.1"	6374	3918	14	33.5		"Chromosome"	2202917175	1131580	136268635	
"71694"	"species"	"Coprinopsis atramentaria"	"GCA_977065745.1"	280	225	13	49.5		"Chromosome"	53869761	1605292	4257384	
"71694"	"species"	"Coprinopsis atramentaria"	"GCA_977065945.1"	228	162		49.5		"Scaffold"	54769206	1530580	4036568	
"878149"	"species"	"Monotoma picipes"	"GCA_977065965.1"	1525	1396	13	30		"Chromosome"	183094089	1957789	11246844	
"878149"	"species"	"Monotoma picipes"	"GCA_977066045.1"	2495	2365		31		"Scaffold"	164765051	1227421	10683293	
"302032"	"species"	"Aporrectodea caliginosa"	"GCA_977066145.1"	7426	2716		40.5		"Scaffold"	1087134120	261162	64845598	
"75838"	"species"	"Spatula clypeata"	"GCA_977066225.1"	1067	585		42		"Scaffold"	1200106829	3836274	76648654	
"73327"	"species"	"Aegithalos caudatus"	"GCA_977066235.1"	1856	1473		43		"Scaffold"	1157973908	8338484	73551885	
"73327"	"species"	"Aegithalos caudatus"	"GCA_977066295.1"	1758	1322	40	43.5		"Chromosome"	1216966789	8444000	73711400	
"2818049"	"species"	"Neophilaenus exclamationis"	"GCA_977066315.1"	6770	4347		32		"Scaffold"	1987039583	1965124	173226109	
"75838"	"species"	"Spatula clypeata"	"GCA_977066335.1"	1006	537	40	42.5		"Chromosome"	1236960625	3649032	76684505	
"721134"	"species"	"Ennomos autumnarius"	"GCA_977066375.1"	114	77	32	38		"Chromosome"	558040372	12218006	19090112	
"1342213"	"species"	"Mononychus punctumalbum"	"GCA_977066395.1"	70	35	14	31.5		"Chromosome"	384607014	14901000	31290284	
"2818049"	"species"	"Neophilaenus exclamationis"	"GCA_977066405.1"	2590	867	11	32.5		"Chromosome"	3188419826	8097000	367819835	
"1342213"	"species"	"Mononychus punctumalbum"	"GCA_977066425.1"	109	46		31		"Scaffold"	385564772	15997243	31317029	
"1101145"	"species"	"Piniphila bifasciana"	"GCA_977066445.1"	50	35		38		"Scaffold"	382473273	13977684	13977684	
"1101145"	"species"	"Piniphila bifasciana"	"GCA_977066455.1"	46	34	28	38		"Chromosome"	381772332	13681651	14042830	
"2882880"	"species"	"Stenodema holsatum"	"GCA_977066465.1"	3684	2333		40.5		"Scaffold"	751857531	862227	50470003	
"2882880"	"species"	"Stenodema holsatum"	"GCA_977066485.1"	312	221	17	40.5		"Chromosome"	889278141	14967003	52599508	
"1594366"	"species"	"Nematopogon schwarziellus"	"GCA_977066495.1"	276	57		40.5		"Scaffold"	448552893	4825723	15973222	
"1594366"	"species"	"Nematopogon schwarziellus"	"GCA_977066535.1"	298	51	31	40.5		"Chromosome"	470557030	4633187	16049890	
"988017"	"species"	"Peridea anceps"	"GCA_977066545.1"	507	301		38.5		"Scaffold"	303911416	2004499	10992203	
"1870006"	"species"	"Incurvaria oehlmanniella"	"GCA_977066555.1"	112	38		40		"Scaffold"	583100213	9305239	23135904	
"572880"	"species"	"Prays fraxinella"	"GCA_977066585.1"	56	40	31	36.5		"Chromosome"	366616201	12802287	12802287	
"572880"	"species"	"Prays fraxinella"	"GCA_977066625.1"	277	213		36.5		"Scaffold"	335804627	7127327	12024336	
"1870006"	"species"	"Incurvaria oehlmanniella"	"GCA_977066665.1"	105	37	28	40		"Chromosome"	584571327	10818146	22984553	
"988017"	"species"	"Peridea anceps"	"GCA_977066695.1"	49	45	32	38.5		"Chromosome"	325577475	11228542	11342625	
"721134"	"species"	"Ennomos autumnarius"	"GCA_977066735.1"	3641	1908		38		"Scaffold"	548090033	358879	16180521	
"1869865"	"species"	"Eriocrania cicatricella"	"GCA_977067375.1"	241	186	31	33		"Chromosome"	484833008	8610639	16886902	
"2591987"	"species"	"Synophropsis lauri"	"GCA_977067445.1"	2643	1280	8	36.5		"Chromosome"	2486816072	4410927	252584121	
"1869865"	"species"	"Eriocrania cicatricella"	"GCA_977067495.1"	210	144	33	33		"Chromosome"	520763659	9352906	17151763	
"2591987"	"species"	"Synophropsis lauri"	"GCA_977067515.1"	2826	1741		37		"Scaffold"	2475530682	4634986	215401476	
"136194"	"species"	"Endeis spinosa"	"GCA_977070985.1"	2486	2486		29.5		"Contig"	176110952	114554	114554	
"608661"	"species"	"Boletina plana"	"GCA_977070995.1"	760	66	6	36		"Chromosome"	527428755	1570499	126865301	
"346686"	"species"	"Acupalpus dubius"	"GCA_977071005.1"	1867	666	20	31		"Chromosome"	656065276	1035434	35587265	
"153785"	"species"	"Phratora vitellinae"	"GCA_977071015.1"	186	48	17	36		"Chromosome"	565066841	5970765	33983073	
"136194"	"species"	"Endeis spinosa"	"GCA_977071025.1"	311	133	19	29.5		"Chromosome"	181242001	1769886	10927524	
"608661"	"species"	"Boletina plana"	"GCA_977071045.1"	568	64		35.5		"Scaffold"	498241735	2047053	127755357	
"153785"	"species"	"Phratora vitellinae"	"GCA_977071055.1"	3060	2134		36		"Scaffold"	593355600	903000	32028419	
"660070"	"species"	"Potentilla anglica"	"GCA_977071065.1"	704	132		38.5		"Scaffold"	1197956516	2952000	42662300	
"346686"	"species"	"Acupalpus dubius"	"GCA_977071085.1"	15180	10774		30.5		"Scaffold"	933360424	152069	19921096	
"987421"	"species"	"Eilema lurideolum"	"GCA_977071765.1"	1532	609	31	39		"Chromosome"	796466042	1895220	25553762	
"1666554"	"species"	"Epinotia cruciana"	"GCA_977071775.1"	114	43	28	39		"Chromosome"	865929350	14948109	30335449	
"1666554"	"species"	"Epinotia cruciana"	"GCA_977071795.1"	945	423		39		"Scaffold"	871684769	2909133	30994144	
"1870246"	"species"	"Platytes cerussella"	"GCA_977071805.1"	185	91	31	37		"Chromosome"	602389796	14313672	20815951	
"1857962"	"species"	"Agrotis ripae"	"GCA_977071825.1"	266	149	32	39		"Chromosome"	952971717	11489354	33045599	
"1857962"	"species"	"Agrotis ripae"	"GCA_977071845.1"	234	134		39		"Scaffold"	867060292	11615905	31440632	
"1870246"	"species"	"Platytes cerussella"	"GCA_977071865.1"	168	67		37		"Scaffold"	601261328	15363496	20325965	
"987421"	"species"	"Eilema lurideolum"	"GCA_977071875.1"	902	351		39		"Scaffold"	681427250	2258858	25446353	
"140997"	"species"	"Crataegus monogyna"	"GCA_977072135.1"	171	153	17	38		"Chromosome"	674734931	21294489	39869031	
"689062"	"species"	"Apamea unanimis"	"GCA_977072205.1"	114	61	32	38.5		"Chromosome"	601283410	19764576	20001635	
"140997"	"species"	"Crataegus monogyna"	"GCA_977072275.1"	141	119		38		"Scaffold"	671686550	18618417	41053422	
"689062"	"species"	"Apamea unanimis"	"GCA_977072285.1"	110	104		38.5		"Scaffold"	542948978	18918383	19949160	
"1080924"	"species"	"Zele chlorophthalmus"	"GCA_977089975.1"	120	16	10	33.5		"Chromosome"	132170467	3589080	15081598	
"2844366"	"species"	"Parasmittina trispinosa"	"GCA_977089985.1"	2902	1549	11	38		"Chromosome"	587671586	631092	53987574	
"2844366"	"species"	"Parasmittina trispinosa"	"GCA_977089995.1"	2318	987		38.5		"Scaffold"	611779850	674277	57050932	
"1405625"	"species"	"Phyllonorycter klemannella"	"GCA_977090005.1"	68	64	29	36		"Chromosome"	332728194	12276340	12478162	
"1405625"	"species"	"Phyllonorycter klemannella"	"GCA_977090045.1"	74	36	31	36		"Chromosome"	356675269	12234477	12752638	
"1080924"	"species"	"Zele chlorophthalmus"	"GCA_977090055.1"	99	28		33.5		"Scaffold"	133671391	9918120	15124173	
"1176459"	"species"	"Phalonidia manniana"	"GCA_977109225.1"	92	37		37.5		"Scaffold"	368137027	9701793	13458205	
"1176459"	"species"	"Phalonidia manniana"	"GCA_977109235.1"	70	35	31	37.5		"Chromosome"	432126102	11525689	14253133	
"1594218"	"species"	"Aethes rubigana"	"GCA_977112215.1"	130	37		39.5		"Scaffold"	463948005	8375000	16057423	
"1521163"	"species"	"Baetis atlanticus"	"GCA_977112225.1"	25	10		40		"Scaffold"	199916094	19820115	41192903	
"1870113"	"species"	"Neosphaleroptera nubilana"	"GCA_977112235.1"	221	80	31	37.5		"Chromosome"	428138831	13458709	14176904	
"594026"	"species"	"Tephritis matricariae"	"GCA_977112305.1"	5616	2141		35		"Scaffold"	1853532392	1375868	305582589	
"1521163"	"species"	"Baetis atlanticus"	"GCA_977112325.1"	25	12	5	40		"Chromosome"	199869330	25179637	41192903	
"433053"	"species"	"Mycetophagus atomarius"	"GCA_977112535.1"	135	29	9	30.5		"Chromosome"	140054790	3526068	14289502	
"1594218"	"species"	"Aethes rubigana"	"GCA_977112605.1"	145	49	30	39.5		"Chromosome"	463837261	9704416	16216880	
"1870113"	"species"	"Neosphaleroptera nubilana"	"GCA_977112655.1"	62	47		37.5		"Scaffold"	358895486	13812745	13870117	
"594026"	"species"	"Tephritis matricariae"	"GCA_977117635.1"	513	65	6	35.5		"Chromosome"	1791206506	7427346	309591247	
"433053"	"species"	"Mycetophagus atomarius"	"GCA_977117645.1"	1679	1283		30		"Scaffold"	133666944	296302	11046548	
"1888008"	"species"	"Paracoenia fumosa"	"GCA_977117665.1"	1672	810	6	29.5		"Chromosome"	608143712	1160009	106959516	
"1888008"	"species"	"Paracoenia fumosa"	"GCA_977117685.1"	1469	649	6	29		"Chromosome"	589494041	1062806	101731989	
"302032"	"species"	"Aporrectodea caliginosa"	"GCA_977118385.1"	7567	2768	16	40.5		"Chromosome"	1091964218	276345	65183050	
"632760"	"species"	"Helianthemum oelandicum"	"GCA_977782535.1"	177	118	11	41		"Chromosome"	2613296561	133829405	241651649	
"1150108"	"species"	"Metriotes lutarea"	"GCA_977788075.1"	124	106		37		"Scaffold"	463925539	16257350	17282281	
"1150108"	"species"	"Metriotes lutarea"	"GCA_977788085.1"	198	185	31	37		"Chromosome"	513867154	16313157	17198100	
"49290"	"species"	"Carabus nemoralis"	"GCA_977790985.1"	2347	1349	15	36		"Chromosome"	237444319	308120	13108008	
"181285"	"species"	"Lotus subbiflorus"	"GCA_977791045.1"	223	186		37.5		"Scaffold"	962931063	32369000	73709100	
"722665"	"species"	"Geometra papilionaria"	"GCA_977804215.1"	82	59	31	37		"Chromosome"	674479845	23105089	23789664	
"49290"	"species"	"Carabus nemoralis"	"GCA_977809175.1"	5064	5064		36		"Contig"	229793643	83246	83246	
"326028"	"species"	"Geranium dissectum"	"GCA_977815175.1"	395	348	11	40.5		"Chromosome"	567015296	30038493	49446890	
"326028"	"species"	"Geranium dissectum"	"GCA_977824225.1"	156	115		40		"Scaffold"	557845904	27103847	49511433	
"181285"	"species"	"Lotus subbiflorus"	"GCA_977824325.1"	460	422	12	37.5		"Chromosome"	975234728	38033447	74376508	
"722665"	"species"	"Geometra papilionaria"	"GCA_977824395.1"	65	57		37		"Scaffold"	672697665	23171386	23906325	
"98471"	"species"	"Fissidens bryoides"	"GCA_977825115.1"	276	14	11	39.5		"Chromosome"	188204072	1177851	19363239	
"2219844"	"species"	"Amphigerontia contaminata"	"GCA_977830265.1"	466	95		38		"Scaffold"	444817529	1841972	54993883	
"3020554"	"species"	"Eulalia xanthomucosa"	"GCA_977831505.1"	3332	1729	18	41		"Chromosome"	2340389913	2307805	128423557	
"2219844"	"species"	"Amphigerontia contaminata"	"GCA_977845675.1"	502	37	9	38		"Chromosome"	443394677	1661688	56080702	
"494601"	"species"	"Epitonium clathrus"	"GCA_977870915.1"	5984	1411		42.5		"Scaffold"	1121433571	353340	61454150	
"494601"	"species"	"Epitonium clathrus"	"GCA_977870945.1"	6813	2114	18	42.5		"Chromosome"	1101863264	339722	58875199	
"170545"	"species"	"Anchusa arvensis"	"GCA_977871625.1"	1444	617	24	34.5		"Chromosome"	14894436084	48565366	601234181	
"1271749"	"species"	"Trichostegia minor"	"GCA_977872445.1"	118	41	19	35		"Chromosome"	771303423	14865599	38780123	
"1271749"	"species"	"Trichostegia minor"	"GCA_977872455.1"	132	41		35		"Scaffold"	737051929	16987009	38720101	
"127538"	"species"	"Oedipodium griffithianum"	"GCA_977872475.1"	1298	135	15	45		"Chromosome"	269458273	334095	24451873	
"71319"	"species"	"Limacia clavigera"	"GCA_977872485.1"	5427	1217		38		"Scaffold"	1346281679	478274	86048391	
"71319"	"species"	"Limacia clavigera"	"GCA_977872505.1"	5709	1320	13	38		"Chromosome"	1351402326	482265	87630452	
"3411907"	"species"	"Acronicta albovenosa"	"GCA_977901945.1"	59	41	31	37.5		"Chromosome"	549157138	19282034	19282034	
"1666440"	"species"	"Agonopterix nervosa"	"GCA_977901955.1"	68	52		37.5		"Scaffold"	595333163	19884190	21783644	
"228568"	"species"	"Callicera rufa"	"GCA_977901975.1"	347	150	4	38.5		"Chromosome"	486153845	5447246	155603232	
"3411907"	"species"	"Acronicta albovenosa"	"GCA_977901985.1"	72	65		37.5		"Scaffold"	548158642	19114887	19114887	
"1107588"	"species"	"Clubiona pallidula"	"GCA_977901995.1"	869	126		33.5		"Scaffold"	1079376548	2463190	82070684	
"1107588"	"species"	"Clubiona pallidula"	"GCA_977902005.1"	953	164	13	33.5		"Chromosome"	1079298630	2767320	82058779	
"1594215"	"species"	"Acleris hastiana"	"GCA_977902015.1"	512	396		38		"Scaffold"	504216127	9965829	18084064	
"1594215"	"species"	"Acleris hastiana"	"GCA_977902025.1"	186	164	31	37.5		"Chromosome"	677762522	18478991	19580200	
"228568"	"species"	"Callicera rufa"	"GCA_977902045.1"	223	78		38.5		"Scaffold"	474347618	5271000	151492735	
"1666440"	"species"	"Agonopterix nervosa"	"GCA_977902055.1"	52	39	30	37.5		"Chromosome"	592055879	20274705	21350891	
"299782"	"species"	"Linaria repens"	"GCA_977927325.1"	168	100		38.5		"Scaffold"	776068370	16338668	130043383	
"1086758"	"species"	"Dilophus femoratus"	"GCA_977927335.1"	353	185	7	27		"Chromosome"	416837383	6231129	67788483	
"299782"	"species"	"Linaria repens"	"GCA_977927345.1"	220	149	6	38.5		"Chromosome"	773048375	15506512	130161852	
"1660662"	"species"	"Nemapogon clematella"	"GCA_977927365.1"	83	79		34		"Scaffold"	282256264	10168670	10218000	
"3112311"	"species"	"Agnoea josephinae"	"GCA_977927375.1"	217	119	29	37.5		"Chromosome"	1012711773	14116259	37599663	
"1918230"	"species"	"Demoticus plebejus"	"GCA_977927385.1"	351	182	6	30.5		"Chromosome"	770327137	8050886	144852417	
"1086758"	"species"	"Dilophus femoratus"	"GCA_977927395.1"	198	101		26.5		"Scaffold"	363271971	6576289	67775063	
"2997259"	"species"	"Simacauda dicommatias"	"GCA_977927405.1"	752	198		42.5		"Scaffold"	411817153	1300766	15047367	
"1918230"	"species"	"Demoticus plebejus"	"GCA_977927415.1"	273	115		30.5		"Scaffold"	760894745	7703697	141591474	
"1594217"	"species"	"Adaina microdactyla"	"GCA_977927425.1"	521	303	31	33.5		"Chromosome"	281723530	1917023	9470560	
"3112311"	"species"	"Agnoea josephinae"	"GCA_977927435.1"	291	172		37.5		"Scaffold"	932066677	12269141	36482332	
"2803874"	"species"	"Estheria cristata"	"GCA_977927445.1"	24038	24037		32.5		"Scaffold"	2013376415	165671	165671	
"2803874"	"species"	"Estheria cristata"	"GCA_977927455.1"	846	272	7	32.5		"Chromosome"	795283889	2175189	135281372	
"2997259"	"species"	"Simacauda dicommatias"	"GCA_977928735.1"	671	116	31	42.5		"Chromosome"	432335756	1467598	15122106	
"1594217"	"species"	"Adaina microdactyla"	"GCA_977928965.1"	364	148		33.5		"Scaffold"	277545864	2077401	9461369	
"1660662"	"species"	"Nemapogon clematella"	"GCA_977929065.1"	275	270	30	34.5		"Chromosome"	315617496	9928871	10586297	
"305662"	"species"	"Dioryctria abietella"	"GCA_977930215.1"	91	66		37.5		"Scaffold"	718215001	18149281	25466421	
"305662"	"species"	"Dioryctria abietella"	"GCA_977930225.1"	88	72	31	37.5		"Chromosome"	715157240	25247864	25374912	
"577748"	"species"	"Cis bilamellatus"	"GCA_977930235.1"	368	65	10	37.5		"Chromosome"	249050507	1966089	26646925	
"1230139"	"species"	"Graphomya maculata"	"GCA_977930245.1"	783	510	5	35.5		"Chromosome"	800665211	5775564	157749530	
"1230139"	"species"	"Graphomya maculata"	"GCA_977930255.1"	6635	6635		35.5		"Contig"	897598217	1227640	1227640	
"40880"	"species"	"Myrrhis odorata"	"GCA_977930265.1"	130	59	11	35.5		"Chromosome"	736044763	27588517	69712319	
"173237"	"species"	"Plagiochila carringtonii"	"GCA_977930285.1"	367	107	9	43.5		"Chromosome"	645866616	4603522	70766854	
"1690341"	"species"	"Limonia nubeculosa"	"GCA_977930295.1"	1402	587		32.5		"Scaffold"	619010940	1331406	217469383	
"577748"	"species"	"Cis bilamellatus"	"GCA_977930305.1"	23	22		38		"Scaffold"	2025902	254911	254911	
"1858012"	"species"	"Donacaula forficella"	"GCA_977930315.1"	92	52		37.5		"Scaffold"	1003886396	30626583	59750055	
"1869460"	"species"	"Anarsia spartiella"	"GCA_977930325.1"	151	47	31	36		"Chromosome"	430225814	13599180	14108706	
"1869460"	"species"	"Anarsia spartiella"	"GCA_977930335.1"	79	70		36		"Scaffold"	375118048	13649440	13688224	
"79235"	"species"	"Orobanche hederae"	"GCA_977930345.1"	726	501	19	40.5		"Chromosome"	2362870809	23231814	125328918	
"1690341"	"species"	"Limonia nubeculosa"	"GCA_977930355.1"	131	27	3	32.5		"Chromosome"	599129604	11633319	216307657	
"260772"	"species"	"Geheebia maxima"	"GCA_977930375.1"	1144	454	13	41.5		"Chromosome"	246124843	503336	16427198	
"40880"	"species"	"Myrrhis odorata"	"GCA_977930385.1"	187	144		35.5		"Scaffold"	725893129	25526408	69526942	
"96050"	"species"	"Phalaris arundinacea"	"GCA_977930405.1"	441	132	14	45.5		"Chromosome"	4271620721	35184847	302475469	
"241154"	"species"	"Acanthocardia echinata"	"GCA_977930415.1"	895	374		37.5		"Scaffold"	1337136037	4204171	69216805	
"493638"	"species"	"Achaius oratorius"	"GCA_977930425.1"	762	187	12	43		"Chromosome"	414125335	1400000	33518829	
"241154"	"species"	"Acanthocardia echinata"	"GCA_977930445.1"	819	287	19	37.5		"Chromosome"	1351164484	4250610	72125967	
"104445"	"species"	"Scopula ornata"	"GCA_977930455.1"	311	282	34	35.5		"Chromosome"	485026300	13893726	14138210	
"1858012"	"species"	"Donacaula forficella"	"GCA_977930485.1"	119	76	22	37.5		"Chromosome"	1009789909	27884302	59896743	
"104445"	"species"	"Scopula ornata"	"GCA_977930505.1"	256	226		35.5		"Scaffold"	476603444	14068354	14166156	
"3899"	"species"	"Trifolium repens"	"GCA_977963945.1"	283	160	16	34		"Chromosome"	968576916	17972000	59591716	
"200810"	"species"	"Ptychostomum pallens"	"GCA_977963955.1"	3110	1368	10	42.5		"Chromosome"	415236429	277603	30746562	
"8879"	"species"	"Mergus serrator"	"GCA_977964035.1"	3155	2559	40	43		"Chromosome"	1413260963	2748324	65261140	
"1430472"	"species"	"Agonopterix propinquella"	"GCA_977964075.1"	53	39		37.5		"Scaffold"	567584848	19290510	20920789	
"35896"	"species"	"Galium boreale"	"GCA_977964095.1"	255	143	11	39		"Chromosome"	490239048	10134286	42358925	
"1430472"	"species"	"Agonopterix propinquella"	"GCA_977964115.1"	60	41	29	37.5		"Chromosome"	568016808	19326741	20869582	
"2878346"	"species"	"Pandivirilia melaleuca"	"GCA_977964145.1"	1593	1226	6	37.5		"Chromosome"	1258653892	5717932	221829363	
"279270"	"species"	"Araneus quadratus"	"GCA_977964165.1"	1527	1108	13	32.5		"Chromosome"	2801562988	9545476	203466074	
"2878346"	"species"	"Pandivirilia melaleuca"	"GCA_977964205.1"	977	462		38		"Scaffold"	942200872	2960979	173661331	
"35896"	"species"	"Galium boreale"	"GCA_977964275.1"	538	237		39		"Scaffold"	1446920804	10065695	43169339	
"3899"	"species"	"Trifolium repens"	"GCA_977964325.1"	315	219		34		"Scaffold"	990935358	18584325	59664335	
"8879"	"species"	"Mergus serrator"	"GCA_977964335.1"	2172	1614	40	42.5		"Chromosome"	1320954292	3221568	65202210	
"279270"	"species"	"Araneus quadratus"	"GCA_977964365.1"	1202	733	13	32.5		"Chromosome"	2712528602	10002444	202042380	
"41241"	"species"	"Rumex acetosa"	"GCA_977966345.1"	1322	528	7	42		"Chromosome"	2949140773	6085371	435673935	
"988015"	"species"	"Papestra biren"	"GCA_977966375.1"	110	44		38.5		"Scaffold"	633726069	20390215	21336149	
"988015"	"species"	"Papestra biren"	"GCA_977966435.1"	90	61	31	38.5		"Chromosome"	633580179	20796513	21344442	
"202049"	"species"	"Nedyus quadrimaculatus"	"GCA_977969695.1"	7715	7583		34.5		"Scaffold"	966973085	343631	355897	
"37710"	"species"	"Lepas anatifera"	"GCA_977969705.1"	3204	381	16	47.5		"Chromosome"	794851039	507123	50852590	
"202049"	"species"	"Nedyus quadrimaculatus"	"GCA_977969715.1"	1841	1011	14	35		"Chromosome"	1228323131	3660000	67122161	
"37710"	"species"	"Lepas anatifera"	"GCA_977969725.1"	8335	2989		47.5		"Scaffold"	855174157	217599	49150430	
"89077"	"species"	"Claytonia sibirica"	"GCA_977969825.1"	645	517		36		"Scaffold"	1597565344	67537000	250299624	
"89077"	"species"	"Claytonia sibirica"	"GCA_977969855.1"	758	669	6	36		"Chromosome"	1599930087	105222000	257035737	
"1594224"	"species"	"Agonopterix kaekeritziana"	"GCA_977969875.1"	116	43	30	38.5		"Chromosome"	599620009	10744152	21715440	
"13731"	"species"	"Tragopogon porrifolius"	"GCA_977969905.1"	1014	653	6	37		"Chromosome"	2484366219	13318783	443605890	
"13731"	"species"	"Tragopogon porrifolius"	"GCA_977969915.1"	1536	1125	6	37		"Chromosome"	2529800043	13997101	457849510	
"1594224"	"species"	"Agonopterix kaekeritziana"	"GCA_977969945.1"	124	75		38.5		"Scaffold"	604011992	11696987	21808363	
"1101010"	"species"	"Idaea rusticata"	"GCA_977970255.1"	814	447		36		"Scaffold"	348426791	1395043	11928759	
"1101010"	"species"	"Idaea rusticata"	"GCA_977970295.1"	54	44	32	36		"Chromosome"	374573638	12838314	12914738	
"5804"	"species"	"Eimeria maxima"	"GCA_977970305.1"	401	401		43		"Contig"	10189601	26702	26702	
"5804"	"species"	"Eimeria maxima"	"GCA_977970315.1"	20	15	15	46.5		"Chromosome"	52685085	3407337	4103725	
"214143"	"species"	"Eupithecia satyrata"	"GCA_977971775.1"	60	53	30	38		"Chromosome"	444757438	16150028	16150028	
"214143"	"species"	"Eupithecia satyrata"	"GCA_977971785.1"	123	60	32	38		"Chromosome"	498585668	16346621	16505246	
"2560978"	"species"	"Aporophyla australis"	"GCA_977993525.1"	107	72		38		"Scaffold"	795307946	20561478	26816064	
"1441497"	"species"	"Aplasta ononaria"	"GCA_977993535.1"	83	69		36.5		"Scaffold"	283936040	9508179	10282136	
"2560978"	"species"	"Aporophyla australis"	"GCA_977993545.1"	87	72	31	38		"Chromosome"	789985784	25440755	27415040	
"2680170"	"species"	"Barylypa propugnator"	"GCA_977993575.1"	158	17	10	40		"Chromosome"	239724618	4731350	27840899	
"1126390"	"species"	"Gorytes laticinctus"	"GCA_977993595.1"	168	133		45		"Scaffold"	284306848	13144490	38230471	
"2680170"	"species"	"Barylypa propugnator"	"GCA_977993615.1"	168	39		40		"Scaffold"	238767266	6037524	27738571	
"1441497"	"species"	"Aplasta ononaria"	"GCA_977993635.1"	62	45	31	36.5		"Chromosome"	283888888	10308958	10308958	
"1126390"	"species"	"Gorytes laticinctus"	"GCA_977993655.1"	203	179	8	45		"Chromosome"	289229820	12401216	39206172	
"1421129"	"species"	"Kellia suborbicularis"	"GCA_977998085.1"	3459	2510		38.5		"Scaffold"	874970827	1684347	104675509	
"1421129"	"species"	"Kellia suborbicularis"	"GCA_977998095.1"	481	58	8	38		"Chromosome"	811020905	5558000	120141804	
"9755"	"species"	"Physeter macrocephalus"	"GCA_978012005.1"	1139	782	22	42		"Chromosome"	2787078145	43408382	120321103	
"334382"	"species"	"Cepola macrophthalma"	"GCA_978015425.1"	1076	544	24	44.5		"Chromosome"	575962900	2195000	20360156	
"1594227"	"species"	"Amblyptilia punctidactyla"	"GCA_978015435.1"	555	364	31	36.5		"Chromosome"	1016097411	12925332	31938278	
"334382"	"species"	"Cepola macrophthalma"	"GCA_978015445.1"	1270	737	24	44.5		"Chromosome"	586164271	2130000	20268416	
"1594227"	"species"	"Amblyptilia punctidactyla"	"GCA_978015455.1"	468	311		36.5		"Scaffold"	942284160	12474132	31182556	
"879036"	"species"	"Crudosilis ruficollis"	"GCA_978018155.1"	750	245	8	32		"Chromosome"	1193653282	3161911	101876541	
"350097"	"species"	"Aplotarsus incanus"	"GCA_978018165.1"	439	345	10	34.5		"Chromosome"	694430236	17310533	66135170	
"350097"	"species"	"Aplotarsus incanus"	"GCA_978018175.1"	513	445		34		"Scaffold"	632636614	15872020	68481933	
"879036"	"species"	"Crudosilis ruficollis"	"GCA_978018185.1"	7668	7664		32.5		"Scaffold"	1358389578	1118927	1123046	
"215256"	"species"	"Scapania undulata"	"GCA_978018195.1"	143	87	9	43		"Chromosome"	249890808	7519724	28623087	
"500459"	"species"	"Microlophium carnosum"	"GCA_978019865.1"	32	22	10	30		"Chromosome"	456971957	33914000	37251608	
"1271726"	"species"	"Leptocerus tineiformis"	"GCA_978019925.1"	25	22	21	33		"Chromosome"	455362437	21561740	21561740	